trace,xl,il,top_depth,base_depth,thickness_m,top_twt,base_twt,thickness_ms,deff_fixed,deff_Q,scale_loss_deff,jeta_norm,nh,Afix_phi,AQ_phi,loss_phi,lossmax_phi,Afix_Vsh,AQ_Vsh,loss_Vsh,lossmax_Vsh,Afix_Sw,AQ_Sw,loss_Sw,lossmax_Sw,Fence,thick_bin,h_over_lambda,hl_bin,Afix_phi_final,AQ_phi_final,loss_phi_final,Afix_Vsh_final,AQ_Vsh_final,loss_Vsh_final,Afix_Sw_final,AQ_Sw_final,loss_Sw_final,covariance_reweight_factor,scale_loss_deff_final
0,1999.9999999999416,10150.0,3217.8354125849,3288.141341415742,70.30592883084182,2738.253418,2775.3591309,37.10571290000007,6.660773288980358,6.655746388133368,0.0050269008469898,0.3646554202993435,18,0.758796632790956,0.7586383982698381,0.0001582345211178,0.0009955015331402,0.1054424013486442,0.1054185395209338,2.386182771033393e-05,0.0001373306603857,0.1866081799819808,0.1865692222047877,3.895777719308146e-05,0.0002450050514356,19A,"(35.0, 40.0]",0.4081628419000008,"(0.4, 0.45]",0.6504947538134134,0.6502982145560132,0.00019653925740015232,0.08411984848046368,0.08410035834332369,1.9490137139990815e-05,0.15932002939693216,0.1592856528913278,3.437650560436656e-05,0.6133531004802504,0.0030832652203079906
1,2001.0138888888173,10149.944444444443,3218.753524129076,3288.0487977681178,69.29527363904162,2738.7451172,2775.3110352,36.56591799999978,6.660773288980358,6.655746388133368,0.0050269008469898,0.3646554202993435,18,0.758796632790956,0.7586383982698381,0.0001582345211178,0.0009955015331402,0.1054424013486442,0.1054185395209338,2.386182771033393e-05,0.0001373306603857,0.1866081799819808,0.1865692222047877,3.895777719308146e-05,0.0002450050514356,19A,"(35.0, 40.0]",0.4022250979999976,"(0.4, 0.45]",0.6504947538134134,0.6502982145560132,0.00019653925740015232,0.08411984848046368,0.08410035834332369,1.9490137139990815e-05,0.15932002939693216,0.1592856528913278,3.437650560436656e-05,0.6133531004802504,0.0030832652203079906
2,2002.0277777777228,10149.888888888889,3219.459202764422,3287.944132015248,68.4849292508261,2739.1230469,2775.2565918,36.13354489999983,6.316286320044307,6.312146473198152,0.0041398468461553,0.3508976250093617,17,0.7592295888245495,0.7590863144222647,0.0001432744022847,0.0008946217595381,0.1054594897944195,0.1054378599596908,2.162983472862296e-05,0.0001246391374175,0.1867145368276216,0.186679263698414,3.527312920761099e-05,0.0002201964735368,19A,"(35.0, 40.0]",0.3974689938999982,"(0.35, 0.4]",0.6510327061655977,0.6508546557176111,0.00017805044798657743,0.08413380630627817,0.08411613909654055,1.766720973762903e-05,0.15941388157440156,0.1593827552066638,3.112636773774935e-05,0.6133176139123191,0.0025390409896464084
3,2003.0416666665988,10149.833333333334,3219.540346629157,3288.0671184305997,68.52677180144246,2739.1665039,2775.3205566,36.15405270000019,6.660773288980358,6.655746388133368,0.0050269008469898,0.3646554202993435,18,0.758796632790956,0.7586383982698381,0.0001582345211178,0.0009955015331402,0.1054424013486442,0.1054185395209338,2.386182771033393e-05,0.0001373306603857,0.1866081799819808,0.1865692222047877,3.895777719308146e-05,0.0002450050514356,19A,"(35.0, 40.0]",0.3976945797000021,"(0.35, 0.4]",0.6504947538134134,0.6502982145560132,0.00019653925740015232,0.08411984848046368,0.08410035834332369,1.9490137139990815e-05,0.15932002939693216,0.1592856528913278,3.437650560436656e-05,0.6133531004802504,0.0030832652203079906
4,2004.055555555504,10149.777777777776,3216.054171823382,3284.3886424246684,68.33447060128628,2739.0480957,2775.4309082,36.3828125,6.316286320044307,6.313500869993533,0.0027854500507746,0.2939826797880546,17,0.7592295888245495,0.7591237229449603,0.0001058658795892,0.0006226919941824,0.1054594897944195,0.1054425982854041,1.689150901540426e-05,8.842768276828838e-05,0.1867145368276216,0.1866884624131316,2.607441449004371e-05,0.0001532927754451,19A,"(35.0, 40.0]",0.4002109375,"(0.4, 0.45]",0.6510327061655977,0.6509011412501765,0.00013156491542121174,0.08413380630627817,0.08412000933760252,1.3796968675650056e-05,0.15941388157440156,0.1593908724687621,2.3009105639459904e-05,0.6133176139123191,0.0017083655788130256
5,2005.06944444438,10149.722222222224,3214.6997903655906,3284.4161057794504,69.71631541385977,2738.315918,2775.4453125,37.12939450000022,6.665579173153475,6.662572083239624,0.0030070899138507,0.2964025199417878,18,0.7589674590679193,0.7588596454049342,0.000107813662985,0.0006357061733033,0.1054806028136889,0.105463141376674,1.746143701487747e-05,8.966490161477214e-05,0.1866502271712356,0.1866236687018859,2.655846934963692e-05,0.0001564877800183,19A,"(35.0, 40.0]",0.4084233395000024,"(0.4, 0.45]",0.650706974304095,0.6505730304985479,0.00013394380554709873,0.08415105154871487,0.0841367889290799,1.4262619634969331e-05,0.15935713255300166,0.15933369684196722,2.3435711034441864e-05,0.6133409728190541,0.001844371453115554
6,2006.0833333332848,10149.666666666666,3212.7006448688294,3283.897265456839,71.19662058800941,2737.2351074,2775.1730957,37.93798830000014,6.321196093422935,6.318667509103564,0.0025285843193705,0.2825465178239444,17,0.7594144379473303,0.7593155937979458,9.884414938462548e-05,0.0005698233003808,0.1055000595116926,0.1054840529273913,1.6006584301316263e-05,8.131551700385486e-05,0.1867600336310134,0.186735685862942,2.434776807141012e-05,0.0001402841256724,19A,"(35.0, 40.0]",0.4173178713000015,"(0.4, 0.45]",0.6512624671088594,0.6511396010611374,0.00012286604772193677,0.08416694404362773,0.08415386963820018,1.3074405427554447e-05,0.15945403028900126,0.15943254448702374,2.1485801977527696e-05,0.613304437300438,0.0015507919831582357
7,2007.0972222221608,10149.611111111111,3210.6077010494555,3283.8875066569058,73.27980560745027,2736.1022949,2775.1679688,39.06567390000009,6.670257665159539,6.667553271140709,0.0027043940188304,0.285335046194202,18,0.7591358237260786,0.7590355108506187,0.00010031287546,0.0005793540931838,0.1055181675069636,0.105501657263876,1.6510243087599877e-05,8.212444101129979e-05,0.1866916681925715,0.1866669543499629,2.471384260864055e-05,0.0001426226950125,19A,"(35.0, 40.0]",0.429722412900001,"(0.4, 0.45]",0.6509161786720542,0.6507915281834626,0.00012465048859156003,0.08418173502545158,0.08416824911550054,1.348590995103871e-05,0.1593937013650563,0.159371893056424,2.1808308632298434e-05,0.6133290107532928,0.0016586833082563712
8,2008.1111111110656,10149.555555555557,3206.6762859172804,3282.1884997191137,75.51221380183324,2734.6391602,2775.2001953,40.561035100000026,7.019109320969807,7.017348434585206,0.0017608863846012,0.2523461549095485,19,0.7588841799256796,0.7588071355283301,7.704439734941633e-05,0.0003782372120604,0.1055337936905759,0.1055200300368576,1.3763653718231564e-05,5.45732013881306e-05,0.1866299190728512,0.1866109241389496,1.899493390153238e-05,9.312873724687254e-05,19A,"(40.0, 45.0]",0.4461713861000003,"(0.4, 0.45]",0.6506035097998996,0.650507800311084,9.570948881554298e-05,0.08419449890996167,0.0841832563849265,1.1242525035162765e-05,0.15933921227100278,0.15932245087067787,1.676140032491613e-05,0.6133511627328406,0.001080041711435574
9,2009.1249999999416,10149.5,3207.0254937212403,3285.057599475006,78.03210575376579,2734.829834,2776.7160645,41.88623049999978,7.363173734091523,7.36119080473441,0.0019829293571129,0.2637726426775844,20,0.758508014413898,0.7584258988369813,8.211557691656379e-05,0.0004248018486772,0.1055146877383316,0.1055000461901083,1.4641548223304212e-05,6.0109722139767285e-05,0.1865375016869545,0.1865172557535888,2.0245933365670157e-05,0.0001045736985038,19A,"(40.0, 45.0]",0.4607485354999976,"(0.45, 0.5]",0.6501362955871569,0.6500343320586205,0.00010196352853641955,0.08417889266968454,0.0841669331623291,1.1959507355441268e-05,0.1592576629293226,0.15923979822690973,1.786470241288418e-05,0.6133817437213194,0.0012162926667421054
10,2010.1388888888173,10149.444444444443,3204.3708880217155,3284.617228866945,80.2463408452295,2733.3803711,2776.4836426,43.10327150000012,7.363173734091523,7.36119080473441,0.0019829293571129,0.2637726426775844,20,0.758508014413898,0.7584258988369813,8.211557691656379e-05,0.0004248018486772,0.1055146877383316,0.1055000461901083,1.4641548223304212e-05,6.0109722139767285e-05,0.1865375016869545,0.1865172557535888,2.0245933365670157e-05,0.0001045736985038,19A,"(40.0, 45.0]",0.4741359865000012,"(0.45, 0.5]",0.6501362955871569,0.6500343320586205,0.00010196352853641955,0.08417889266968454,0.0841669331623291,1.1959507355441268e-05,0.1592576629293226,0.15923979822690973,1.786470241288418e-05,0.6133817437213194,0.0012162926667421054
11,2011.1527777777228,10149.388888888889,3198.566982992966,3284.617228866945,86.05024587397884,2730.204834,2776.4836426,46.27880860000005,8.060637343412104,8.058588196826701,0.0020491465854028,0.2676787587944056,22,0.7581275884196768,0.7580472530401475,8.033537952932924e-05,0.0004351748759322,0.1055443363365604,0.1055296816181316,1.4654718428839455e-05,5.943742169778332e-05,0.1864441653486716,0.1864243529837605,1.9812364911073946e-05,0.0001070877948188,19A,"(45.0, 50.0]",0.5090668946000005,"(0.5, 0.55]",0.6496640011246406,0.6495642928627557,9.97082618848788e-05,0.08420311047598249,0.08419114005051824,1.1970425464247203e-05,0.15917530545200365,0.15915782390909144,1.7481542912201053e-05,0.613415590024979,0.0012569784617325296
12,2012.1666666665988,10149.333333333334,3193.9225790529645,3281.437764476641,87.51518542367648,2728.5280762,2775.9401855,47.41210929999989,8.065203013192326,8.063655969648748,0.001547043543578,0.240543779465763,22,0.7582605754077982,0.7581938973680414,6.667803975690667e-05,0.0002679734709479,0.1055745186545071,0.1055618131295208,1.2705524986298602e-05,3.710452525440555e-05,0.1864768998149646,0.186460450809356,1.6449005608583494e-05,6.59504590907467e-05,19A,"(45.0, 50.0]",0.5215332022999988,"(0.5, 0.55]",0.6498290787627524,0.6497463076194563,8.277114329613422e-05,0.08422776457296519,0.08421738616255436,1.037841041082177e-05,0.15920418915092804,0.15918967510593512,1.4514044992919306e-05,0.613406179734454,0.0009489660699490333
13,2013.180555555504,10149.277777777776,3190.223988735317,3278.37224509826,88.14825636294245,2726.4846191,2774.309082,47.82446290000007,8.065203013192326,8.063722145400664,0.0014808677916615,0.2366322111752942,22,0.7582605754077982,0.7581958666684249,6.470873937340007e-05,0.0002497458274354,0.1055745186545071,0.1055621244416735,1.2394212833661216e-05,3.258128070715571e-05,0.1864768998149646,0.1864609363555928,1.5963459371780665e-05,6.137264869088277e-05,19A,"(45.0, 50.0]",0.5260690919000008,"(0.5, 0.55]",0.6498290787627524,0.6497487521275082,8.032663524426553e-05,0.08422776457296519,0.08421764045478057,1.0124118184615116e-05,0.15920418915092804,0.15919010353424684,1.4085616681203117e-05,0.613406179734454,0.0009083734547748781
14,2014.19444444438,10149.222222222224,3187.073413314161,3275.066799948686,87.993386634525,2724.7414551,2772.5480957,47.80664059999981,8.065203013192326,8.063768948377387,0.0014340648149389,0.2337319505496292,22,0.7582605754077982,0.7581973785738559,6.319683394221095e-05,0.0002777035412733,0.1055745186545071,0.1055623809144817,1.2137740025432796e-05,3.338784811068862e-05,0.1864768998149646,0.1864613094681336,1.559034683094747e-05,6.824311522635185e-05,19A,"(45.0, 50.0]",0.5258730465999979,"(0.5, 0.55]",0.6498290787627524,0.6497506288714734,7.844989127903101e-05,0.08422776457296519,0.0842178499520622,9.914620902981564e-06,0.15920418915092804,0.1591904327552118,1.375639571624121e-05,0.613406179734454,0.0008796642196232674
15,2015.2083333332848,10149.166666666666,3184.7327949958885,3275.066799948686,90.3340049527974,2723.4448242,2772.5480957,49.10327150000012,8.065203013192326,8.063768948377387,0.0014340648149389,0.2337319505496292,22,0.7582605754077982,0.7581973785738559,6.319683394221095e-05,0.0002777035412733,0.1055745186545071,0.1055623809144817,1.2137740025432796e-05,3.338784811068862e-05,0.1864768998149646,0.1864613094681336,1.559034683094747e-05,6.824311522635185e-05,19A,"(45.0, 50.0]",0.5401359865000014,"(0.5, 0.55]",0.6498290787627524,0.6497506288714734,7.844989127903101e-05,0.08422776457296519,0.0842178499520622,9.914620902981564e-06,0.15920418915092804,0.1591904327552118,1.375639571624121e-05,0.613406179734454,0.0008796642196232674
16,2016.2222222221608,10149.111111111111,3177.722902918477,3271.073551118378,93.35064819990112,2721.2485352,2772.375,51.12646480000012,8.413684727997884,8.412215613399963,0.0014691145979206,0.2382830497124787,23,0.7580857807833631,0.7580252523601286,6.052842323463505e-05,0.0004171530564152,0.1055861725096307,0.1055746874455325,1.1485064098151392e-05,4.9043082959943085e-05,0.1864340088887768,0.1864190814387371,1.492745003974493e-05,0.0001024923978617,19A,"(50.0, 55.0]",0.5623911128000013,"(0.55, 0.6]",0.6496121103914332,0.6495369883700133,7.512202141990443e-05,0.08423728398735428,0.084227902449018,9.381538336281081e-06,0.15916634383139486,0.15915317255498065,1.3171276414203348e-05,0.6134216157895829,0.0009011866504365179
17,2017.2361111110656,10149.055555555557,3175.3514382195285,3270.6261879060867,95.27474968655817,2719.9226074,2772.1347656,52.212158199999976,8.761919291283586,8.76037351248304,0.0015457788005459,0.2454584477836136,24,0.7579167921367335,0.7578572465667621,5.954556997124494e-05,0.0004413908414833,0.1055956053510881,0.105584320479382,1.12848717060271e-05,5.098683086546263e-05,0.1863925379582317,0.1863778539810542,1.468397717746539e-05,0.0001084284212801,19A,"(50.0, 55.0]",0.5743337401999997,"(0.55, 0.6]",0.64940239149028,0.6493285040194963,7.388747078374003e-05,0.0842449892105439,0.0842357711590003,9.218051543594119e-06,0.1591297520168908,0.15911679576204596,1.295625484484808e-05,0.6134364297506181,0.0009482370285910696
18,2018.2499999999416,10149.0,3173.1509187372617,3267.531358291936,94.38043955467448,2718.6906738,2770.4724121,51.78173830000014,8.413684727997884,8.412150396131443,0.0015343318664413,0.2412770948147977,23,0.7580857807833631,0.7580242644467982,6.151633656510487e-05,0.0004548677051207,0.1055861725096307,0.105574652301203,1.1520208427651111e-05,5.3460216676848304e-05,0.1864340088887768,0.1864188402932919,1.516859548488864e-05,0.0001117592022901,19A,"(50.0, 55.0]",0.5695991213000016,"(0.55, 0.6]",0.6496121103914332,0.649535762312202,7.634807923118103e-05,0.08423728398735428,0.08422787374155818,9.410245796093175e-06,0.15916634383139486,0.15915295978021707,1.3384051177789402e-05,0.6134216157895829,0.0009411923326698687
19,2019.2638888888173,10148.944444444443,3171.5164333939742,3267.531358291936,96.01492489796192,2717.7751465,2770.4724121,52.69726559999981,8.761919291283586,8.760292966283044,0.0016263250005419,0.2490944201578735,24,0.7579167921367335,0.7578560058564724,6.078628026115011e-05,0.0004817326393412,0.1055956053510881,0.1055842646452317,1.1340705856381176e-05,5.563278806497429e-05,0.1863925379582317,0.1863775509567969,1.49870014348417e-05,0.0001183391536073,19A,"(50.0, 55.0]",0.5796699215999979,"(0.55, 0.6]",0.64940239149028,0.6493269645321802,7.542695809981126e-05,0.0842449892105439,0.08423572555097132,9.26365957257258e-06,0.1591297520168908,0.15911652839245827,1.3223624432540104e-05,0.6134364297506181,0.0009976470019465952
20,2020.2777777777228,10148.888888888889,3169.09692300376,3265.678842628313,96.58191962455294,2717.173584,2770.4724121,53.29882809999981,8.761919291283586,8.759980321058794,0.001938970224792,0.2630987872709567,24,0.7579167921367335,0.7578504858759212,6.630626081215174e-05,0.00059369094735,0.1055956053510881,0.10558384432458,1.1761026508095664e-05,6.852343205432376e-05,0.1863925379582317,0.1863761991753837,1.633878284796238e-05,0.0001458439960929,19A,"(50.0, 55.0]",0.5862871090999979,"(0.55, 0.6]",0.64940239149028,0.6493201153054617,8.227618481826404e-05,0.0842449892105439,0.08423538221281181,9.60699773208673e-06,0.1591297520168908,0.159115335665728,1.441635116281037e-05,0.6134364297506181,0.001189434972089158
21,2021.2916666665988,10148.833333333334,3167.615263247272,3258.4346942672923,90.8194310200206,2716.3383789,2766.5517578,50.21337889999995,8.413684727997884,8.411583385516591,0.0021013424812927,0.2674047914209356,23,0.7580857807833631,0.7580136838335018,7.209694986126428e-05,0.0006458160019724,0.1055861725096307,0.1055737629323961,1.2409577234637563e-05,7.581467663142494e-05,0.1864340088887768,0.18641624717587,1.7761712906784528e-05,0.0001586770917724,19A,"(50.0, 55.0]",0.5523471678999995,"(0.55, 0.6]",0.6496121103914332,0.6495226312465318,8.947914490142761e-05,0.08423728398735428,0.08422714726550089,1.0136721853390429e-05,0.15916634383139486,0.15915067174336503,1.567208802982778e-05,0.6134216157895829,0.0012890089002018594
22,2022.305555555504,10148.777777777776,3165.181389206776,3249.5894947447987,84.40810553802248,2714.9645996,2761.7480469,46.78344730000026,7.716498811393528,7.7144054318560915,0.0020933795374364,0.2665789794660495,21,0.7584476216959257,0.7583696300083509,7.799168757459198e-05,0.0006512610984631,0.1055614686351749,0.1055483631210462,1.310551412875547e-05,7.91490385823046e-05,0.1865227953096874,0.1865035826623199,1.921264736754707e-05,0.0001600690081174,19A,"(45.0, 50.0]",0.5146179203000029,"(0.5, 0.55]",0.6500613045319713,0.6499644683514822,9.683618048905718e-05,0.08421710476582639,0.08420639969148999,1.070507433639789e-05,0.1592446862336896,0.15922773337355536,1.6952860134228365e-05,0.6133896275281773,0.0012840572947432213
23,2023.31944444438,10148.722222222224,3163.355947903643,3248.7754272480074,85.41947934436439,2713.9335938,2761.3051758,47.37158200000022,8.065203013192326,8.062915761211864,0.0022872519804622,0.2744531379328985,22,0.7582605754077982,0.7581816932172483,7.888219055010329e-05,0.0006941930206415,0.1055745186545071,0.1055613448998961,1.3173754611068238e-05,8.294697566191278e-05,0.1864768998149646,0.1864574702742731,1.942954069153205e-05,0.0001705938546462,19A,"(45.0, 50.0]",0.5210874020000024,"(0.5, 0.55]",0.6498290787627524,0.6497311586381164,9.792012463605282e-05,0.08422776457296519,0.08421700369392399,1.076087904119949e-05,0.15920418915092804,0.1591870451919925,1.7143958935539327e-05,0.613406179734454,0.001403014499425382
24,2024.3333333332848,10148.666666666666,3157.964468048672,3244.1479166819618,86.18344863328957,2712.7387695,2760.7861328,48.04736329999969,8.065203013192326,8.062356195522538,0.0028468176697877,0.300014273879296,22,0.7582605754077982,0.7581694290148623,9.11463929358672e-05,0.0008131130909246,0.1055745186545071,0.1055600596129792,1.4459041527980045e-05,9.707480845144724e-05,0.1864768998149646,0.1864544591850709,2.244062989364465e-05,0.0001998181252256,19A,"(45.0, 50.0]",0.5285209962999966,"(0.5, 0.55]",0.6498290787627524,0.6497159353352232,0.00011314342752921647,0.08422776457296519,0.0842159538207294,1.1810752235788535e-05,0.15920418915092804,0.15918438832108675,1.9800829841293277e-05,0.613406179734454,0.0017462555512250133
25,2025.3472222221608,10148.611111111111,3156.1603591377307,3244.1479166819618,87.9875575442311,2711.713623,2760.7861328,49.07250979999981,8.065203013192326,8.062356195522538,0.0028468176697877,0.300014273879296,22,0.7582605754077982,0.7581694290148623,9.11463929358672e-05,0.0008131130909246,0.1055745186545071,0.1055600596129792,1.4459041527980045e-05,9.707480845144724e-05,0.1864768998149646,0.1864544591850709,2.244062989364465e-05,0.0001998181252256,19A,"(45.0, 50.0]",0.5397976077999979,"(0.5, 0.55]",0.6498290787627524,0.6497159353352232,0.00011314342752921647,0.08422776457296519,0.0842159538207294,1.1810752235788535e-05,0.15920418915092804,0.15918438832108675,1.9800829841293277e-05,0.613406179734454,0.0017462555512250133
26,2026.3611111110656,10148.555555555557,3154.5063128197944,3240.3571569358623,85.85084411606795,2710.7722168,2758.7106934,47.93847659999983,8.065203013192326,8.062119692568894,0.0030833206234319,0.3103650572907479,22,0.7582605754077982,0.7581641800807838,9.639532701430617e-05,0.0008582350618054,0.1055745186545071,0.1055594962375149,1.5022416992279988e-05,0.0001024337765784,0.1864768998149646,0.1864531702149952,2.3729599969394982e-05,0.0002109067331068,19A,"(45.0, 50.0]",0.5273232425999981,"(0.5, 0.55]",0.6498290787627524,0.6497094200084975,0.00011965875425490324,0.08422776457296519,0.08421549363355758,1.2270939407602044e-05,0.15920418915092804,0.1591832509836599,2.0938167268141905e-05,0.613406179734454,0.0018913279245158167
27,2027.3749999999416,10148.5,3152.7281799898246,3239.6470218392965,86.91884184947185,2709.7600098,2758.3215332,48.56152340000017,7.716498811393528,7.713339953417418,0.0031588579761097,0.3120324251921066,21,0.7584476216959257,0.75834380458893,0.0001038171069956,0.0008562064565358,0.1055614686351749,0.1055455170099615,1.5951625213442684e-05,0.0001038552901846,0.1865227953096874,0.1864972391210796,2.55561886077782e-05,0.0002104406215291,19A,"(45.0, 50.0]",0.5341767574000018,"(0.5, 0.55]",0.6500613045319713,0.6499324049167325,0.00012889961523876448,0.08421710476582639,0.08420407488984054,1.3029875985851036e-05,0.1592446862336896,0.15922213598391635,2.255024977323994e-05,0.6133896275281773,0.0019376107173803409
28,2028.3888888888173,10148.444444444443,3148.697459637576,3232.490971260172,83.79351162259536,2709.1350098,2756.1535645,47.018554700000095,7.716498811393528,7.712759255510451,0.0037395558830768,0.3349136689638565,21,0.7584476216959257,0.7583295580197918,0.0001180636761338,0.0009502788343053,0.1055614686351749,0.1055439062353476,1.7562399827324754e-05,0.0001151872803022,0.1865227953096874,0.1864937389592619,2.9056350425536e-05,0.0002335617779664,19A,"(45.0, 50.0]",0.5172041017000011,"(0.5, 0.55]",0.6500613045319713,0.6499147175714073,0.00014658696056402132,0.08421710476582639,0.0842027591549325,1.434561089388997e-05,0.1592446862336896,0.15921904752999444,2.56387036951522e-05,0.6133896275281773,0.0022938047902412825
29,2029.4027777777228,10148.388888888889,3147.3663017521258,3232.113967877253,84.74766612512713,2708.3737793,2755.9460449,47.57226559999981,8.065203013192326,8.06130169668268,0.0039013165096459,0.3445130159533466,22,0.7582605754077982,0.7581458411337253,0.0001147342740728,0.0009999330057676,0.1055745186545071,0.1055574913973206,1.7027257186537486e-05,0.0001192570475132,0.1864768998149646,0.1864486660457558,2.8233769208831717e-05,0.000245728657225,19A,"(45.0, 50.0]",0.5232949215999979,"(0.5, 0.55]",0.6498290787627524,0.6496866568030519,0.00014242195970048943,0.08422776457296519,0.08421385600241849,1.3908570546700139e-05,0.15920418915092804,0.15917927668277113,2.4912468156917944e-05,0.613406179734454,0.0023930916561168457
30,2030.4166666665988,10148.333333333334,3145.609030239095,3227.096657427662,81.48762718856779,2707.3679199,2753.1787109,45.810791000000336,7.367804655049277,7.363233759047582,0.0045708960016943,0.3515538625887169,20,0.7586553398086986,0.7585099167825137,0.0001454230261849,0.0010377247049524,0.1055480005143075,0.1055271402027174,2.086031159004298e-05,0.0001273724146535,0.1865737652264361,0.1865379817064049,3.5783520031129615e-05,0.000255085033911,19A,"(45.0, 50.0]",0.5039187010000037,"(0.5, 0.55]",0.6503192554709725,0.6501386578899728,0.00018059758099964185,0.08420610350163919,0.08418906415218713,1.703934945206098e-05,0.15928966164783684,0.1592580864927332,3.157515510363029e-05,0.6133713075631706,0.002803656457294501
31,2031.430555555504,10148.277777777776,3144.963275637246,3227.096657427662,82.13338179041648,2706.998291,2753.1787109,46.18041990000029,7.367804655049277,7.363233759047582,0.0045708960016943,0.3515538625887169,20,0.7586553398086986,0.7585099167825137,0.0001454230261849,0.0010377247049524,0.1055480005143075,0.1055271402027174,2.086031159004298e-05,0.0001273724146535,0.1865737652264361,0.1865379817064049,3.5783520031129615e-05,0.000255085033911,19A,"(45.0, 50.0]",0.5079846189000032,"(0.5, 0.55]",0.6503192554709725,0.6501386578899728,0.00018059758099964185,0.08420610350163919,0.08418906415218713,1.703934945206098e-05,0.15928966164783684,0.1592580864927332,3.157515510363029e-05,0.6133713075631706,0.002803656457294501
32,2032.44444444438,10148.222222222224,3143.3857900059884,3224.8652532738824,81.47946326789406,2707.2617188,2753.1787109,45.91699210000024,7.716498811393528,7.711860238077334,0.0046385733161944,0.3684184059981345,21,0.7584476216959257,0.7583073761462232,0.0001402455497024,0.0010827122948599,0.1055614686351749,0.105541368457145,2.010017802990208e-05,0.0001311329925876,0.1865227953096874,0.1864882886638631,3.450664582434138e-05,0.0002661113279468,19A,"(45.0, 50.0]",0.5050869131000026,"(0.5, 0.55]",0.6500613045319713,0.6498871790111288,0.0001741255208425052,0.08421710476582639,0.0842006862142431,1.6418551583283203e-05,0.1592446862336896,0.15921423833545123,3.044789823836158e-05,0.6133896275281773,0.002845252758682625
33,2033.4583333332848,10148.166666666666,3142.6809243145094,3218.62291367256,75.94198935805025,2706.8569336,2749.7192383,42.862304700000095,7.019109320969807,7.013298123296203,0.0058111976736041,0.3843860275962457,19,0.7588841799256796,0.7587026752958381,0.0001815046298414,0.001176035039113,0.1055337936905759,0.1055086521603688,2.5141530207004486e-05,0.0001453598801908,0.1866299190728512,0.1865852654045505,4.465366830070109e-05,0.0002891020097157,19A,"(40.0, 45.0]",0.471485351700001,"(0.45, 0.5]",0.6506035097998996,0.6503780470511054,0.00022546274879420292,0.08419449890996167,0.08417396268015284,2.05362298088263e-05,0.15933921227100278,0.15929980941960803,3.940285139475419e-05,0.6133511627328406,0.003564304849975453
34,2034.4722222221608,10148.111111111111,3140.857966679774,3220.789106905887,79.9311402261128,2705.8100586,2750.9208984,45.11083980000012,7.367804655049277,7.362496437461242,0.005308217588035,0.3736932955365744,20,0.7586553398086986,0.7584909795564697,0.0001643602522287,0.0011353116211927,0.1055480005143075,0.1055249070978627,2.309341644478602e-05,0.0001392570837003,0.1865737652264361,0.1865333274183476,4.0437808088461535e-05,0.0002790725555198,19A,"(45.0, 50.0]",0.4962192378000013,"(0.45, 0.5]",0.6503192554709725,0.6501151424623187,0.00020411300865375015,0.08420610350163919,0.08418724009240862,1.8863409230573946e-05,0.15928966164783684,0.15925397960780957,3.568204002726838e-05,0.6133713075631706,0.0032559083628028473
35,2035.4861111110656,10148.055555555557,3139.7119153124486,3220.789106905887,81.07719159343833,2705.1516113,2750.9208984,45.76928710000038,7.716498811393528,7.711511817427735,0.0049869939657929,0.3808898876662278,21,0.7584476216959257,0.758298751257453,0.0001488704384726,0.0011308850501642,0.1055614686351749,0.1055403745840852,2.1094051089758687e-05,0.0001369315525852,0.1865227953096874,0.1864861693155493,3.6625994138196815e-05,0.0002779512480746,19A,"(45.0, 50.0]",0.5034621581000042,"(0.5, 0.55]",0.6500613045319713,0.649876471498527,0.00018483303344429824,0.08421710476582639,0.08419987438669298,1.7230379133412188e-05,0.1592446862336896,0.15921236828186142,3.231795182817576e-05,0.6133896275281773,0.0030589703711629748
36,2036.4999999999416,10148.0,3138.563440368081,3217.8184445020643,79.25500413398322,2705.5361328,2750.3747559,44.83862309999995,7.367804655049277,7.361746903409342,0.0060577516399344,0.3953795149286323,20,0.7586553398086986,0.7584717074075836,0.0001836324011148,0.0012297903596155,0.1055480005143075,0.1055226251215033,2.5375392804122264e-05,0.000150759108815,0.1865737652264361,0.186528590651662,4.517457477406506e-05,0.0003022960492339,19A,"(40.0, 45.0]",0.4932248540999994,"(0.45, 0.5]",0.6503192554709725,0.6500912116829545,0.0002280437880179953,0.08420610350163919,0.08418537611498031,2.072738665888363e-05,0.15928966164783684,0.1592497999518439,3.98616959929321e-05,0.6133713075631706,0.003715651044279504
37,2037.5138888888173,10147.944444444443,3136.0125257067,3212.732125404781,76.71959969808131,2704.0666504,2747.5446777,43.47802730000012,7.019109320969807,7.012457428853968,0.0066518921158396,0.4068550637744716,19,0.7588841799256796,0.7586811667529804,0.0002030131726993,0.0012788115432538,0.1055337936905759,0.1055060786719417,2.7715018634171485e-05,0.000157925802698,0.1866299190728512,0.1865799784862847,4.9940586566505673e-05,0.0003143660908553,19A,"(40.0, 45.0]",0.4782583003000014,"(0.45, 0.5]",0.6506035097998996,0.6503513326213747,0.00025217717852488164,0.08419449890996167,0.08417186060370015,2.2638306261521524e-05,0.15933921227100278,0.15929514423100577,4.406803999701392e-05,0.6133511627328406,0.004079945763623634
38,2038.5277777777228,10147.888888888889,3135.791676873297,3212.554532097754,76.76285522445687,2703.939209,2747.4458008,43.50659180000002,7.367804655049277,7.361286558555465,0.0065180964938118,0.4083405721168822,20,0.7586553398086986,0.7584598616446732,0.0001954781640255,0.0012859010461023,0.1055480005143075,0.1055212186204716,2.6781893835847724e-05,0.0001575886539423,0.1865737652264361,0.1865256790971011,4.808612933502876e-05,0.0003160884224658,19A,"(40.0, 45.0]",0.4785725098000002,"(0.45, 0.5]",0.6503192554709725,0.650076502730596,0.00024275274037643957,0.08420610350163919,0.08418422724944577,2.187625219342293e-05,0.15928966164783684,0.1592472308407889,4.2430807047938446e-05,0.6133713075631706,0.003998013369232261
39,2039.5416666665988,10147.833333333334,3136.0642304758626,3212.771590683904,76.70736020804134,2704.0964355,2747.5666504,43.47021489999997,7.019109320969807,7.012457428853968,0.0066518921158396,0.4068550637744716,19,0.7588841799256796,0.7586811667529804,0.0002030131726993,0.0012788115432538,0.1055337936905759,0.1055060786719417,2.7715018634171485e-05,0.000157925802698,0.1866299190728512,0.1865799784862847,4.9940586566505673e-05,0.0003143660908553,19A,"(40.0, 45.0]",0.4781723638999997,"(0.45, 0.5]",0.6506035097998996,0.6503513326213747,0.00025217717852488164,0.08419449890996167,0.08417186060370015,2.2638306261521524e-05,0.15933921227100278,0.15929514423100577,4.406803999701392e-05,0.6133511627328406,0.004079945763623634
40,2040.555555555504,10147.777777777776,3133.695088864657,3207.7842312741745,74.08914240951799,2703.6518555,2745.7814941,42.12963860000036,6.670257665159539,6.663184751596432,0.0070729135631069,0.4504724814243419,18,0.7591358237260786,0.7589139459693963,0.0002218777566824,0.0013052766077955,0.1055181675069636,0.1054884405028964,2.972700406725062e-05,0.000161232833875,0.1866916681925715,0.1866370932547111,5.4574937860399045e-05,0.0003208687354639,19A,"(40.0, 45.0]",0.4634260246000039,"(0.45, 0.5]",0.6509161786720542,0.6506404894246176,0.0002756892474365946,0.08418173502545158,0.08415745346278417,2.428156266741366e-05,0.1593937013650563,0.15934554290108138,4.815846397490664e-05,0.6133290107532928,0.0043380230788039025
41,2041.56944444438,10147.722222222224,3134.15749645835,3207.9081140628023,73.75061760445215,2703.9191895,2745.8508301,41.93164060000026,6.670257665159539,6.663184751596432,0.0070729135631069,0.4504724814243419,18,0.7591358237260786,0.7589139459693963,0.0002218777566824,0.0013052766077955,0.1055181675069636,0.1054884405028964,2.972700406725062e-05,0.000161232833875,0.1866916681925715,0.1866370932547111,5.4574937860399045e-05,0.0003208687354639,19A,"(40.0, 45.0]",0.4612480466000029,"(0.45, 0.5]",0.6509161786720542,0.6506404894246176,0.0002756892474365946,0.08418173502545158,0.08415745346278417,2.428156266741366e-05,0.1593937013650563,0.15934554290108138,4.815846397490664e-05,0.6133290107532928,0.0043380230788039025
42,2042.5833333332848,10147.666666666666,3134.559516423112,3208.6398923609254,74.08037593781319,2704.1516113,2746.2597656,42.10815430000002,7.019109320969807,7.011428906461347,0.0076804145084601,0.4333667849027547,19,0.7588841799256796,0.7586548569228949,0.0002293230027846,0.0013996141892002,0.1055337936905759,0.1055029219400655,3.087175051037271e-05,0.0001726878346278,0.1866299190728512,0.1865735112430515,5.640782979963645e-05,0.0003440612151207,19A,"(40.0, 45.0]",0.4631896973000003,"(0.45, 0.5]",0.6506035097998996,0.65031865573454,0.00028485406535960767,0.08419449890996167,0.08416928212575599,2.5216784205681075e-05,0.15933921227100278,0.15928943753304936,4.977473795342302e-05,0.6133511627328406,0.004710791169034181
43,2043.5972222221608,10147.611111111111,3135.608062579553,3208.279384004337,72.6713214247834,2704.7578125,2746.0583496,41.30053709999993,7.019109320969807,7.011428906461347,0.0076804145084601,0.4333667849027547,19,0.7588841799256796,0.7586548569228949,0.0002293230027846,0.0013996141892002,0.1055337936905759,0.1055029219400655,3.087175051037271e-05,0.0001726878346278,0.1866299190728512,0.1865735112430515,5.640782979963645e-05,0.0003440612151207,19A,"(40.0, 45.0]",0.4543059080999992,"(0.45, 0.5]",0.6506035097998996,0.65031865573454,0.00028485406535960767,0.08419449890996167,0.08416928212575599,2.5216784205681075e-05,0.15933921227100278,0.15928943753304936,4.977473795342302e-05,0.6133511627328406,0.004710791169034181
44,2044.6111111110656,10147.555555555557,3137.21489714918,3213.319725484805,76.10482833562492,2706.1027832,2749.3754883,43.27270510000017,7.019109320969807,7.0113782169113055,0.0077311040585019,0.4346583038466465,19,0.7588841799256796,0.7586535595300251,0.0002306203956544,0.0014054207684025,0.1055337936905759,0.1055027660598048,3.1027630770990256e-05,0.0001733967972696,0.1866299190728512,0.1865731923264705,5.672674638067473e-05,0.0003454885512501,19A,"(40.0, 45.0]",0.4759997561000019,"(0.45, 0.5]",0.6506035097998996,0.6503170443950771,0.00028646540482246685,0.08419449890996167,0.08416915479992379,2.5344110037878176e-05,0.15933921227100278,0.15928915612127695,5.005614972583561e-05,0.6133511627328406,0.004741881663490724
45,2045.6249999999416,10147.5,3137.065854852151,3206.4384163272657,69.37256147511471,2706.0166016,2745.5231934,39.50659180000002,6.321196093422935,6.314980500548538,0.0062155928743967,0.4680839406849816,17,0.7594144379473303,0.7591886626600478,0.0002257752872825,0.0011849402112514,0.1055000595116926,0.1054703218631211,2.9737648571471302e-05,0.0001456219958859,0.1867600336310134,0.1867045080350158,5.552559599766696e-05,0.0002912659539304,19A,"(35.0, 40.0]",0.4345725098000003,"(0.4, 0.45]",0.6512624671088594,0.6509818431835984,0.0002806239252609588,0.08416694404362773,0.08414265398525406,2.4290058373677148e-05,0.15945403028900126,0.15940503174138776,4.899854761350464e-05,0.613304437300438,0.0038120506903204805
46,2046.6388888888173,10147.444444444443,3141.559817824063,3205.286888824184,63.727071000121214,2708.6135254,2744.8774414,36.26391599999988,5.972014965399698,5.965437258210453,0.0065777071892449,0.4672634754746115,16,0.7597376814848974,0.7594622381787764,0.000275443306121,0.0012655586001285,0.1054792866015329,0.1054440064582038,3.528014332908336e-05,0.0001542336342621,0.1868393523694015,0.186771626261293,6.772610810859558e-05,0.000311053296362,19A,"(35.0, 40.0]",0.3989030759999987,"(0.35, 0.4]",0.6516643682960257,0.6513218892940352,0.00034247900199047,0.08414997645381636,0.08412115952779499,2.8816926021371647e-05,0.15952402678578723,0.15946426032599234,5.9766459794885485e-05,0.6132759426975805,0.004033949577272818
47,2047.6527777777228,10147.388888888889,3153.4195567357506,3207.137604542522,53.71804780677121,2715.4416504,2745.9152832,30.473632799999905,4.92634615043763,4.920263972207224,0.0060821782304065,0.4823636412389767,13,0.7611647292979822,0.7608369877306065,0.0003277415673756,0.0013110577185182,0.1053868393083485,0.10534755374916,3.928555918850321e-05,0.0001532212728764,0.1871895498472809,0.1871090167761403,8.053307114066829e-05,0.0003220920197101,19A,"(30.0, 35.0]",0.3352099607999989,"(0.3, 0.35]",0.653440512253386,0.6530323301853045,0.00040818206808146407,0.0840744662055509,0.08404237901414605,3.208719140485039e-05,0.15983308981634947,0.1597620127716011,7.10770447483744e-05,0.613150115725158,0.003729288285834782
48,2048.6666666665988,10147.333333333334,3160.6813926047016,3201.512339687902,40.8309470832005,2720.3884277,2743.5859375,23.197509799999807,3.89811105790194,3.892762451950317,0.0053486059516232,0.4670980955709874,10,0.7644665158210218,0.7641093247230215,0.0003571910980002,0.0012099683067633,0.1052881921127716,0.10524858197353,3.961013924155266e-05,0.0001328088827664,0.1880001487615642,0.1879124492460419,8.769951552238809e-05,0.0002970741136251,19A,"(20.0, 25.0]",0.2551726077999979,"(0.25, 0.3]",0.6575615468576658,0.6571149492989447,0.00044659755872111795,0.08399389540453782,0.08396154455169905,3.235085283877226e-05,0.16054862453033528,0.16047120004327972,7.742448705555516e-05,0.6128657495242313,0.0032779773954513167
49,2049.680555555504,10147.277777777776,3166.8300043282907,3200.365010463568,33.535006135276944,2723.9089355,2742.9401855,19.03125,3.5588333908251206,3.5549175972230023,0.0039157936021183,0.4614434440695162,9,0.7661406729367477,0.7658312031129674,0.0003094698237801,0.0009370656616933,0.1052372334889529,0.1052051315651504,3.210192380256574e-05,9.746232311258483e-05,0.1884111590194253,0.1883352272621036,7.593175732172824e-05,0.0002299538409733,19A,"(15.0, 20.0]",0.20934375,"(0.2, 0.25]",0.6596572797220173,0.6592695670025934,0.00038771271942383834,0.08395227599237222,0.08392605789594562,2.6218096426597337e-05,0.16091151265190845,0.16084446713981287,6.704551209557597e-05,0.6127214642192251,0.002399290789470199
50,2050.69444444438,10147.222222222224,3171.369272402138,3199.219076083103,27.849803680965124,2726.5019531,2742.2944336,15.792480500000238,2.874815649022407,2.870610265098007,0.0042053839243996,0.4561675046370276,7,0.7707926826713427,0.7702651890990765,0.0005274935722662,0.0010971369143631,0.1050105268837218,0.1049557718941319,5.475498958986057e-05,0.0001071058009093,0.1895530240754094,0.1894235814931025,0.0001294425823069,0.0002691061275866,19A,"(15.0, 20.0]",0.1737172855000026,"(0.15, 0.2]",0.6655026848156889,0.6648382428536186,0.0006644419620702724,0.08376712963724559,0.08372241527267058,4.4714364575010324e-05,0.1619199668233751,0.16180562696944972,0.00011433985392536594,0.6123155741683034,0.0025750220722668945
51,2051.708333333285,10147.166666666666,3174.751311098798,3200.8603790489933,26.109067950195367,2728.4301758,2743.2189941,14.788818300000004,2.874815649022407,2.870931194930961,0.0038844540914459,0.4398673602754993,7,0.7707926826713427,0.7703009653843836,0.0004917172869592,0.0010361172291917,0.1050105268837218,0.1049596748140073,5.085206971449414e-05,0.0001010791270704,0.1895530240754094,0.1894323657206023,0.0001206583548071,0.0002541358720266,19A,"(10.0, 15.0]",0.1626770013,"(0.15, 0.2]",0.6655026848156889,0.6648832942104679,0.0006193906052209819,0.08376712963724559,0.08372560246305456,4.1527174191022254e-05,0.1619199668233751,0.1618133861277805,0.00010658069559457695,0.6123155741683034,0.0023785117373341116
52,2052.722222222161,10147.111111111111,3180.6974816354286,3198.838795484134,18.14131384870552,2732.6604004,2742.9401855,10.279785100000026,1.90319522640884,1.898218227303344,0.0049769991054957,0.4328031150745096,4,0.793108362973572,0.7923469185586824,0.0007614444148894,0.0016444081009902,0.1051690225066961,0.10508977837242,7.92441342761796e-05,0.0001685289964078,0.1950337029403557,0.1948468190760544,0.0001868838643012,0.0004035704627499,19A,"(10.0, 15.0]",0.1130776361000003,"(0.1, 0.15]",0.6939998141854362,0.6930147963512485,0.0009850178341876958,0.08389656757052584,0.08383185044762707,6.471712289876641e-05,0.16676607707019397,0.16660067365060396,0.00016540341959001004,0.6104299228380574,0.003038109179932821
53,2053.736111111066,10147.055555555557,3183.1408776067,3202.2335247639608,19.09264715726067,2734.0498047,2744.8544922,10.8046875,2.205589877742554,2.1985316636712517,0.0070582140713026,0.4356191526332759,5,0.7820823742529133,0.7811823043439583,0.0009000699089549,0.0023461195149816,0.1049283878874415,0.1048306429480673,9.774493937420026e-05,0.0002446538928819,0.192325332580364,0.1921043470620168,0.0002209855183472,0.0005758594074317,19A,"(10.0, 15.0]",0.1188515625,"(0.1, 0.15]",0.6798242468268765,0.6786753474313204,0.001148899395556069,0.08370005318777651,0.08362023583897664,7.981734879987379e-05,0.16437009473913144,0.16417470112377217,0.00019539361535927946,0.611355178863975,0.004315075726021426
54,2054.749999999942,10147.0,3184.472693508721,3209.668784341012,25.196090832290334,2734.8066406,2749.0373535,14.230712900000071,2.533677941915254,2.528396500132172,0.0052814417830822,0.4110103282242494,6,0.7748377994602471,0.7741606724786497,0.0006771269815974,0.0015580635596795,0.1048819880391615,0.104809207616263,7.278042289854403e-05,0.0001574965803697,0.1905460968255919,0.1903798726277893,0.0001662241978026,0.0003823022106752,19A,"(10.0, 15.0]",0.1565378419000007,"(0.15, 0.2]",0.6706119176100033,0.6697549442136358,0.0008569733963674775,0.08366216318673066,0.08360273247482818,5.9430711902480615e-05,0.16279734984622612,0.16265046837806305,0.00014688146816307923,0.6119663766741801,0.003232064791608435
55,2055.7638888888177,10146.944444444443,3185.1101273100376,3213.619686261417,28.50955895137986,2735.168457,2751.2543945,16.0859375,2.874815649022407,2.8716206660903065,0.0031949829321002,0.402981049284674,7,0.7707926826713427,0.7703783623634574,0.0004143203078855,0.0009016338341694,0.1050105268837218,0.1049680883851404,4.243849858135259e-05,8.780450501222337e-05,0.1895530240754094,0.1894513684368366,0.0001016556385728,0.0002211428084295,19A,"(15.0, 20.0]",0.1769453125,"(0.15, 0.2]",0.6655026848156889,0.664980763078836,0.0005219217368528373,0.08376712963724559,0.08373247314667581,3.465649056977327e-05,0.1619199668233751,0.16183017141947845,8.979540389664198e-05,0.6123155741683034,0.0019563378085268633
56,2056.777777777723,10146.888888888889,3184.3517916921905,3222.3481057486706,37.99631405648006,2735.3061523,2756.703125,21.39697269999988,3.5588333908251206,3.5561091845847748,0.0027242062403458,0.3926992891569246,9,0.7661406729367477,0.7659086442704808,0.0002320286662667,0.0007392709760445,0.1052372334889529,0.1052132503965572,2.3983092395732067e-05,7.753106047503344e-05,0.1884111590194253,0.1883542331030321,5.6925916393230696e-05,0.0001814218462516,19A,"(20.0, 25.0]",0.2353666996999986,"(0.2, 0.25]",0.6596572797220173,0.6593665741407371,0.00029070558128019286,0.08395227599237222,0.08393268862474672,1.958736762550095e-05,0.16091151265190845,0.16086124856747533,5.026408443312147e-05,0.6127214642192251,0.001669179636419829
57,2057.7916666665988,10146.833333333334,3184.2192931382438,3230.260624743797,46.04133160555375,2735.230957,2761.1137695,25.8828125,4.237902848737978,4.234476097879684,0.0034267508582939,0.3799952385974079,11,0.7630762859761467,0.7628356106059979,0.0002406753701487,0.0009203958470542,0.1053206809294075,0.105292967054384,2.771387502344756e-05,0.0001048284122414,0.1876588186008886,0.1875997086003738,5.9110000514809e-05,0.0002260460540595,19A,"(25.0, 30.0]",0.2847109375,"(0.25, 0.3]",0.6558244017717771,0.655523959661507,0.00030044211027013823,0.08402043048055158,0.0839977952894216,2.2635191129979915e-05,0.16024729895070713,0.16019512051843263,5.21784322745078e-05,0.612984968280239,0.002100546766175568
58,2058.805555555504,10146.777777777776,3183.5794972223275,3237.925628670845,54.34613144851755,2734.8674316,2765.3718262,30.50439460000007,5.27482970690846,5.270185193392413,0.0046445135160473,0.3810310404047901,14,0.7606055875882883,0.7603759140082299,0.0002296735800586,0.0010280897014314,0.1054265726609599,0.1053977534371224,2.881922383748562e-05,0.0001236123750736,0.1870523415258553,0.1869958841030698,5.645742278538789e-05,0.0002526397299104,19A,"(30.0, 35.0]",0.3355483406000007,"(0.3, 0.35]",0.6527442309224722,0.6524583593646631,0.0002858715578091253,0.0841069197200318,0.08408338061889428,2.3539101137518004e-05,0.1597119934457816,0.15966216737937364,4.9826066407965275e-05,0.6131996216553871,0.002848013930813536
59,2059.81944444438,10146.722222222224,3181.468913544617,3243.786066037518,62.31715249290119,2733.6674805,2768.6181641,34.95068360000005,5.623274415112043,5.618940780243546,0.0043336348684972,0.3625404298246567,15,0.7601355318226004,0.759930399097901,0.0002051327246991,0.000981706115225,0.1054563162213251,0.1054297832911834,2.653293014169093e-05,0.0001197469714065,0.1869369884056634,0.1868865500565082,5.0438349155101926e-05,0.0002412787904265,19A,"(30.0, 35.0]",0.3844575196000005,"(0.35, 0.4]",0.652159242240355,0.6519040547609001,0.0002551874794549658,0.08413121412672131,0.08410954213266778,2.1671994053534815e-05,0.15961019051035677,0.1595656783295157,4.45121808410609e-05,0.6132410267748946,0.002657562696424708
60,2060.833333333285,10146.666666666666,3180.328693398675,3253.856917166745,73.52822376807035,2733.1638184,2774.2597656,41.09594719999996,6.670257665159539,6.667218479408425,0.0030391857511142,0.3167220331638707,18,0.7591358237260786,0.7590195631299723,0.0001162605961064,0.000788835396018,0.1055181675069636,0.1055009790008112,1.718850615244226e-05,9.83428582902457e-05,0.1866916681925715,0.186663052940819,2.8615251752486496e-05,0.0001939258872751,19A,"(40.0, 45.0]",0.4520554191999995,"(0.45, 0.5]",0.6509161786720542,0.6507717126374976,0.00014446603455664508,0.08418173502545158,0.08416769509827471,1.4039927176870415e-05,0.1593937013650563,0.15936845034221941,2.5251022836875192e-05,0.6133290107532928,0.0018640207902263755
61,2061.847222222161,10146.611111111111,3180.3123507207533,3261.3208567542515,81.00850603349818,2733.154541,2778.3579102,45.2033692,7.367804655049277,7.364836728716761,0.0029679263325155,0.2996473008859812,20,0.7586553398086986,0.7585509718010998,0.0001043680075988,0.0008009377260452,0.1055480005143075,0.1055319325322334,1.6067982074069453e-05,9.852027704315702e-05,0.1865737652264361,0.1865480711314879,2.569409494816988e-05,0.0001968812303208,19A,"(45.0, 50.0]",0.4972370611999999,"(0.45, 0.5]",0.6503192554709725,0.6501896400446103,0.00012961542636213963,0.08420610350163919,0.08419297866134248,1.312484029671046e-05,0.15928966164783684,0.15926698929743335,2.2672350403485364e-05,0.6133713075631706,0.0018204408553261977
62,2062.861111111066,10146.555555555557,3178.9698138362046,3266.1110289958,87.1412151595955,2732.3913574,2780.980957,48.58959960000038,8.065203013192326,8.062249023508988,0.0029539896833377,0.3047446375784655,22,0.7582605754077982,0.75816705479279,9.35206150080379e-05,0.0008336587382612,0.1055745186545071,0.1055598053847058,1.4713269801362602e-05,9.95191395228856e-05,0.1864768998149646,0.1864538761647151,2.3023650249516653e-05,0.0002048672460094,19A,"(45.0, 50.0]",0.5344855956000042,"(0.5, 0.55]",0.6498290787627524,0.6497129882875764,0.00011609047517602278,0.08422776457296519,0.08421574615709168,1.2018415873504829e-05,0.15920418915092804,0.1591838738863703,2.0315264557757562e-05,0.613406179734454,0.001811995526631168
63,2063.874999999942,10146.5,3177.4342265639125,3265.1140473292094,87.67982076529688,2731.5180664,2780.4355469,48.91748050000024,8.065203013192326,8.062249023508988,0.0029539896833377,0.3047446375784655,22,0.7582605754077982,0.75816705479279,9.35206150080379e-05,0.0008336587382612,0.1055745186545071,0.1055598053847058,1.4713269801362602e-05,9.95191395228856e-05,0.1864768998149646,0.1864538761647151,2.3023650249516653e-05,0.0002048672460094,19A,"(45.0, 50.0]",0.5380922855000025,"(0.5, 0.55]",0.6498290787627524,0.6497129882875764,0.00011609047517602278,0.08422776457296519,0.08421574615709168,1.2018415873504829e-05,0.15920418915092804,0.1591838738863703,2.0315264557757562e-05,0.613406179734454,0.001811995526631168
64,2064.8888888888177,10146.444444444443,3176.366068435347,3263.773113145423,87.40704471007575,2731.027832,2779.6923828,48.66455079999969,7.716498811393528,7.713841516414846,0.0026572949786816,0.2912574301347312,21,0.7584476216959257,0.7583560284033636,9.159329256205222e-05,0.0007665573201878,0.1055614686351749,0.1055468799290868,1.4588706088074816e-05,9.3057507505101e-05,0.1865227953096874,0.1865002419677511,2.2553341936369985e-05,0.000188406718819,19A,"(45.0, 50.0]",0.5353100587999965,"(0.5, 0.55]",0.6500613045319713,0.6499475812171206,0.00011372331485071108,0.08421710476582639,0.08420518816879344,1.1916597032951559e-05,0.1592446862336896,0.15922478562267725,1.9900611012341196e-05,0.6133896275281773,0.0016299571772060023
65,2065.902777777723,10146.388888888889,3174.1509393663573,3262.4135290622185,88.26258969586115,2729.7695312,2778.9492188,49.17968759999985,8.065203013192326,8.062358828529993,0.002844184662333,0.299900123226171,22,0.7582605754077982,0.7581694885591336,9.1086848664596e-05,0.0008124412038997,0.1055745186545071,0.1055600659147323,1.4452739774896038e-05,9.699905184401558e-05,0.1864768998149646,0.1864544738058163,2.2426009148318095e-05,0.0001996530909832,19A,"(45.0, 50.0]",0.5409765635999984,"(0.5, 0.55]",0.6498290787627524,0.6497160092457723,0.00011306951698009104,0.08422776457296519,0.08421595896824911,1.1805604716072504e-05,0.15920418915092804,0.159184401221871,1.978792905704685e-05,0.613406179734454,0.0017446404481810136
66,2066.9166666665988,10146.333333333334,3173.054874741005,3262.703400868641,89.64852612763616,2729.1467285,2779.107666,49.9609375,8.065203013192326,8.062358828529993,0.002844184662333,0.299900123226171,22,0.7582605754077982,0.7581694885591336,9.1086848664596e-05,0.0008124412038997,0.1055745186545071,0.1055600659147323,1.4452739774896038e-05,9.699905184401558e-05,0.1864768998149646,0.1864544738058163,2.2426009148318095e-05,0.0001996530909832,19A,"(45.0, 50.0]",0.5495703125,"(0.5, 0.55]",0.6498290787627524,0.6497160092457723,0.00011306951698009104,0.08422776457296519,0.08421595896824911,1.1805604716072504e-05,0.15920418915092804,0.159184401221871,1.978792905704685e-05,0.613406179734454,0.0017446404481810136
67,2067.930555555504,10146.277777777776,3170.833911126348,3262.11919064474,91.28527951839168,2727.8835449,2778.7883301,50.90478520000033,8.413684727997884,8.410566623458877,0.0031181045390074,0.3107870748101241,23,0.7580857807833631,0.7579929645273834,9.281625597994778e-05,0.0008675979995297,0.1055861725096307,0.1055716556011224,1.4516908508220997e-05,0.0001017668889408,0.1864340088887768,0.186411161807165,2.2847081611859536e-05,0.0002131716182461,19A,"(50.0, 55.0]",0.5599526372000037,"(0.55, 0.6]",0.6496121103914332,0.6494969180364331,0.00011519235500012659,0.08423728398735428,0.08422542590461418,1.1858082740096032e-05,0.15916634383139486,0.15914618467508054,2.015915631431442e-05,0.6134216157895829,0.0019127127245187516
68,2068.94444444438,10146.222222222224,3168.893417941857,3260.516422279506,91.62300433764858,2727.0310059,2778.0195312,50.98852530000022,8.413684727997884,8.410960528351412,0.0027241996464724,0.294490243309094,23,0.7580857807833631,0.7580011065340805,8.467424928276549e-05,0.0007893600770146,0.1055861725096307,0.1055725053576189,1.3667152011825648e-05,9.261424771267456e-05,0.1864340088887768,0.1864131606307354,2.0848258041345176e-05,0.0001939475903548,19A,"(50.0, 55.0]",0.5608737783000024,"(0.55, 0.6]",0.6496121103914332,0.6495070224081837,0.00010508798324948554,0.08423728398735428,0.08422612002290432,1.116396444995893e-05,0.15916634383139486,0.1591479483334095,1.8395497985351783e-05,0.6134216157895829,0.00167108294887251
69,2069.958333333285,10146.166666666666,3167.0872185293947,3258.4842926904275,91.39707416103283,2726.0048828,2776.9104004,50.90551760000017,8.413684727997884,8.410721237350053,0.002963490647831,0.3044602979224338,23,0.7580857807833631,0.7579961742152477,8.960656811562512e-05,0.000837655873234,0.1055861725096307,0.1055719928633684,1.41796462623269e-05,9.826417716174428e-05,0.1864340088887768,0.1864119498158757,2.205907290110725e-05,0.0002058144588991,19A,"(50.0, 55.0]",0.5599606936000018,"(0.55, 0.6]",0.6496121103914332,0.6495009013032097,0.00011120908822348508,0.08423728398735428,0.0842257013951428,1.1582592211484277e-05,0.15916634383139486,0.15914687997297675,1.9463858418111712e-05,0.6134216157895829,0.0018178692215698095
70,2070.972222222161,10146.111111111111,3166.5269055429326,3259.240363951319,92.71345840838649,2725.6862793,2777.3232422,51.63696290000007,8.413684727997884,8.410721237350053,0.002963490647831,0.3044602979224338,23,0.7580857807833631,0.7579961742152477,8.960656811562512e-05,0.000837655873234,0.1055861725096307,0.1055719928633684,1.41796462623269e-05,9.826417716174428e-05,0.1864340088887768,0.1864119498158757,2.205907290110725e-05,0.0002058144588991,19A,"(50.0, 55.0]",0.5680065919000008,"(0.55, 0.6]",0.6496121103914332,0.6495009013032097,0.00011120908822348508,0.08423728398735428,0.0842257013951428,1.1582592211484277e-05,0.15916634383139486,0.15914687997297675,1.9463858418111712e-05,0.6134216157895829,0.0018178692215698095
71,2071.986111111066,10146.055555555557,3166.2088913068865,3258.5171142710296,92.30822296414316,2725.2160645,2776.4821777,51.26611320000029,8.413684727997884,8.411124768291879,0.002559959706005,0.2875060385071574,23,0.7580857807833631,0.7580044701014804,8.131068188262394e-05,0.0007543860256276,0.1055861725096307,0.1055728501453832,1.3322364247500913e-05,8.852229172917614e-05,0.1864340088887768,0.1864139862423305,2.0022646446308293e-05,0.0001853540449533,19A,"(50.0, 55.0]",0.5639272452000031,"(0.55, 0.6]",0.6496121103914332,0.6495111966821635,0.0001009137092696788,0.08423728398735428,0.08422640166071355,1.0882326640732076e-05,0.15916634383139486,0.15914867681066336,1.766702073149884e-05,0.6134216157895829,0.0015703346192138124
72,2072.999999999942,10146.0,3167.3678555058805,3258.315763259672,90.9479077537917,2725.1105957,2775.5595703,50.44897459999993,8.413684727997884,8.411244459397997,0.0024402685998872,0.2823395217004417,23,0.7580857807833631,0.7580068937353,7.888704806300135e-05,0.0007279368126873,0.1055861725096307,0.1055730950784131,1.3077431217579988e-05,8.54268739161057e-05,0.1864340088887768,0.186414581071119,1.9427817657890067e-05,0.0001788551495216,19A,"(50.0, 55.0]",0.5549387205999992,"(0.55, 0.6]",0.6496121103914332,0.6495142044845993,9.7905906833895e-05,0.08423728398735428,0.0842266017328109,1.068225454338434e-05,0.15916634383139486,0.15914920165715968,1.7142174235179608e-05,0.6134216157895829,0.0014969135075033892
73,2072.9999999999995,10145.0,3166.434435626977,3258.315763259672,91.88132763269503,2724.5820312,2775.5595703,50.97753909999983,8.413684727997884,8.411244459397997,0.0024402685998872,0.2823395217004417,23,0.7580857807833631,0.7580068937353,7.888704806300135e-05,0.0007279368126873,0.1055861725096307,0.1055730950784131,1.3077431217579988e-05,8.54268739161057e-05,0.1864340088887768,0.186414581071119,1.9427817657890067e-05,0.0001788551495216,19A,"(50.0, 55.0]",0.5607529300999982,"(0.55, 0.6]",0.6496121103914332,0.6495142044845993,9.7905906833895e-05,0.08423728398735428,0.0842266017328109,1.068225454338434e-05,0.15916634383139486,0.15914920165715968,1.7142174235179608e-05,0.6134216157895829,0.0014969135075033892
74,2073.0000000000027,10145.0,3166.434435626977,3258.315763259672,91.88132763269503,2724.5820312,2775.5595703,50.97753909999983,8.413684727997884,8.411244459397997,0.0024402685998872,0.2823395217004417,23,0.7580857807833631,0.7580068937353,7.888704806300135e-05,0.0007279368126873,0.1055861725096307,0.1055730950784131,1.3077431217579988e-05,8.54268739161057e-05,0.1864340088887768,0.186414581071119,1.9427817657890067e-05,0.0001788551495216,19A,"(50.0, 55.0]",0.5607529300999982,"(0.55, 0.6]",0.6496121103914332,0.6495142044845993,9.7905906833895e-05,0.08423728398735428,0.0842266017328109,1.068225454338434e-05,0.15916634383139486,0.15914920165715968,1.7142174235179608e-05,0.6134216157895829,0.0014969135075033892
75,2074.0,10145.999999999993,3169.2973710732945,3259.0497364418743,89.75236536857983,2725.1933594,2774.7539062,49.56054679999989,8.065203013192326,8.063309238059036,0.0018937751332899,0.2554659020447214,22,0.7582605754077982,0.7581901038426625,7.047156513579294e-05,0.0005927671337316,0.1055745186545071,0.1055621811111748,1.2337543332337344e-05,7.089539136162504e-05,0.1864768998149646,0.1864595343555017,1.736545946282788e-05,0.000145668836283,19A,"(45.0, 50.0]",0.5451660147999987,"(0.5, 0.55]",0.6498290787627524,0.6497415987026247,8.748006012770926e-05,0.08422776457296519,0.08421768674470122,1.0077828263968525e-05,0.15920418915092804,0.15918886646064273,1.532269028531319e-05,0.613406179734454,0.001161653369787464
76,2075.0,10146.000000000002,3168.760935338878,3253.3474174022854,84.5864820634074,2724.8913574,2771.6621094,46.77075200000036,7.716498811393528,7.714651812906034,0.001846998487494,0.2552268537326729,21,0.7584476216959257,0.7583754995783059,7.212211761970748e-05,0.0005919927535612,0.1055614686351749,0.1055489830168324,1.2485618342449903e-05,7.200384932892767e-05,0.1865227953096874,0.1865050239128599,1.777139682751241e-05,0.0001455020820009,19A,"(45.0, 50.0]",0.514478272000004,"(0.5, 0.55]",0.6500613045319713,0.6499717558266239,8.954870534738646e-05,0.08421710476582639,0.08420690604413489,1.0198721691501156e-05,0.1592446862336896,0.15922900510047006,1.5681133219536125e-05,0.6133896275281773,0.0011329297142890515
77,2076.0,10145.999999999996,3166.81548989006,3256.8420686769664,90.02657878690661,2723.7949219,2773.5578613,49.7629393999996,8.413684727997884,8.411659563958082,0.0020251640398019,0.2639387829902422,23,0.7580857807833631,0.7580151989112867,7.058187207643473e-05,0.0006255739297836,0.1055861725096307,0.1055739079754504,1.226453418032171e-05,7.344804066433674e-05,0.1864340088887768,0.1864166188541458,1.739003463107697e-05,0.0001537034439618,19A,"(45.0, 50.0]",0.5473923333999955,"(0.5, 0.55]",0.6496121103914332,0.6495245115230959,8.759886833731301e-05,0.08423728398735428,0.08422726574310846,1.0018244245818542e-05,0.15916634383139486,0.15915099969351698,1.534413787787625e-05,0.6134216157895829,0.0012422793975342405
78,2077.0,10145.999999999998,3166.907261613649,3247.274125989127,80.36686437547769,2723.8466797,2768.361084,44.51440430000002,7.367804655049277,7.36580193828164,0.0020027167676364,0.2649014288777978,20,0.7586553398086986,0.7585755513394566,7.978846924189265e-05,0.0006282878785869,0.1055480005143075,0.1055347426103303,1.3257903977209606e-05,7.745057963304269e-05,0.1865737652264361,0.1865541106191067,1.96546073293169e-05,0.0001544424892071,19A,"(40.0, 45.0]",0.4896584473000003,"(0.45, 0.5]",0.6503192554709725,0.650220164120135,9.90913508375213e-05,0.08420610350163919,0.08419527401588887,1.0829485750318835e-05,0.15928966164783684,0.15927231849451104,1.73431533257995e-05,0.6133713075631706,0.0012284090024438253
79,2078.0,10146.0,3168.5551259035387,3251.084574900839,82.52944899730028,2723.3276367,2768.8254395,45.497802800000045,7.367804655049277,7.36637099634313,0.0014336587061469,0.2425499406449595,20,0.7586553398086986,0.758589889708055,6.54501006437047e-05,0.0004987478960083,0.1055480005143075,0.1055363255293655,1.1674984942017242e-05,6.162360834205405e-05,0.1865737652264361,0.1865576327499369,1.6132476499131077e-05,0.0001226004280391,19A,"(45.0, 50.0]",0.5004758308000005,"(0.5, 0.55]",0.6503192554709725,0.6502379706190788,8.1284851893626e-05,0.08420610350163919,0.08419656699205784,9.53650958135377e-06,0.15928966164783684,0.15927542640080675,1.4235247030092157e-05,0.6133713075631706,0.0008793651151886475
80,2079.0,10146.0,3169.078250188828,3251.5198983648543,82.44164817602632,2723.6210938,2769.0612793,45.4401855000001,7.367804655049277,7.36637099634313,0.0014336587061469,0.2425499406449595,20,0.7586553398086986,0.758589889708055,6.54501006437047e-05,0.0004987478960083,0.1055480005143075,0.1055363255293655,1.1674984942017242e-05,6.162360834205405e-05,0.1865737652264361,0.1865576327499369,1.6132476499131077e-05,0.0001226004280391,19A,"(45.0, 50.0]",0.4998420405000011,"(0.45, 0.5]",0.6503192554709725,0.6502379706190788,8.1284851893626e-05,0.08420610350163919,0.08419656699205784,9.53650958135377e-06,0.15928966164783684,0.15927542640080675,1.4235247030092157e-05,0.6133713075631706,0.0008793651151886475
81,2080.0,10145.999999999993,3167.117884260791,3247.358832615016,80.24094835422511,2722.5205078,2766.8063965,44.28588870000021,7.367804655049277,7.366205488413959,0.0015991666353176,0.2492267651555147,20,0.7586553398086986,0.758585739588019,6.960022067964422e-05,0.0005403945182149,0.1055480005143075,0.1055358756491975,1.2124865109980342e-05,6.671390657753129e-05,0.1865737652264361,0.1865566134424826,1.715178395345629e-05,0.0001328375396795,19A,"(40.0, 45.0]",0.4871447757000023,"(0.45, 0.5]",0.6503192554709725,0.6502328166468543,8.64388241181846e-05,0.08420610350163919,0.08419619951622859,9.903985410605887e-06,0.15928966164783684,0.15927452696985636,1.5134677980477296e-05,0.6133713075631706,0.0009808829301161523
82,2081.0,10145.999999999996,3165.538262224285,3244.287525718287,78.7492634940013,2721.6328125,2765.1396484,43.50683590000017,7.367804655049277,7.366205488413959,0.0015991666353176,0.2492267651555147,20,0.7586553398086986,0.758585739588019,6.960022067964422e-05,0.0005403945182149,0.1055480005143075,0.1055358756491975,1.2124865109980342e-05,6.671390657753129e-05,0.1865737652264361,0.1865566134424826,1.715178395345629e-05,0.0001328375396795,19A,"(40.0, 45.0]",0.4785751949000019,"(0.45, 0.5]",0.6503192554709725,0.6502328166468543,8.64388241181846e-05,0.08420610350163919,0.08419619951622859,9.903985410605887e-06,0.15928966164783684,0.15927452696985636,1.5134677980477296e-05,0.6133713075631706,0.0009808829301161523
83,2082.0,10145.999999999998,3166.8669627728214,3249.450835884283,82.5838731114618,2720.7878418,2766.2358398,45.4479980000001,7.716498811393528,7.714971372705536,0.0015274386879919,0.2399843628760816,21,0.7584476216959257,0.7583829418720395,6.46798238860639e-05,0.0004982716401571,0.1055614686351749,0.1055497289037296,1.1739731445287963e-05,6.0691018561431775e-05,0.1865227953096874,0.1865068505998095,1.594470987795854e-05,0.000122467223422,19A,"(45.0, 50.0]",0.4999279780000011,"(0.45, 0.5]",0.6500613045319713,0.6499809960193655,8.030851260576455e-05,0.08421710476582639,0.08420751531093136,9.589454895028715e-06,0.1592446862336896,0.1592306169287116,1.4069304977992747e-05,0.6133896275281773,0.0009369150478994794
84,2083.0,10145.999999999996,3165.0002416251523,3244.983739515317,79.98349789016493,2719.7414551,2763.8188477,44.07739259999971,7.367804655049277,7.366435009410833,0.0013696456384435,0.2399297560818813,20,0.7586553398086986,0.7585915091468782,6.383066182037433e-05,0.0004810816074124,0.1055480005143075,0.1055364988649,1.1501649407436032e-05,5.9464359259076005e-05,0.1865737652264361,0.1865580304585841,1.5734767851904864e-05,0.0001182579045589,19A,"(40.0, 45.0]",0.4848513185999968,"(0.45, 0.5]",0.6503192554709725,0.6502399817828848,7.927368808768875e-05,0.08420610350163919,0.08419670857782398,9.394923815214673e-06,0.15928966164783684,0.15927577733668594,1.3884311150902384e-05,0.6133713075631706,0.0008401013361502832
85,2084.0,10146.000000000004,3161.930320677982,3245.115423245556,83.18510256757372,2718.0185547,2763.8901367,45.87158199999976,7.716498811393528,7.714853644088514,0.0016451673050141,0.2456570172716076,21,0.7584476216959257,0.758380228503984,6.739319194162157e-05,0.0005361291804969,0.1055614686351749,0.1055494646910983,1.2003944076611708e-05,6.52625176524868e-05,0.1865227953096874,0.1865061847548036,1.6610554883867924e-05,0.0001317719003127,19A,"(45.0, 50.0]",0.5045874019999974,"(0.5, 0.55]",0.6500613045319713,0.6499776271501903,8.367738178105544e-05,0.08421710476582639,0.08420729949268653,9.805273139859572e-06,0.1592446862336896,0.15923002940165382,1.4656832035775391e-05,0.6133896275281773,0.001009128560444134
86,2085.0,10145.999999999996,3160.125170912459,3240.326069970102,80.2008990576428,2717.0048828,2761.2939453,44.2890625,7.367804655049277,7.366278881794297,0.00152577325498,0.2462792125403057,20,0.7586553398086986,0.7585875932279661,6.774658073245287e-05,0.0005223955417745,0.1055480005143075,0.1055360777540368,1.1922760270716147e-05,6.451552467834354e-05,0.1865737652264361,0.1865570687321668,1.6696494269302642e-05,0.000128413255246,19A,"(40.0, 45.0]",0.4871796874999999,"(0.45, 0.5]",0.6503192554709725,0.6502351186515525,8.413681941998874e-05,0.08420610350163919,0.0841963646016103,9.738900028893882e-06,0.15928966164783684,0.15927492871477653,1.473293306031298e-05,0.6133713075631706,0.0009358655364519975
87,2086.0,10146.0,3162.6288583829546,3237.9777891355943,75.34893075263972,2716.1555176,2757.6862793,41.53076169999986,7.019109320969807,7.017815935356635,0.001293385613172,0.2404652456714295,19,0.7588841799256796,0.7588184997731782,6.56801525014946e-05,0.0004692775519176,0.1055337936905759,0.1055222398013915,1.1553889184314304e-05,5.870129639184984e-05,0.1866299190728512,0.1866137313018314,1.618777101977226e-05,0.0001153677783337,19A,"(40.0, 45.0]",0.4568383786999984,"(0.45, 0.5]",0.6506035097998996,0.650521917155782,8.159264411755629e-05,0.08419449890996167,0.08418506137571712,9.437534244552404e-06,0.15933921227100278,0.15932492794399383,1.4284327008950992e-05,0.6133511627328406,0.0007932995697009741
88,2087.0,10146.0,3158.574368702364,3236.704864273016,78.13049557065187,2714.8371582,2758.0322266,43.195068399999855,7.367804655049277,7.366099298999641,0.0017053560496353,0.2533941093279006,20,0.7586553398086986,0.7585830803094449,7.225949925366293e-05,0.0005648982047978,0.1055480005143075,0.1055355833033956,1.2417210911913612e-05,6.971154924939604e-05,0.1865737652264361,0.1865559602246636,1.7805001772419617e-05,0.0001388608275402,19A,"(40.0, 45.0]",0.4751457523999984,"(0.45, 0.5]",0.6503192554709725,0.6502295141417289,8.974132924355338e-05,0.08420610350163919,0.08419596071930976,1.0142782329428113e-05,0.15928966164783684,0.15927395057443752,1.571107339931599e-05,0.6133713075631706,0.0010460164700255674
89,2088.0,10145.999999999998,3156.923452040231,3231.5440131930263,74.62056115279529,2713.9084473,2755.2241211,41.31567380000024,6.670257665159539,6.668554498733602,0.001703166425937,0.2613345312690369,18,0.7591358237260786,0.7590551256085382,8.069811754059087e-05,0.0005598206681777,0.1055181675069636,0.1055051059311956,1.3061575768037584e-05,7.031137874236038e-05,0.1866916681925715,0.1866717924171361,1.987577543547145e-05,0.0001376315997753,19A,"(40.0, 45.0]",0.4544724118000027,"(0.45, 0.5]",0.6509161786720542,0.6508159006518655,0.00010027802018874876,0.08418173502545158,0.08417106605037857,1.0668975073013787e-05,0.1593937013650563,0.15937616231097684,1.7539054079446226e-05,0.6133290107532928,0.0010446013791681615
90,2089.0,10145.999999999998,3154.2288885448797,3235.068757536392,80.83986899151205,2712.3908691,2757.1425781,44.751708999999664,7.367804655049277,7.36589667947257,0.0019079755767066,0.2612396218291009,20,0.7586553398086986,0.7585779622971165,7.737751158222172e-05,0.0006087618476042,0.1055480005143075,0.1055350136025131,1.2986911794377054e-05,7.507036810172618e-05,0.1865737652264361,0.1865547029347649,1.906229167117912e-05,0.0001496429050547,19A,"(40.0, 45.0]",0.4922687989999963,"(0.45, 0.5]",0.6503192554709725,0.650223158213345,9.60972576274921e-05,0.08420610350163919,0.08419549537043867,1.0608131200517956e-05,0.15928966164783684,0.1592728411498814,1.6820497955427616e-05,0.6133713075631706,0.0011702974742831217
91,2090.0,10146.0,3154.3785483497863,3236.7849416034096,82.40639325362326,2711.7858887,2757.340332,45.5544433,7.716498811393528,7.714654093206894,0.0018447181866338,0.2550639914940352,21,0.7584476216959257,0.7583755674556026,7.205424032310397e-05,0.0005912956095502,0.1055614686351749,0.1055489908321841,1.247780299076134e-05,7.192502043984472e-05,0.1865227953096874,0.186505040585018,1.775472466950904e-05,0.0001453308367963,19A,"(45.0, 50.0]",0.5010988763,"(0.5, 0.55]",0.6500613045319713,0.6499718401012563,8.946443071500276e-05,0.08421710476582639,0.08420691242798947,1.0192337836917309e-05,0.1592446862336896,0.15922901981160953,1.566642208006286e-05,0.6133896275281773,0.0011315310013937613
92,2091.0,10145.999999999996,3154.2451868941203,3235.696736872464,81.45154997834379,2710.2348633,2755.1494141,44.91455079999969,7.367804655049277,7.366303589108232,0.0015010659410448,0.2452395942208203,20,0.7586553398086986,0.7585881965823281,6.714322637046966e-05,0.0005162989529423,0.1055480005143075,0.1055361427143661,1.1857799941344947e-05,6.37730890987731e-05,0.1865737652264361,0.1865572169112448,1.65483151912893e-05,0.0001269147122411,19A,"(40.0, 45.0]",0.4940600587999966,"(0.45, 0.5]",0.6503192554709725,0.6502358679484143,8.338752255820925e-05,0.08420610350163919,0.08419641766318685,9.685838452344608e-06,0.15928966164783684,0.1592750594671313,1.4602180705536316e-05,0.6133713075631706,0.0009207107789971901
93,2092.0,10145.999999999996,3153.416719584128,3239.4885048968144,86.07178531268664,2709.7697754,2757.2019043,47.43212889999995,7.716498811393528,7.714872425835891,0.0016263855576372,0.2447112222437714,21,0.7584476216959257,0.7583806487471383,6.697294878738311e-05,0.00053057188472,0.1055614686351749,0.1055495056818669,1.1962953307996318e-05,6.459446442408368e-05,0.1865227953096874,0.1865062878790887,1.650743059871964e-05,0.0001304060782536,19A,"(45.0, 50.0]",0.5217534178999995,"(0.5, 0.55]",0.6500613045319713,0.6499781489158553,8.315561611604849e-05,0.08421710476582639,0.08420733297539795,9.771790428436677e-06,0.1592446862336896,0.1592301203962564,1.456583743320028e-05,0.6133896275281773,0.000997608031416289
94,2093.0,10145.999999999998,3151.581350997783,3238.0716415873662,86.49029058958331,2708.7390137,2756.4350586,47.69604489999983,8.065203013192326,8.063386199892015,0.0018168133003104,0.2515501427421781,22,0.7582605754077982,0.7581916932921402,6.888211565805122e-05,0.0005697958311247,0.1055745186545071,0.1055623298356592,1.218881884790246e-05,6.816898500394686e-05,0.1864768998149646,0.1864599242416797,1.6975573284879047e-05,0.0001400238094205,19A,"(45.0, 50.0]",0.5246564938999981,"(0.5, 0.55]",0.6498290787627524,0.6497435716894623,8.55070732901364e-05,0.08422776457296519,0.08421780822882832,9.956344136863304e-06,0.15920418915092804,0.15918921048188406,1.4978669043985704e-05,0.613406179734454,0.0011144445058341478
95,2094.0,10145.999999999996,3151.9685103900715,3238.4995981324773,86.53108774240582,2708.3547363,2755.973877,47.61914070000012,8.065203013192326,8.063516689936996,0.0016863232553294,0.2450588154307112,22,0.7582605754077982,0.7581944035374284,6.617187036974467e-05,0.0005262625207063,0.1055745186545071,0.1055625762399821,1.1942414525057853e-05,6.299203467352577e-05,0.1864768998149646,0.1864605889181634,1.6310896801283928e-05,0.0001293256465483,19A,"(45.0, 50.0]",0.5238105477000012,"(0.5, 0.55]",0.6498290787627524,0.6497469359309529,8.214283179952542e-05,0.08422776457296519,0.08421800950178539,9.755071179798347e-06,0.15920418915092804,0.1591897969681081,1.4392182819955579e-05,0.613406179734454,0.0010344011058489755
96,2095.0,10145.999999999998,3147.054756699013,3234.394439036865,87.33968233785163,2707.3666992,2755.6896973,48.32299809999995,8.065203013192326,8.063123704630312,0.0020793085620134,0.264448339930835,22,0.7582605754077982,0.7581862068648597,7.436854293845825e-05,0.000643140071224,0.1055745186545071,0.1055618031986143,1.2715455892819971e-05,7.689157016199655e-05,0.1864768998149646,0.186458578158485,1.832165647959082e-05,0.0001580479774239,19A,"(45.0, 50.0]",0.5315529790999994,"(0.5, 0.55]",0.6498290787627524,0.649736761391929,9.231737082338043e-05,0.08422776457296519,0.08421737805059305,1.0386522372132778e-05,0.15920418915092804,0.15918802274772453,1.616640320351026e-05,0.613406179734454,0.0012754607215137808
97,2096.0,10146.0,3145.194583252208,3237.72439724625,92.5298139940428,2706.3171387,2757.4960938,51.17895509999971,8.413684727997884,8.411619435668593,0.0020652923292914,0.2656579951575726,23,0.7580857807833631,0.7580144421757461,7.133860761711896e-05,0.0006362483705775,0.1055861725096307,0.1055738388081224,1.2333701508268986e-05,7.470431370426578e-05,0.1864340088887768,0.1864164332678267,1.7575620950104486e-05,0.0001563264026267,19A,"(50.0, 55.0]",0.5629685060999968,"(0.55, 0.6]",0.6496121103914332,0.6495235723813868,8.853801004637951e-05,0.08423728398735428,0.08422720924416253,1.0074743191743063e-05,0.15916634383139486,0.15915083594151003,1.5507889884830428e-05,0.6134216157895829,0.0012668949577117619
98,2097.0,10146.0,3142.457912183983,3238.049154839852,95.59124265586888,2704.7714844,2757.6721191,52.90063469999996,8.761919291283586,8.759680976674954,0.0022383146086326,0.2759887536855274,24,0.7579167921367335,0.7578448589667565,7.193316997703796e-05,0.0006758108310658,0.1055956053510881,0.1055833377454041,1.226760568397156e-05,7.79830571896456e-05,0.1863925379582317,0.1863748195543877,1.771840384398593e-05,0.0001660186683897,19A,"(50.0, 55.0]",0.5819069816999995,"(0.55, 0.6]",0.64940239149028,0.6493131334470713,8.925804320869535e-05,0.0842449892105439,0.08423496841462046,1.0020795923437742e-05,0.1591297520168908,0.15911411837570202,1.563364118878363e-05,0.6134364297506181,0.0013730637221782342
99,2098.0,10145.999999999998,3144.2681753531824,3242.2771192046844,98.00894385150195,2704.1628418,2758.2397461,54.07690430000002,8.761919291283586,8.760006898248294,0.0019123930352922,0.2617612315767684,24,0.7579167921367335,0.7578510298011029,6.576233563064526e-05,0.000585939986208,0.1055956053510881,0.1055838968720807,1.1708479007374596e-05,6.76381155992889e-05,0.1863925379582317,0.1863763326002092,1.6205358022496525e-05,0.0001439399454031,19A,"(50.0, 55.0]",0.5948459473000003,"(0.55, 0.6]",0.64940239149028,0.649320790209275,8.160128100498376e-05,0.0842449892105439,0.08423542513613856,9.56407440533269e-06,0.1591297520168908,0.15911545339135985,1.4298625530956288e-05,0.6134364297506181,0.0011731315558495949
100,2099.0,10146.0,3144.560940321951,3239.1071290848126,94.54618876286168,2703.3869629,2755.4001465,52.01318360000005,8.413684727997884,8.41202736916641,0.0016573588314745,0.2468576143711155,23,0.7580857807833631,0.7580222005698959,6.358021346748551e-05,0.0005097217210792,0.1055861725096307,0.1055745227952045,1.1649714426199408e-05,5.989223982194592e-05,0.1864340088887768,0.1864183353582897,1.5673530487133554e-05,0.0001252375011139,19A,"(50.0, 55.0]",0.5721450196000005,"(0.55, 0.6]",0.6496121103914332,0.6495332009257402,7.890946569300006e-05,0.08423728398735428,0.08422776795527176,9.516032082518278e-06,0.15916634383139486,0.15915251425071006,1.3829580684798781e-05,0.6134216157895829,0.0010166597323462228
101,2100.0,10146.000000000002,3144.019343255135,3240.079743191991,96.0603999368559,2703.0830078,2755.9245605,52.84155270000019,8.761919291283586,8.760258378043893,0.0016609132396929,0.2504863761261784,24,0.7579167921367335,0.7578554884218233,6.130371491014826e-05,0.0004981247622777,0.1055956053510881,0.1055842420908272,1.1363260260827124e-05,5.7526170956556655e-05,0.1863925379582317,0.186377424588888,1.5113369343691674e-05,0.000122366313943,19A,"(50.0, 55.0]",0.5812570797000021,"(0.55, 0.6]",0.64940239149028,0.6493263224941012,7.606899617884633e-05,0.0842449892105439,0.0842357071274454,9.28208309849965e-06,0.1591297520168908,0.15911641689335454,1.3335123536267757e-05,0.6134364297506181,0.001018864687882745
102,2101.0,10145.999999999996,3144.2359820105885,3240.2584247249865,96.02244271439804,2703.2045898,2756.020752,52.81616219999978,8.761919291283586,8.760258378043893,0.0016609132396929,0.2504863761261784,24,0.7579167921367335,0.7578554884218233,6.130371491014826e-05,0.0004981247622777,0.1055956053510881,0.1055842420908272,1.1363260260827124e-05,5.7526170956556655e-05,0.1863925379582317,0.186377424588888,1.5113369343691674e-05,0.000122366313943,19A,"(50.0, 55.0]",0.5809777841999976,"(0.55, 0.6]",0.64940239149028,0.6493263224941012,7.606899617884633e-05,0.0842449892105439,0.0842357071274454,9.28208309849965e-06,0.1591297520168908,0.15911641689335454,1.3335123536267757e-05,0.6134364297506181,0.001018864687882745
103,2102.0,10145.0,3146.219395839283,3243.5430704612445,97.32367462196136,2702.7243652,2756.0976562,53.37329099999988,8.761919291283586,8.7603541043498,0.0015651869337869,0.2461504337426012,24,0.7579167921367335,0.7578570471553765,5.974498135686198e-05,0.000454491433492,0.1055956053510881,0.105584330752498,1.1274598590085838e-05,5.250212407259536e-05,0.1863925379582317,0.1863778056715414,1.4732286690276784e-05,0.0001116469552132,19A,"(50.0, 55.0]",0.5871062009999987,"(0.55, 0.6]",0.64940239149028,0.6493282565874484,7.413490283159074e-05,0.0842449892105439,0.08423577955057743,9.209659966466499e-06,0.1591297520168908,0.15911675313676168,1.2998880129122536e-05,0.6134364297506181,0.0009601426845545529
104,2102.0,10144.999999999998,3146.219395839283,3243.5430704612445,97.32367462196136,2702.7243652,2756.0976562,53.37329099999988,8.761919291283586,8.7603541043498,0.0015651869337869,0.2461504337426012,24,0.7579167921367335,0.7578570471553765,5.974498135686198e-05,0.000454491433492,0.1055956053510881,0.105584330752498,1.1274598590085838e-05,5.250212407259536e-05,0.1863925379582317,0.1863778056715414,1.4732286690276784e-05,0.0001116469552132,19A,"(50.0, 55.0]",0.5871062009999987,"(0.55, 0.6]",0.64940239149028,0.6493282565874484,7.413490283159074e-05,0.0842449892105439,0.08423577955057743,9.209659966466499e-06,0.1591297520168908,0.15911675313676168,1.2998880129122536e-05,0.6134364297506181,0.0009601426845545529
105,2103.0,10144.999999999998,3145.585253033142,3240.343748531556,94.7584954984136,2702.3691406,2754.378418,52.00927739999997,8.761919291283586,8.7603541043498,0.0015651869337869,0.2461504337426012,24,0.7579167921367335,0.7578570471553765,5.974498135686198e-05,0.000454491433492,0.1055956053510881,0.105584330752498,1.1274598590085838e-05,5.250212407259536e-05,0.1863925379582317,0.1863778056715414,1.4732286690276784e-05,0.0001116469552132,19A,"(50.0, 55.0]",0.5721020513999997,"(0.55, 0.6]",0.64940239149028,0.6493282565874484,7.413490283159074e-05,0.0842449892105439,0.08423577955057743,9.209659966466499e-06,0.1591297520168908,0.15911675313676168,1.2998880129122536e-05,0.6134364297506181,0.0009601426845545529
106,2104.0,10144.999999999998,3146.6508746060804,3241.8684466871987,95.2175720811183,2702.9660645,2755.1977539,52.23168940000005,8.761919291283586,8.7603541043498,0.0015651869337869,0.2461504337426012,24,0.7579167921367335,0.7578570471553765,5.974498135686198e-05,0.000454491433492,0.1055956053510881,0.105584330752498,1.1274598590085838e-05,5.250212407259536e-05,0.1863925379582317,0.1863778056715414,1.4732286690276784e-05,0.0001116469552132,19A,"(50.0, 55.0]",0.5745485834000006,"(0.55, 0.6]",0.64940239149028,0.6493282565874484,7.413490283159074e-05,0.0842449892105439,0.08423577955057743,9.209659966466499e-06,0.1591297520168908,0.15911675313676168,1.2998880129122536e-05,0.6134364297506181,0.0009601426845545529
107,2105.0,10144.999999999996,3151.5846298928145,3250.371079796722,98.7864499039074,2703.3198242,2757.2265625,53.90673830000014,9.110104155843873,9.108439420310669,0.001664735533204,0.2488647827394353,25,0.7577558557982207,0.7576953410303235,6.051476789717736e-05,0.0003631961857504,0.105603140404657,0.105591542153578,1.1598251079001363e-05,4.146028485263464e-05,0.1863530397859271,0.1863381132383526,1.4926547574538596e-05,8.920620922381328e-05,19A,"(50.0, 55.0]",0.5929741213000016,"(0.55, 0.6]",0.6492027046617544,0.6491276288912278,7.507577052667802e-05,0.08425114424796945,0.08424167018076648,9.474067202974723e-06,0.15909490137001006,0.15908173127330297,1.317009670709357e-05,0.6134504513062311,0.001021232764149513
108,2106.0,10145.000000000004,3150.9504406269475,3246.5982107051336,95.64777007818611,2703.8134766,2756.2512207,52.43774410000015,8.761919291283586,8.760370478127939,0.0015488131556473,0.2453750632021588,24,0.7579167921367335,0.7578573028425805,5.948929415299879e-05,0.0004462479649552,0.1055956053510881,0.1055843424434209,1.1262907667189404e-05,5.15537113957576e-05,0.1863925379582317,0.1863778681229168,1.466983531496028e-05,0.0001096218115241,19A,"(50.0, 55.0]",0.5768151851000016,"(0.55, 0.6]",0.64940239149028,0.6493285738472198,7.381764306024774e-05,0.0842449892105439,0.08423578910028776,9.200110256138427e-06,0.1591297520168908,0.15911680823993873,1.2943776952073494e-05,0.6134364297506181,0.000950098412551068
109,2107.0,10145.000000000002,3153.561761502667,3248.907984465399,95.34622296273164,2705.2741699,2757.4912109,52.217041000000336,8.761919291283586,8.760432155583231,0.0014871357003549,0.2426358470230692,24,0.7579167921367335,0.7578581249079602,5.866722877314693e-05,0.0004075044924416,0.1055956053510881,0.1055843485559236,1.1256795164449327e-05,4.709004675162998e-05,0.1863925379582317,0.1863780682520387,1.4469706193033042e-05,0.0001001037419851,19A,"(50.0, 55.0]",0.5743874510000038,"(0.55, 0.6]",0.64940239149028,0.6493295938765238,7.279761375622584e-05,0.0842449892105439,0.08423579409327513,9.19511726876765e-06,0.1591297520168908,0.15911698482133324,1.2767195557567002e-05,0.6134364297506181,0.0009122632145803949
110,2108.0,10145.0,3158.625863990099,3249.417848271169,90.79198428107064,2708.1022949,2757.7646484,49.662353500000336,8.413684727997884,8.412262257837863,0.0014224701600209,0.2360389814087936,23,0.7580857807833631,0.7580259428351261,5.983794823715283e-05,0.000385491921752,0.1055861725096307,0.1055747007627948,1.147174683585847e-05,4.534297925418152e-05,0.1864340088887768,0.1864192497402543,1.475914852254396e-05,9.47131784577726e-05,19A,"(45.0, 50.0]",0.5462858885000037,"(0.5, 0.55]",0.6496121103914332,0.6495378452904318,7.426510100139172e-05,0.08423728398735428,0.0842279133271534,9.370660200874736e-06,0.15916634383139486,0.1591533210558912,1.3022775503662709e-05,0.6134216157895829,0.0008725739439724871
111,2109.0,10145.000000000002,3167.9887031461094,3257.964601180852,89.97589803474193,2711.8388672,2760.7546387,48.91577150000012,8.413684727997884,8.412270983405673,0.0014137445922113,0.236750374807778,23,0.7580857807833631,0.758024549869716,6.123091364709425e-05,0.0002760804782913,0.1055861725096307,0.1055742586913185,1.191381831216307e-05,3.252033266076815e-05,0.1864340088887768,0.1864189017376674,1.5107151109392824e-05,6.783008415001124e-05,19A,"(45.0, 50.0]",0.5380734865000013,"(0.5, 0.55]",0.6496121103914332,0.6495361165384704,7.59938529627524e-05,0.08423728398735428,0.08422755222343563,9.731763918649494e-06,0.15916634383139486,0.15915301399568044,1.3329835714420701e-05,0.6134216157895829,0.0008672214920680406
112,2110.0,10145.000000000002,3175.934251701902,3263.341727567669,87.40747586576663,2714.689209,2761.8886719,47.19946290000007,8.065203013192326,8.063539182691027,0.0016638305012985,0.2471463328356359,22,0.7582605754077982,0.7581905841583317,6.999124946638347e-05,0.0003184914034519,0.1055745186545071,0.1055613076290603,1.3211025446844474e-05,4.385251283622882e-05,0.1864768998149646,0.1864596342571312,1.7265557833389224e-05,7.837959003442752e-05,19A,"(45.0, 50.0]",0.5191940919000008,"(0.5, 0.55]",0.6498290787627524,0.6497421949190411,8.68838437113606e-05,0.08422776457296519,0.08421697324962242,1.0791323342765335e-05,0.15920418915092804,0.15918895461016622,1.5234540761827065e-05,0.613406179734454,0.0010206039115271744
113,2111.0,10144.999999999998,3186.4662842491084,3265.482305872389,79.01602162328072,2720.4699707,2763.0227051,42.55273440000019,7.367804655049277,7.366208204698826,0.0015964503504504,0.2485468820082995,20,0.7586553398086986,0.7585836153633785,7.172444532022038e-05,0.000337182715054,0.1055480005143075,0.1055347320791963,1.326843511112452e-05,4.830558141177832e-05,0.1865737652264361,0.186556075831675,1.76893947611112e-05,8.301420435052886e-05,19A,"(40.0, 45.0]",0.468080078400002,"(0.45, 0.5]",0.6503192554709725,0.6502301786137232,8.90768572492373e-05,0.08420610350163919,0.08419526541374302,1.0838087896175574e-05,0.15928966164783684,0.15927405258534932,1.5609062487514924e-05,0.6133713075631706,0.0009792168389154438
114,2112.0,10144.999999999998,3194.4502104386224,3274.9575726085336,80.50736216991118,2724.8349609,2768.03125,43.19628909999983,7.367804655049277,7.365808370746984,0.0019962843022929,0.2639321703075868,20,0.7586553398086986,0.7585729147453105,8.242506338796973e-05,0.0004306481825289,0.1055480005143075,0.1055332996598023,1.4700854505156346e-05,6.085073169570521e-05,0.1865737652264361,0.1865534429271706,2.032229926547946e-05,0.0001060114529258,19A,"(40.0, 45.0]",0.4751591800999982,"(0.45, 0.5]",0.6503192554709725,0.6502168898257801,0.00010236564519239266,0.08420610350163919,0.0841940953710384,1.200813060078798e-05,0.15928966164783684,0.15927172932775127,1.7932320085567444e-05,0.6133713075631706,0.0012244635127652277
115,2113.0,10144.999999999998,3206.409895278366,3281.1129743494994,74.70307907113329,2730.8112793,2770.6774902,39.86621090000017,7.019109320969807,7.016230671291099,0.0028786496787081,0.2890937928965098,19,0.7588841799256796,0.758778825739262,0.0001053541864174,0.0005964372426762,0.1055337936905759,0.1055163313784764,1.7462312099378757e-05,8.375033998819781e-05,0.1866299190728512,0.1866039603636538,2.595870919733965e-05,0.0001468152760114,19A,"(35.0, 40.0]",0.4385283199000018,"(0.4, 0.45]",0.6506035097998996,0.6504726342689158,0.00013087553098378724,0.08419449890996167,0.08418023523253838,1.4263677423284604e-05,0.15933921227100278,0.1593163059648108,2.2906306191977643e-05,0.6133511627328406,0.0017656231275361314
116,2114.0,10144.999999999998,3215.2452315364726,3279.828192411804,64.58296087533154,2737.0043945,2771.5505371,34.54614259999971,5.972014965399698,5.970071629171369,0.0019433362283285,0.2452476852648992,16,0.7597376814848974,0.7596512120961249,8.646938877262395e-05,0.0004221486652218,0.1054792866015329,0.1054651929385107,1.4093663022227145e-05,6.157149468877243e-05,0.1868393523694015,0.1868180521878203,2.1300181581265787e-05,0.0001039477712025,19A,"(30.0, 35.0]",0.3800075685999968,"(0.35, 0.4]",0.6516643682960257,0.6515568424912886,0.00010752580473705198,0.08414997645381636,0.08413846465280068,1.151180101567617e-05,0.15952402678578723,0.15950522979438395,1.8796991403280394e-05,0.6132759426975805,0.0011918013574065212
117,2115.0,10144.999999999993,3224.502815898093,3285.451624306565,60.94880840847191,2742.0144043,2774.5144043,32.5,5.618558803964179,5.61558578590629,0.0029730180578892,0.2618766569605124,15,0.7599608035418485,0.7598387198474817,0.0001220836943667,0.0005570899091749,0.1054148394401572,0.1053966130448413,1.8226395315908604e-05,7.990507694877191e-05,0.1868939747635332,0.1868639219921074,3.0052771425833253e-05,0.000137150678098,19A,"(30.0, 35.0]",0.3575,"(0.35, 0.4]",0.6519418743270653,0.6517900247576225,0.00015184956944280792,0.08409733616776666,0.0840824491702337,1.4886997532950752e-05,0.15957223063250545,0.15954570917350439,2.6521459001060954e-05,0.6132533054554837,0.0018232131511793945
118,2116.0,10145.0,3233.5652289533896,3288.1019690451853,54.53674009179576,2746.8994141,2775.9094238,29.010009699999955,5.266493369301953,5.262944567233923,0.00354880206803,0.2752650112966767,14,0.760257643002303,0.7601169750336546,0.0001406679686483,0.0005968862925943,0.1053413619942907,0.1053213362826077,2.0025711682969405e-05,8.514364647693728e-05,0.1869666799734111,0.186932065128589,3.4614844822137124e-05,0.0001469372831061,19A,"(25.0, 30.0]",0.3191101066999995,"(0.3, 0.35]",0.6523111793997892,0.652136154829875,0.00017502456991425053,0.08403732183829561,0.08402096574096032,1.6356097335287756e-05,0.15963639389519543,0.15960584564982003,3.054824537540579e-05,0.6132239256085595,0.0021762103353651307
119,2117.0,10145.0,3243.418944616471,3292.072007612587,48.653062996116205,2750.9301758,2776.7104492,25.780273399999714,4.917700191561638,4.914187186531675,0.0035130050299629,0.2984564989193672,13,0.7607888975632343,0.7606427497800428,0.0001461477831914,0.0005439286473887,0.1052785585275811,0.1052584250995325,2.013342804865545e-05,7.785841660379322e-05,0.1870969822538025,0.1870610286990035,3.595355479895774e-05,0.0001339014891221,19A,"(25.0, 30.0]",0.2835830073999968,"(0.25, 0.3]",0.6529724501599901,0.6527904935048158,0.00018195665517428683,0.08398602729766959,0.08396958368976386,1.644360790573063e-05,0.1597513914947237,0.15971966033375917,3.173116096452655e-05,0.613175423973257,0.0021540883486676856
120,2118.0,10145.000000000004,3253.2147092963,3295.509441964503,42.29473266820287,2756.1625977,2778.512207,22.34960930000034,3.8955237502029054,3.892280015196656,0.0032437350062504,0.2773085048825384,10,0.7643004584759725,0.7641497114246616,0.0001507470513109,0.0004285062674734,0.1052397667223153,0.1052204310129985,1.933570931678119e-05,6.235490868333748e-05,0.1879592478529636,0.1879221806232848,3.706722967873333e-05,0.000105496311137,19A,"(20.0, 25.0]",0.2458457023000037,"(0.2, 0.25]",0.657353901089465,0.6571654354686614,0.00018846562080365725,0.08395434493618249,0.08393855312451563,1.5791811666859834e-05,0.16051251533977237,0.1604797911549089,3.272418486346962e-05,0.6128769537898319,0.0019880104295321864
121,2119.0000000000005,10145.0,3261.1753906146228,3304.05626876765,42.88087815302743,2760.3991699,2782.9816895,22.58251960000007,4.233196172682985,4.228756562977236,0.0044396097057486,0.3151319585686953,11,0.7627972561090833,0.7625918397826276,0.0002054163264557,0.0005685576053077,0.1051932634521696,0.1051668290742074,2.6434377962226595e-05,8.240662063896398e-05,0.187589976467415,0.1875394663380306,5.051012938441588e-05,0.0001399782234138,19A,"(20.0, 25.0]",0.2484077156000007,"(0.2, 0.25]",0.65547608854434,0.6552197408362803,0.0002563477080597121,0.08391636513610368,0.08389477620623646,2.1588929867213946e-05,0.16018652973599196,0.1601419437409084,4.4585995083556984e-05,0.613001061531212,0.0027214854624081635
122,2119.0,10145.999999999996,3263.687951289636,3310.8009003274224,47.11294903778662,2761.7336426,2786.4973145,24.763671899999736,4.572758751550297,4.568374625139725,0.0043841264105717,0.3425715994927734,12,0.761610112591533,0.761413078735861,0.0001970338556719,0.0005811701723237,0.1051766301245352,0.1051508790334863,2.575109104883492e-05,8.402869110224476e-05,0.1872983977484535,0.1872499448394013,4.845290905213425e-05,0.0001430830962559,19A,"(20.0, 25.0]",0.272400390899997,"(0.25, 0.3]",0.6539954640821107,0.6537499218852174,0.00024554219689332246,0.08390278068407571,0.08388174994883899,2.103073523672394e-05,0.15992916029365514,0.15988639470426477,4.276558939037001e-05,0.613100187186165,0.002687908722969319
123,2120.0,10146.000000000004,3270.545547084911,3321.5547125580106,51.00916547309953,2765.5437012,2792.2431641,26.699462899999617,4.913755804285896,4.90724161757008,0.0065141867158162,0.4078245227970952,13,0.7606240661347233,0.7603603200518059,0.0002637460829174,0.0008942158509285,0.1050969412482015,0.1050625276741908,3.441357401070032e-05,0.0001259890543127,0.1870560475892836,0.1869911882761031,6.485931318055672e-05,0.0002201084861166,19A,"(25.0, 30.0]",0.2936940918999958,"(0.25, 0.3]",0.6527672342969844,0.6524389526003782,0.0003282816966061475,0.0838377001318169,0.0838095958750969,2.810425672000738e-05,0.15971526423907778,0.15965802315878758,5.724108029020458e-05,0.6131785960612978,0.003994359864885334
124,2121.0,10146.000000000004,3276.2777700024467,3335.9009672932907,59.62319729084402,2768.5722656,2799.6520996,31.07983400000012,5.257629022184287,5.247632074670699,0.0099969475135877,0.4470534079650923,14,0.7599183103760784,0.7595444480961362,0.0003738622799422,0.0014138888764673,0.1050397407501345,0.1049908625045424,4.887824559210045e-05,0.000194925176834,0.186882589890604,0.1867906450675942,9.19448230097819e-05,0.0003479617742065,19A,"(30.0, 35.0]",0.3418781740000013,"(0.3, 0.35]",0.6518890181855865,0.6514240952618513,0.0004649229237352337,0.0837909869016937,0.08375107106065785,3.991584103585355e-05,0.15956218349077073,0.15948104376150937,8.11397292613536e-05,0.6132346662337794,0.006130474771851564
125,2122.0,10146.000000000002,3282.730614064351,3351.833641376321,69.10302731196998,2771.9724121,2807.8173828,35.844970699999976,6.288754013322509,6.280776968747439,0.0079770445750702,0.502565426954001,17,0.7583401566898327,0.7580890881256775,0.000251068564155,0.0014733648418872,0.1049871346842645,0.1049521876840406,3.4947000223890394e-05,0.0002012671803938,0.1864949217732195,0.1864331464456937,6.177532752585206e-05,0.0003625791878272,19A,"(35.0, 40.0]",0.3942946776999997,"(0.35, 0.4]",0.6499278759627812,0.6496162152996409,0.00031166066314036733,0.0837480268165264,0.08371948835104023,2.8538465486172004e-05,0.1592200912145652,0.15916558285045493,5.450836411027837e-05,0.6133644146833789,0.004892835276691156
126,2123.000000000004,10146.0,3287.8644315052125,3357.6301903939698,69.76575888875732,2774.6716309,2810.7658691,36.09423820000029,6.631278726292173,6.6204690997271545,0.0108096265650186,0.54164616353392,18,0.7579029068302376,0.7575983978418446,0.0003045089883929,0.001690111585186,0.1049506675190706,0.1049087837054552,4.188381361542993e-05,0.000229524908502,0.1863874599741163,0.1863125390708616,7.492090325466543e-05,0.0004158978370815,19A,"(35.0, 40.0]",0.3970366202000032,"(0.35, 0.4]",0.6493851613607542,0.6490073705281538,0.0003777908326003665,0.08371824696214684,0.08368404436442159,3.4202597725255246e-05,0.15912527150257794,0.15905916665780306,6.610484477487244e-05,0.613399036243834,0.006630614517138155
127,2124.0,10146.999999999998,3291.259815595581,3384.216128431166,92.95631283558488,2776.2741699,2823.9963379,47.72216800000024,8.673418996033654,8.661361023042002,0.0120579729916521,0.6909338114984753,24,0.7555625676673232,0.7552369383030376,0.0003256293642853,0.0021356135552333,0.1047080374079495,0.1046645609340772,4.34764738722615e-05,0.000239347228911,0.1858121541672483,0.1857320489993105,8.01051679377764e-05,0.0005246106806806,19A,"(45.0, 50.0]",0.5249438480000026,"(0.5, 0.55]",0.6464850972315701,0.6460822242484303,0.00040287298313979036,0.08352012260706744,0.08348462333905804,3.549926800940073e-05,0.15861770847693918,0.1585470440913566,7.06643855825917e-05,0.6135812551060679,0.007398546202252964
128,2125.0,10146.999999999998,3295.9355751283524,3392.820586919047,96.88501179069452,2778.723877,2828.2299805,49.50610349999988,8.994028808701144,8.959121337177594,0.0349074715235495,2.070201537538009,25,0.7539145847254871,0.7513610981129617,0.0025534866125255,0.0171512870309187,0.1042298565644256,0.103933972101089,0.0002958844633366,0.0020724761427066,0.1854062521317153,0.1847787887736585,0.0006274633580567,0.0042160779225454,19A,"(45.0, 50.0]",0.5445671384999987,"(0.5, 0.55]",0.6444477816173471,0.6412988526787787,0.0031489289385683294,0.08312971830860386,0.08288818968647797,0.00024152862212588333,0.15825966493197052,0.15770628637738077,0.0005533785545897563,0.6136906232827977,0.021422387956513602
129,2126.0,10146.999999999998,3301.064871502616,3406.443080289904,105.37820878728826,2781.4052734,2834.8076172,53.402343799999926,9.285059185836197,9.280289639962763,0.0047695458734295,0.4729290562766335,25,0.757155379570311,0.7569114652863399,0.000243914283971,0.0009607566186587,0.1044547119989403,0.1044239746765192,3.073732242114158e-05,0.0001236682876099,0.186202711680796,0.1861427383590356,5.997332176035375e-05,0.0002362835414591,19A,"(50.0, 55.0]",0.5874257817999992,"(0.55, 0.6]",0.6484579802423781,0.6481556231225793,0.00030235711979875735,0.08331328798404879,0.08328819324771326,2.5094736335523615e-05,0.15896226604482058,0.15890935324914388,5.291279567670726e-05,0.6134322116407733,0.002925793073659982
130,2127.0,10147.000000000002,3306.1674570640894,3413.8482335485223,107.68077648443295,2784.0673828,2838.3110352,54.24365239999997,8.944682387289186,8.939746553902173,0.0049358333870124,0.4817565294420694,24,0.7578648876800523,0.7576104581841577,0.0002544294958947,0.0010241820161547,0.1044933774711135,0.1044613264340683,3.205103704522853e-05,0.0001334827528842,0.1863770452237288,0.1863144857625032,6.255946122561233e-05,0.0002519117557588,19A,"(50.0, 55.0]",0.5966801763999997,"(0.55, 0.6]",0.6493379852488205,0.6490223306738824,0.0003156545749380957,0.08334485595980984,0.0833186882236822,2.6167736127638563e-05,0.1591160821654022,0.1590608842566976,5.519790870461838e-05,0.6133749192508942,0.0030275164051945984
131,2128.0,10146.999999999998,3310.0054755036326,3417.2940912779145,107.28861577428188,2786.3012695,2840.333252,54.031982499999685,8.604904446064866,8.59993784043222,0.0049666056326458,0.4642120707874205,23,0.7586142530655142,0.758366929306657,0.000247323758857,0.0010925932525234,0.1045328949535495,0.1045013742042432,3.15207493063656e-05,0.0001428595584372,0.1865611684546212,0.1865003484362522,6.082001836886207e-05,0.0002687470150583,19A,"(50.0, 55.0]",0.5943518074999965,"(0.55, 0.6]",0.6502682276200721,0.649961115261422,0.0003071123586501079,0.08337712011955621,0.08335138486856644,2.5735250989769587e-05,0.15927854628854538,0.15922487956794185,5.366672060352906e-05,0.6133143001189667,0.003046090257553077
132,2129.0,10146.999999999996,3314.313221682203,3420.939406716838,106.626185034635,2788.5419922,2842.0419922,53.5,8.26557261606831,8.260207616573634,0.0053649994946756,0.4702209603464899,22,0.7594019106288364,0.7591406307841919,0.0002612798446447,0.0011889117524938,0.1045720783253839,0.1045387473477926,3.333097759131911e-05,0.000156194877287,0.186754694127947,0.1866904406305173,6.425349742967722e-05,0.0002924520999698,19A,"(50.0, 55.0]",0.5885,"(0.55, 0.6]",0.651246894505261,0.6509221523760239,0.0003247421292370545,0.08340911206280127,0.08338189837230184,2.7213690499433563e-05,0.15944931840340815,0.15939261811929778,5.670028411036698e-05,0.6132504113358099,0.003290088146926224
133,2130.000000000008,10147.0,3318.458591704273,3420.939406716838,102.48081501256502,2790.6945801,2842.0419922,51.34741209999993,7.925571533284941,7.919833692503573,0.0057378407813679,0.4741059446217523,21,0.7602145634288332,0.7599406675808572,0.0002738958479759,0.0012840326503759,0.1046082545629608,0.104573264622244,3.498994071680718e-05,0.0001688812564728,0.1869543503499389,0.1868869925944192,6.735775551975063e-05,0.0003158537901879,19A,"(50.0, 55.0]",0.5648215330999992,"(0.55, 0.6]",0.6522575750173265,0.6519168273983761,0.00034074761895042105,0.0834386492822251,0.08341008064427646,2.856863794863107e-05,0.1596255127292023,0.15956606886867472,5.944386052758599e-05,0.6131842099649798,0.003518353366427918
134,2131.0,10148.000000000002,3320.03753374615,3422.7396181960053,102.7020844498552,2791.513916,2842.8813477,51.3674317,7.584362267712801,7.578500963629854,0.0058613040829467,0.475367919764144,20,0.761062936521907,0.7607800822356451,0.0002828542862619,0.0013698629424127,0.1046418249595223,0.104605620898209,3.6204061313288574e-05,0.000179750667811,0.1871627722997851,0.1870932094821112,6.956281767380168e-05,0.0003369594890317,19A,"(50.0, 55.0]",0.5650417487,"(0.55, 0.6]",0.6533137186063223,0.6529614740234434,0.00035224458287885785,0.08346605931341641,0.08343649892805308,2.9560385363336383e-05,0.15980945620459105,0.15974806177895137,6.139442563968256e-05,0.6131148167079916,0.003593652378485669
135,2132.0,10147.999999999998,3321.842626755017,3418.7512087251525,96.9085819701354,2793.6303711,2842.3811035,48.75073239999983,7.584362267712801,7.5787551081728735,0.0056071595399274,0.452792601919226,20,0.761062936521907,0.7607991387526224,0.0002637977692846,0.0013431776386393,0.1046418249595223,0.1046077541524947,3.4070807027675174e-05,0.0001755721427236,0.1871627722997851,0.1870978906162834,6.488168350160528e-05,0.0003303839206708,19A,"(45.0, 50.0]",0.5362580563999982,"(0.5, 0.55]",0.6533137186063223,0.6529852018088717,0.00032851679745060647,0.08346605931341641,0.0834382407031713,2.7818610245117226e-05,0.15980945620459105,0.15975219318421696,5.726302037409314e-05,0.6131148167079916,0.0034378325935750546
136,2133.0,10148.0,3331.9472076963134,3420.3362726390883,88.3890649427749,2797.6713867,2842.0419922,44.37060550000024,6.901744613098937,6.895256353848144,0.0064882592507933,0.4393337395248183,18,0.7629950608556575,0.7627163695789405,0.000278691276717,0.001670653598875,0.1047132969915028,0.104676644320204,3.66526712987092e-05,0.0002156111759435,0.1876374320657309,0.1875688748880662,6.855717766466689e-05,0.00041088906899,19A,"(40.0, 45.0]",0.4880766605000026,"(0.45, 0.5]",0.655722996485282,0.6553751393721663,0.00034785711311569045,0.08352441719230444,0.08349448955590608,2.99276363983636e-05,0.1602284201918492,0.1601679029793451,6.0517212504107576e-05,0.6129563595770018,0.0039770197703580664
137,2134.0,10147.999999999998,3334.7532154921305,3420.0995937487487,85.34637825661821,2799.1140137,2841.9289551,42.81494139999995,6.560714811084892,6.553816903399543,0.0068979076853485,0.4402783566491748,17,0.7640936356090565,0.763801119848291,0.0002925157607654,0.0017571334557966,0.1047503437736315,0.1047117518685308,3.859190510076516e-05,0.0002255234964086,0.1879073078389769,0.1878353475850696,7.196025390732164e-05,0.0004321366508105,19A,"(40.0, 45.0]",0.4709643553999995,"(0.45, 0.5]",0.6570953374744426,0.6567297516024143,0.0003655858720282845,0.0835546671319303,0.08352315555860122,3.1511573329076614e-05,0.1604666610882283,0.1604031337647985,6.352732342979062e-05,0.6128659778649952,0.004227492938803574
138,2135.0,10147.999999999998,3335.0025857202445,3417.891201066091,82.88861534584657,2800.4365234,2841.9733887,41.536865300000045,6.560714811084892,6.554252570228042,0.0064622408568499,0.446814439516247,17,0.7640936356090565,0.763795365161243,0.0002982704478133,0.001616100538851,0.1047503437736315,0.1047113791935182,3.896458011328175e-05,0.0002068744256022,0.1879073078389769,0.1878339387608496,7.336907812732447e-05,0.000397438559258,19A,"(40.0, 45.0]",0.4569055183000005,"(0.45, 0.5]",0.6570953374744426,0.6567225606741192,0.00037277680032343774,0.0835546671319303,0.08352285125974541,3.181587218488435e-05,0.1604666610882283,0.16040189005530284,6.477103292545916e-05,0.6128659778649952,0.0039604875619324385
139,2136.0,10147.999999999998,3333.122674468884,3415.3186695099853,82.19599504110147,2801.1303711,2842.6074219,41.47705080000014,6.560714811084892,6.5545986603668025,0.0061161507180891,0.423724224998639,17,0.7640936356090565,0.7638212000208794,0.000272435588177,0.0015752177365456,0.1047503437736315,0.1047144012982507,3.594247538081111e-05,0.0002016732215848,0.1879073078389769,0.1878402875775126,6.702026146436256e-05,0.0003873862702834,19A,"(40.0, 45.0]",0.4562475588000015,"(0.45, 0.5]",0.6570953374744426,0.6567548437219409,0.00034049375250166936,0.0835546671319303,0.08352531888846158,2.9348243468715896e-05,0.1604666610882283,0.16040749479326255,5.916629496574566e-05,0.6128659778649952,0.003748380690611369
140,2137.0,10147.999999999998,3333.808182209676,3419.2002253819774,85.39204317230133,2801.484375,2844.4724121,42.98803709999993,6.560714811084892,6.5545986603668025,0.0061161507180891,0.423724224998639,17,0.7640936356090565,0.7638212000208794,0.000272435588177,0.0015752177365456,0.1047503437736315,0.1047144012982507,3.594247538081111e-05,0.0002016732215848,0.1879073078389769,0.1878402875775126,6.702026146436256e-05,0.0003873862702834,19A,"(40.0, 45.0]",0.4728684080999992,"(0.45, 0.5]",0.6570953374744426,0.6567548437219409,0.00034049375250166936,0.0835546671319303,0.08352531888846158,2.9348243468715896e-05,0.1604666610882283,0.16040749479326255,5.916629496574566e-05,0.6128659778649952,0.003748380690611369
141,2138.0,10148.000000000002,3333.821892407094,3423.728196543289,89.9063041361951,2801.4914551,2846.6323242,45.14086909999969,6.560714811084892,6.5545986603668025,0.0061161507180891,0.423724224998639,17,0.7640936356090565,0.7638212000208794,0.000272435588177,0.0015752177365456,0.1047503437736315,0.1047144012982507,3.594247538081111e-05,0.0002016732215848,0.1879073078389769,0.1878402875775126,6.702026146436256e-05,0.0003873862702834,19A,"(45.0, 50.0]",0.4965495600999965,"(0.45, 0.5]",0.6570953374744426,0.6567548437219409,0.00034049375250166936,0.0835546671319303,0.08352531888846158,2.9348243468715896e-05,0.1604666610882283,0.16040749479326255,5.916629496574566e-05,0.6128659778649952,0.003748380690611369
142,2139.0,10147.999999999998,3333.528778723029,3424.4744452790023,90.94566655597282,2801.3400879,2846.986084,45.64599610000005,6.560714811084892,6.5545986603668025,0.0061161507180891,0.423724224998639,17,0.7640936356090565,0.7638212000208794,0.000272435588177,0.0015752177365456,0.1047503437736315,0.1047144012982507,3.594247538081111e-05,0.0002016732215848,0.1879073078389769,0.1878402875775126,6.702026146436256e-05,0.0003873862702834,19A,"(45.0, 50.0]",0.5021059571000005,"(0.5, 0.55]",0.6570953374744426,0.6567548437219409,0.00034049375250166936,0.0835546671319303,0.08352531888846158,2.9348243468715896e-05,0.1604666610882283,0.16040749479326255,5.916629496574566e-05,0.6128659778649952,0.003748380690611369
143,2140.0,10147.999999999996,3329.952977634085,3427.203524096261,97.2505464621754,2800.935791,2849.7900391,48.85424809999995,6.901744613098937,6.895934731957926,0.0058098811410109,0.4144882073746163,18,0.7629950608556575,0.7627383142957728,0.0002567465598847,0.0015236174042558,0.1047132969915028,0.1046793131001588,3.398389134395213e-05,0.0001960469850438,0.1876374320657309,0.1875742695306316,6.31625350992852e-05,0.0003747142626758,19A,"(45.0, 50.0]",0.5373967290999995,"(0.5, 0.55]",0.655722996485282,0.6554025261762254,0.00032047030905657525,0.08352441719230444,0.08349666865117544,2.774854112899683e-05,0.1602284201918492,0.16017266491724574,5.575527460346952e-05,0.6129563595770018,0.0035612035937691187
144,2141.0,10148.0,3328.856570810788,3429.6962798008185,100.83970899003045,2800.3691406,2850.9709473,50.6018067,6.901744613098937,6.895934731957926,0.0058098811410109,0.4144882073746163,18,0.7629950608556575,0.7627383142957728,0.0002567465598847,0.0015236174042558,0.1047132969915028,0.1046793131001588,3.398389134395213e-05,0.0001960469850438,0.1876374320657309,0.1875742695306316,6.31625350992852e-05,0.0003747142626758,19A,"(50.0, 55.0]",0.5566198737,"(0.55, 0.6]",0.655722996485282,0.6554025261762254,0.00032047030905657525,0.08352441719230444,0.08349666865117544,2.774854112899683e-05,0.1602284201918492,0.16017266491724574,5.575527460346952e-05,0.6129563595770018,0.0035612035937691187
145,2142.0,10147.999999999996,3327.9237315259747,3432.1959874651543,104.27225593917956,2799.8869629,2852.1516113,52.264648399999714,7.242825666432697,7.237319832935812,0.0055058334968851,0.4139763095478663,19,0.7619816994924135,0.7617365987151592,0.0002451007772542,0.0014342144621936,0.1046761966225147,0.1046438254105815,3.237121193320086e-05,0.0001853177078158,0.1873884828836614,0.1873281868165845,6.029606707685639e-05,0.0003527400050666,19A,"(50.0, 55.0]",0.5749111323999969,"(0.55, 0.6]",0.6544586891532688,0.6541531204226929,0.0003055687305758559,0.08349412400488794,0.08346769268306269,2.6431321825254317e-05,0.16000867337026248,0.1599554531417652,5.322022849726937e-05,0.6130395112556009,0.0033752934759851572
146,2143.000000000001,10147.0,3326.7026795591537,3433.648603163233,106.94592360407889,2799.2548828,2852.8330078,53.578125,7.242825666432697,7.237319832935812,0.0055058334968851,0.4139763095478663,19,0.7619816994924135,0.7617365987151592,0.0002451007772542,0.0014342144621936,0.1046761966225147,0.1046438254105815,3.237121193320086e-05,0.0001853177078158,0.1873884828836614,0.1873281868165845,6.029606707685639e-05,0.0003527400050666,19A,"(50.0, 55.0]",0.589359375,"(0.55, 0.6]",0.6544586891532688,0.6541531204226929,0.0003055687305758559,0.08349412400488794,0.08346769268306269,2.6431321825254317e-05,0.16000867337026248,0.1599554531417652,5.322022849726937e-05,0.6130395112556009,0.0033752934759851572
147,2143.0,10146.999999999993,3324.297941561529,3430.769093691244,106.47115212971494,2799.2548828,2852.8330078,53.578125,7.242825666432697,7.237088082348892,0.0057375840838052,0.4039318885437739,19,0.7619816994924135,0.7617407478481178,0.0002409516442956,0.00151238315219,0.1046761966225147,0.1046440379738492,3.215864866550578e-05,0.0001945584910165,0.1873884828836614,0.1873292019454255,5.928093823589322e-05,0.0003719515674059,19A,"(50.0, 55.0]",0.589359375,"(0.55, 0.6]",0.6544586891532688,0.6541582924348798,0.0003003967183889955,0.08349412400488794,0.08346786624120173,2.6257763686213242e-05,0.16000867337026248,0.15995634913408502,5.232423617745896e-05,0.6130395112556009,0.003517365742523854
148,2144.0,10146.999999999993,3323.275485900376,3431.175790992816,107.90030509243934,2798.7260742,2853.0275879,54.30151370000021,7.584362267712801,7.578780749576504,0.0055815181362968,0.4000723041792045,20,0.761062936521907,0.7608311601304764,0.0002317763914307,0.0014188590248598,0.1046418249595223,0.1046109101640958,3.091479542647324e-05,0.0001827404368179,0.1871627722997851,0.1871057492557901,5.702304399497482e-05,0.0003489535678027,19A,"(50.0, 55.0]",0.5973166507000024,"(0.55, 0.6]",0.6533137186063223,0.6530250737002538,0.00028864490606850257,0.08346605931341641,0.08344081754977035,2.5241763646058346e-05,0.15980945620459105,0.1597591289601732,5.032724441786374e-05,0.6131148167079916,0.0034221114690879437
149,2145.0,10147.0,3322.430441599642,3431.1053716566853,108.67493005704318,2798.2888184,2852.9938965,54.70507810000026,7.584362267712801,7.578780749576504,0.0055815181362968,0.4000723041792045,20,0.761062936521907,0.7608311601304764,0.0002317763914307,0.0014188590248598,0.1046418249595223,0.1046109101640958,3.091479542647324e-05,0.0001827404368179,0.1871627722997851,0.1871057492557901,5.702304399497482e-05,0.0003489535678027,19A,"(50.0, 55.0]",0.6017558591000028,"(0.6, 0.65]",0.6533137186063223,0.6530250737002538,0.00028864490606850257,0.08346605931341641,0.08344081754977035,2.5241763646058346e-05,0.15980945620459105,0.1597591289601732,5.032724441786374e-05,0.6131148167079916,0.0034221114690879437
150,2146.0,10147.000000000002,3321.623615212908,3431.047709416374,109.42409420346576,2797.8713379,2852.9663086,55.094970699999976,7.584362267712801,7.578780749576504,0.0055815181362968,0.4000723041792045,20,0.761062936521907,0.7608311601304764,0.0002317763914307,0.0014188590248598,0.1046418249595223,0.1046109101640958,3.091479542647324e-05,0.0001827404368179,0.1871627722997851,0.1871057492557901,5.702304399497482e-05,0.0003489535678027,19A,"(55.0, 60.0]",0.6060446776999997,"(0.6, 0.65]",0.6533137186063223,0.6530250737002538,0.00028864490606850257,0.08346605931341641,0.08344081754977035,2.5241763646058346e-05,0.15980945620459105,0.1597591289601732,5.032724441786374e-05,0.6131148167079916,0.0034221114690879437
151,2147.0,10146.999999999998,3317.19210709172,3426.818496244888,109.62638915316757,2797.4802246,2852.8220215,55.34179690000019,7.925571533284941,7.919704849991366,0.0058666832935756,0.3983491267171322,21,0.7602145634288332,0.7599845171570606,0.0002300462717726,0.0014231987009913,0.1046082545629608,0.1045774684433874,3.0786119573395733e-05,0.0001827716711737,0.1869543503499389,0.1868977515517283,5.659879821062224e-05,0.0003500119433992,19A,"(55.0, 60.0]",0.6087597659000021,"(0.6, 0.65]",0.6522575750173265,0.6519713722314254,0.0002862027859010796,0.0834386492822251,0.08341351296242694,2.5136319798155227e-05,0.1596255127292023,0.15957556365431183,4.9949074890476286e-05,0.6131842099649798,0.0035973575604858997
152,2148.0,10147.0,3319.956090924345,3430.3862299051307,110.43013898078516,2797.1899414,2852.8398438,55.64990239999997,7.925571533284941,7.919519214327433,0.0060523189575079,0.4042372204841211,21,0.7602145634288332,0.7599798662050634,0.0002346972237696,0.0014606361169913,0.1046082545629608,0.104576888578537,3.136598442374371e-05,0.0001876680588547,0.1869543503499389,0.18689660800903,5.77423409089342e-05,0.000359221055846,19A,"(55.0, 60.0]",0.6121489263999997,"(0.6, 0.65]",0.6522575750173265,0.6519655867413346,0.0002919882759918613,0.0834386492822251,0.08341303951643265,2.5609765792439232e-05,0.1596255127292023,0.15957455447551822,5.095825368409135e-05,0.6131842099649798,0.003711186418415552
153,2149.0,10146.999999999998,3319.6226198729064,3430.525437829047,110.90281795614057,2797.0178223,2852.9077148,55.88989250000032,7.925571533284941,7.919519214327433,0.0060523189575079,0.4042372204841211,21,0.7602145634288332,0.7599798662050634,0.0002346972237696,0.0014606361169913,0.1046082545629608,0.104576888578537,3.136598442374371e-05,0.0001876680588547,0.1869543503499389,0.18689660800903,5.77423409089342e-05,0.000359221055846,19A,"(55.0, 60.0]",0.6147888175000035,"(0.6, 0.65]",0.6522575750173265,0.6519655867413346,0.0002919882759918613,0.0834386492822251,0.08341303951643265,2.5609765792439232e-05,0.1596255127292023,0.15957455447551822,5.095825368409135e-05,0.6131842099649798,0.003711186418415552
154,2150.0,10147.0,3319.3355035161844,3431.259034729581,111.92353121339649,2796.8696289,2853.2653809,56.3957519999999,7.925571533284941,7.919519214327433,0.0060523189575079,0.4042372204841211,21,0.7602145634288332,0.7599798662050634,0.0002346972237696,0.0014606361169913,0.1046082545629608,0.104576888578537,3.136598442374371e-05,0.0001876680588547,0.1869543503499389,0.18689660800903,5.77423409089342e-05,0.000359221055846,19A,"(55.0, 60.0]",0.6203532719999989,"(0.6, 0.65]",0.6522575750173265,0.6519655867413346,0.0002919882759918613,0.0834386492822251,0.08341303951643265,2.5609765792439232e-05,0.1596255127292023,0.15957455447551822,5.095825368409135e-05,0.6131842099649798,0.003711186418415552
155,2151.0,10146.999999999996,3316.5489084465557,3429.035810115104,112.48690166854884,2796.8962402,2853.5126953,56.61645509999971,7.925571533284941,7.9188971209821535,0.0066744123027877,0.4245644285990793,21,0.7602145634288332,0.7599637331087519,0.0002508303200812,0.0015849280943398,0.1046082545629608,0.104574893912994,3.3360649966808686e-05,0.0002040096243877,0.1869543503499389,0.1868926415928018,6.170875713712178e-05,0.0003897967932483,19A,"(55.0, 60.0]",0.6227810060999969,"(0.6, 0.65]",0.6522575750173265,0.6519455184370005,0.00031205658032595895,0.0834386492822251,0.08341141091993969,2.723836228540888e-05,0.1596255127292023,0.15957105410821884,5.445862098346632e-05,0.6131842099649798,0.004092644234865417
156,2152.0,10146.999999999996,3316.729260759086,3428.1329364187905,111.40367565970382,2796.9890137,2853.0708008,56.08178709999993,7.925571533284941,7.9188971209821535,0.0066744123027877,0.4245644285990793,21,0.7602145634288332,0.7599637331087519,0.0002508303200812,0.0015849280943398,0.1046082545629608,0.104574893912994,3.3360649966808686e-05,0.0002040096243877,0.1869543503499389,0.1868926415928018,6.170875713712178e-05,0.0003897967932483,19A,"(55.0, 60.0]",0.6168996580999991,"(0.6, 0.65]",0.6522575750173265,0.6519455184370005,0.00031205658032595895,0.0834386492822251,0.08341141091993969,2.723836228540888e-05,0.1596255127292023,0.15957105410821884,5.445862098346632e-05,0.6131842099649798,0.004092644234865417
157,2153.0,10146.999999999998,3316.815165252065,3425.81488669096,108.999721438895,2797.0332031,2851.9326172,54.899414100000286,7.925571533284941,7.9188971209821535,0.0066744123027877,0.4245644285990793,21,0.7602145634288332,0.7599637331087519,0.0002508303200812,0.0015849280943398,0.1046082545629608,0.104574893912994,3.3360649966808686e-05,0.0002040096243877,0.1869543503499389,0.1868926415928018,6.170875713712178e-05,0.0003897967932483,19A,"(50.0, 55.0]",0.6038935551000032,"(0.6, 0.65]",0.6522575750173265,0.6519455184370005,0.00031205658032595895,0.0834386492822251,0.08341141091993969,2.723836228540888e-05,0.1596255127292023,0.15957105410821884,5.445862098346632e-05,0.6131842099649798,0.004092644234865417
158,2154.0,10146.999999999996,3316.529924053994,3417.172448554318,100.64252450032428,2796.8864746,2847.6730957,50.78662110000005,7.925571533284941,7.9188971209821535,0.0066744123027877,0.4245644285990793,21,0.7602145634288332,0.7599637331087519,0.0002508303200812,0.0015849280943398,0.1046082545629608,0.104574893912994,3.3360649966808686e-05,0.0002040096243877,0.1869543503499389,0.1868926415928018,6.170875713712178e-05,0.0003897967932483,19A,"(50.0, 55.0]",0.5586528321000005,"(0.55, 0.6]",0.6522575750173265,0.6519455184370005,0.00031205658032595895,0.0834386492822251,0.08341141091993969,2.723836228540888e-05,0.1596255127292023,0.15957105410821884,5.445862098346632e-05,0.6131842099649798,0.004092644234865417
159,2155.0,10146.999999999996,3310.57511127332,3396.513373284188,85.93826201086858,2796.1115723,2839.4682617,43.35668940000005,8.169606584947054,8.079114427602033,0.0904921573450217,1.6420750086951064,22,0.7568676310037298,0.7544860397665668,0.002381591237163,0.0182053257617321,0.1040247176828521,0.1037314104814561,0.000293307201396,0.0022645345674662,0.1861309341173878,0.1855454091281022,0.0005855249892856,0.0044762168109108,19A,"(40.0, 45.0]",0.4769235834000006,"(0.45, 0.5]",0.6481012952124127,0.6451537928847,0.002947502327712681,0.08296226129882982,0.08272285853719687,0.00023940276163295082,0.1588989388290508,0.15838240852779537,0.0005165303012554245,0.6134305884121738,0.055510657326843675
160,2156.0,10146.999999999998,3305.4592397819742,3368.726573232713,63.26733345073899,2794.2971191,2826.4240723,32.12695319999966,5.938002533155216,5.9225579499651095,0.0154445831901064,0.6783591019895362,16,0.7584769759926366,0.757929897696092,0.0005470782965446,0.0024149428855304,0.1048795529380566,0.1048083805306737,7.117240738287178e-05,0.0003247835964156,0.1865282425380078,0.186393700163494,0.0001345423745137,0.0005942040147355,19A,"(30.0, 35.0]",0.3533964851999963,"(0.35, 0.4]",0.6500977537817442,0.6494186542994584,0.0006790994822857277,0.0836601747111559,0.08360205710821672,5.811760293918111e-05,0.1592494927815571,0.15913077747956172,0.00011871530199536462,0.6133464855713123,0.009472880820765528
161,2157.0,10146.999999999998,3297.1640083742923,3340.6756612588574,43.51165288456514,2790.0251465,2812.2780762,22.25292970000009,4.230450129898983,4.217617474321695,0.0128326555772879,0.5799307214293121,11,0.7626443433863734,0.7620413904291528,0.0006029529572206,0.0015797724473526,0.1049524206090831,0.1048787027775233,7.371783155974875e-05,0.0001851427690283,0.1875518205361907,0.1874036166479278,0.0001482038882628,0.0003878173420948,19A,"(20.0, 25.0]",0.244782226700001,"(0.2, 0.25]",0.6552852563583449,0.6545331196790871,0.0007521366792577755,0.08371967856110363,0.0836594804803511,6.019808075252708e-05,0.16015284888896497,0.1600220313445898,0.00013081754437516135,0.6129998691257308,0.007866416189413063
162,2158.0,10146.999999999996,3281.2602421884912,3311.22931024421,29.969068055718708,2781.7949219,2797.260498,15.465576099999907,2.8727153771175447,2.865060019097954,0.0076553580195906,0.5017357376301417,7,0.7705544760487234,0.7698398360764903,0.0007146399722328,0.0012757787968564,0.104837935327435,0.1047515889243598,8.634640307512788e-05,0.000174378908296,0.1894940943872426,0.1893184287269038,0.0001756656603388,0.0003139276046304,19A,"(15.0, 20.0]",0.170121337099999,"(0.15, 0.2]",0.665202583037251,0.66430276334854,0.000899819688711001,0.08362619058703204,0.08355568384804381,7.050673898822968e-05,0.1618679121032201,0.16171274683387257,0.00015516526934752917,0.612325975042476,0.004687574563645052
163,2159.0,10146.999999999998,3259.4476773291126,3271.1641307653103,11.716453436197751,2771.489502,2777.5566406,6.067138599999908,1.563636408337955,1.5612417391694016,0.0023946691685534,0.489713870341788,3,0.80027340153784,0.7998110015021979,0.0004624000356421,0.0012791196989107,0.1046240454572426,0.1045667367392283,5.7308718014237314e-05,0.0001589739724153,0.1967919599102182,0.1966782606559043,0.0001136992543139,0.0003145240871944,19A,"(5.0, 10.0]",0.0667385245999989,"(0.05, 0.1]",0.7033132016949671,0.702709713528834,0.0006034881661330926,0.08345154240264814,0.0834047507988216,4.67916038265348e-05,0.16832278504543804,0.1682220893196522,0.00010069572578583208,0.6097915723912496,0.001460249077649024
164,2160.0,10147.000000000002,3242.845662994297,3246.494464302019,3.648801307721442,2761.6950684,2763.6015625,1.9064941000001452,0.9083838765805644,0.9080263213210076,0.0003575552595568,0.2268889287411667,1,0.8810211901779527,0.8806735799743356,0.000347610203617,0.000347610203617,0.1114583034160987,0.1114141935508712,4.410986522751514e-05,4.410986522751514e-05,0.2166391572709294,0.2165536706433533,8.548662757612568e-05,8.548662757612568e-05,19A,"(-0.001, 5.0]",0.0209714351000016,"(-0.001, 0.05]",0.8141579931855636,0.8136563524060783,0.000501640779485335,0.08904030390215197,0.08900417731383828,3.612658831368687e-05,0.1859635231569807,0.1858872688657579,7.62542912227937e-05,0.6029455249106327,0.0002155863436580323
165,2161.0,10147.000000000004,3217.884336014723,3221.149534561089,3.2651985463658093,2748.5756836,2750.2995605,1.7238769000000502,0.9083838765805644,0.9082055646305444,0.0001783119500199,0.1717430032475914,1,0.8810211901779527,0.8808477205213043,0.0001734696566483,0.0001734696566483,0.1114583034160987,0.111435920904141,2.238251195774144e-05,2.238251195774144e-05,0.2166391572709294,0.2165964892033733,4.26680675560398e-05,4.26680675560398e-05,19A,"(-0.001, 5.0]",0.0189626459000005,"(-0.001, 0.05]",0.8141579931855636,0.8139076290770964,0.0002503641084672381,0.08904030390215197,0.08902197222583254,1.8331676319427448e-05,0.1859635231569807,0.18592546283662864,3.8060320352056864e-05,0.6029455249106327,0.0001075123923025871
166,2162.0,10147.000000000002,3191.121899967145,3198.800355023834,7.678455056688563,2734.3586426,2738.4538574,4.095214799999667,1.1462572888044464,1.1462117045806002,4.558422384626226e-05,0.1756795405300388,2,0.8140273496644975,0.8139907851830033,3.656448149430558e-05,4.1455695126590975e-05,0.1046777455769534,0.1046720594762392,5.686100714219489e-06,6.368573830628499e-06,0.2001698370718847,0.200160824561681,9.012510203743052e-06,1.0216657785111494e-05,19A,"(-0.001, 5.0]",0.0450473627999963,"(-0.001, 0.05]",0.7214198809411527,0.721371340931929,4.8540009223718705e-05,0.08349538874675862,0.08349074597435033,4.642772408289253e-06,0.17131622442381642,0.17130823278254756,7.99164126885632e-06,0.6086159194439954,2.7743284308333808e-05
167,2163.0,10146.999999999998,3162.1004352461323,3176.675859149293,14.575423903161209,2719.9887695,2727.7658691,7.777099599999929,1.90319522640884,1.9016150806110912,0.0015801457977486,0.201388929602655,4,0.793108362973572,0.7929596853701433,0.0001486776034285,0.0002550619922214,0.1051690225066961,0.1051493946316834,1.9627875012695476e-05,3.597738364380376e-05,0.1950337029403557,0.194997124270002,3.657867035372631e-05,6.280666080971109e-05,19A,"(5.0, 10.0]",0.0855480955999992,"(0.05, 0.1]",0.6939998141854362,0.6938074110554883,0.00019240312994794895,0.08389656757052584,0.08388053765577327,1.60299147525661e-05,0.16676607707019397,0.166733701878683,3.23751915109749e-05,0.6104299228380574,0.0009645682773925586
168,2164.0,10147.0,3136.398583894605,3169.7401604214824,33.341576526876906,2706.3571777,2724.2470703,17.889892599999712,3.2177001531365117,3.2169828760065973,0.0007172771299139,0.1574286379498026,8,0.7681446316136777,0.7680902412146412,5.43903990365413e-05,0.0001653696421397,0.1051443748128733,0.1051373635030963,7.011309776996932e-06,2.2641353766172934e-05,0.1889030555768176,0.1888896813851906,1.3374191626988607e-05,4.068008773383536e-05,19A,"(15.0, 20.0]",0.1967888185999968,"(0.15, 0.2]",0.6621713529332691,0.6621030381183098,6.831481495928049e-05,0.08387643803626615,0.08387071200804667,5.726028219479873e-06,0.16134588722507057,0.16133407598411773,1.1811240952841473e-05,0.6125468969037416,0.0004393658801487814
169,2165.0,10147.000000000004,3113.5840290637298,3165.8772707348694,52.29324167113964,2693.9714355,2722.1870117,28.21557619999976,4.92634615043763,4.9255755820018825,0.0007705684357475,0.1801753558740155,13,0.7611647292979822,0.7611173867702727,4.734252770942894e-05,0.0001676432694632,0.1053868393083485,0.1053791063246877,7.732983660831885e-06,2.538170837163012e-05,0.1871895498472809,0.1871778898267695,1.166002051143324e-05,4.128710589013096e-05,19A,"(25.0, 30.0]",0.3103713381999973,"(0.3, 0.35]",0.653440512253386,0.6533815402353742,5.897201801174923e-05,0.0840744662055509,0.08406815010615522,6.316099395678454e-06,0.15983308981634947,0.15982279876385735,1.029105249211737e-05,0.613150115725158,0.00047247412555273365
170,2166.0,10147.000000000002,3093.2351289010653,3163.4650857564843,70.229956855419,2682.824707,2720.8991699,38.07446289999962,6.321196093422935,6.320315410586479,0.0008806828364562,0.2033010806299964,17,0.7594144379473303,0.7593588086053281,5.562934200224501e-05,0.0001696182426204,0.1055000595116926,0.105489768717328,1.029079436464046e-05,2.2668866068609184e-05,0.1867600336310134,0.1867463157404356,1.371789057786768e-05,4.171702858002391e-05,19A,"(35.0, 40.0]",0.4188190918999958,"(0.4, 0.45]",0.6512624671088594,0.6511933165089355,6.915059992385064e-05,0.08416694404362773,0.08415853836575114,8.405677876591189e-06,0.15945403028900126,0.15944192484907282,1.2105439928439266e-05,0.613304437300438,0.0005401266914529235
171,2167.0,10146.999999999993,3074.4170184716368,3160.292439447317,85.87542097568075,2673.3737793,2719.6430664,46.26928709999993,8.065203013192326,8.06337942194811,0.0018235912442161,0.2556637006039425,22,0.7582605754077982,0.7581863477327283,7.422767506992163e-05,0.0003832007364147,0.1055745186545071,0.1055606507766161,1.3867877891018196e-05,5.2435188489075024e-05,0.1864768998149646,0.1864585898353308,1.83099796338076e-05,9.429922563874982e-05,19A,"(45.0, 50.0]",0.5089621580999992,"(0.5, 0.55]",0.6498290787627524,0.6497369362505421,9.214251221034697e-05,0.08422776457296519,0.08421643670649635,1.1327866468832659e-05,0.15920418915092804,0.1591880330509401,1.6156099987951755e-05,0.613406179734454,0.0011186021385117977
172,2168.0,10146.999999999998,3064.107629395758,3157.7645346965405,93.65690530078246,2667.7087402,2718.3039551,50.59521489999997,8.413684727997884,8.412017705218885,0.0016670227789994,0.2500820453060771,23,0.7580857807833631,0.7580171928063063,6.858797705683558e-05,0.0003479924694017,0.1055861725096307,0.1055730221023028,1.315040732788923e-05,4.669472312290868e-05,0.1864340088887768,0.1864170859358931,1.6922952883724957e-05,8.561676166241039e-05,19A,"(50.0, 55.0]",0.5565473638999997,"(0.55, 0.6]",0.6496121103914332,0.6495269860375369,8.512435389629314e-05,0.08423728398735428,0.08422654212270432,1.0741864649957411e-05,0.15916634383139486,0.1591514118229393,1.493200845556486e-05,0.6134216157895829,0.0010225878066518527
173,2169.0,10146.999999999996,3056.687994709828,3155.818921600839,99.13092689101086,2663.6162109,2717.2729492,53.65673829999969,8.761919291283586,8.76036350974313,0.0015557815404569,0.2464329368522509,24,0.7579167921367335,0.7578533327070881,6.345942964526101e-05,0.0003136452950004,0.1055956053510881,0.1055831665900046,1.2438761083440516e-05,4.117532340786045e-05,0.1863925379582317,0.1863768773927039,1.566056552786595e-05,7.714780051559789e-05,19A,"(50.0, 55.0]",0.5902241212999966,"(0.55, 0.6]",0.64940239149028,0.6493236476659628,7.874382431716231e-05,0.0842449892105439,0.08423482860669453,1.0160603849368455e-05,0.1591297520168908,0.1591159340818779,1.381793501289974e-05,0.6134364297506181,0.0009543730736497974
174,2170.0,10147.0,3050.9436047459903,3152.058605293229,101.1150005472391,2660.439209,2715.2773438,54.83813479999981,9.458260737795763,9.45621910968834,0.002041628107424,0.2568611746904721,26,0.7576041935559862,0.7575362291505675,6.796440541880264e-05,0.0003500811043145,0.1056091088117263,0.1055962557375922,1.2853074134126893e-05,4.411231764800405e-05,0.1863158153734097,0.1862990491416924,1.6766231717257885e-05,8.607308510744094e-05,19A,"(50.0, 55.0]",0.6032194827999978,"(0.6, 0.65]",0.6490145597442407,0.6489302573056592,8.4302438581485e-05,0.08425601957907203,0.08424552048042896,1.0499098643063087e-05,0.15906205739553447,0.15904726429862406,1.4793096910409309e-05,0.6134635970841245,0.0012524645226883802
175,2171.0,10146.999999999996,3044.524340483838,3148.95005672471,104.42571624087212,2658.0146484,2714.2578125,56.24316409999983,9.458260737795763,9.455824003121682,0.002436734674081,0.2789975663184218,26,0.7576041935559862,0.7575249264700232,7.926708596293588e-05,0.0005065469541645,0.1056091088117263,0.1055945096683442,1.459914338213498e-05,6.484084044244831e-05,0.1863158153734097,0.1862962621698244,1.9553203585260972e-05,0.0001245650212753,19A,"(55.0, 60.0]",0.6186748050999982,"(0.6, 0.65]",0.6490145597442407,0.6489162382192434,9.832152499733571e-05,0.08425601957907203,0.08424409419963583,1.1925379436200645e-05,0.15906205739553447,0.15904480532032145,1.725207521302563e-05,0.6134635970841245,0.001494848018301342
176,2172.0,10147.0,3041.132854573094,3146.2418877871723,105.1090332140784,2656.1474609,2712.8291016,56.68164069999966,9.458260737795763,9.455948221142588,0.0023125166531752,0.2722229230828412,26,0.7576041935559862,0.7575282334090356,7.596014695048055e-05,0.0004681321235127,0.1056091088117263,0.1055949905927864,1.411821893989926e-05,5.973740675035977e-05,0.1863158153734097,0.186297076916611,1.873845679860853e-05,0.0001151143362538,19A,"(55.0, 60.0]",0.6234980476999963,"(0.6, 0.65]",0.6490145597442407,0.6489203399050711,9.421983916957366e-05,0.08425601957907203,0.08424448704379105,1.153253528098086e-05,0.15906205739553447,0.15904552418081053,1.6533214723946088e-05,0.6134635970841245,0.0014186447843737987
177,2173.0,10147.000000000004,3038.255772903796,3141.5606182615747,103.3048453577794,2654.5615234,2710.355957,55.79443360000005,9.458260737795763,9.45605604745986,0.0022046903359029,0.2662300901173449,26,0.7576041935559862,0.7575311930994484,7.300045653766493e-05,0.0004309538960466,0.1056091088117263,0.1055954317872046,1.3677024521720523e-05,5.480798331269909e-05,0.1863158153734097,0.1862978063472251,1.8009026184548575e-05,0.0001059680797678,19A,"(55.0, 60.0]",0.6137387696000005,"(0.6, 0.65]",0.6490145597442407,0.6489240109026789,9.054884156178833e-05,0.08425601957907203,0.08424484743446663,1.1172144605400836e-05,0.15906205739553447,0.159046167766035,1.588962949947148e-05,0.6134635970841245,0.0013524972639195997
178,2174.0,10147.000000000002,3035.58921799577,3138.735791397733,103.146573401963,2653.090332,2708.8613281,55.77099609999959,9.458260737795763,9.456149436059848,0.0021113017359155,0.2610238943345116,26,0.7576041935559862,0.7575338329338055,7.036062218046962e-05,0.0003946579609577,0.1056091088117263,0.1055958368072364,1.3272004489865817e-05,5.0008452432193096e-05,0.1863158153734097,0.1862984571988019,1.7358174607701597e-05,9.703914201419916e-05,19A,"(55.0, 60.0]",0.6134809570999955,"(0.6, 0.65]",0.6490145597442407,0.6489272851835475,8.727456069324013e-05,0.08425601957907203,0.08424517827607475,1.0841302997277591e-05,0.15906205739553447,0.15904674202019162,1.5315375342855875e-05,0.6134635970841245,0.0012952067574446787
179,2175.0,10147.0,3031.503769916847,3133.6556888751816,102.1519189583346,2651.5861816,2706.5964355,55.01025389999995,9.458260737795763,9.45589950620372,0.0023612315920438,0.2751318336434299,26,0.7576041935559862,0.7575267753454982,7.741821048807572e-05,0.0004876983084717,0.1056091088117263,0.1055947612977328,1.4347513993488822e-05,6.235068806181854e-05,0.1863158153734097,0.1862967172865788,1.9098086830841107e-05,0.0001199281872503,19A,"(55.0, 60.0]",0.6051127928999994,"(0.6, 0.65]",0.6490145597442407,0.6489185314274842,9.602831675648016e-05,0.08425601957907203,0.08424429974362735,1.1719835444679028e-05,0.15906205739553447,0.1590452068750583,1.6850520476174857e-05,0.6134635970841245,0.0014485296260038634
180,2176.0,10147.000000000004,3028.5372765073434,3129.5772106899767,101.03993418263326,2649.9545898,2704.4433594,54.48876960000007,9.110104155843873,9.108097521344448,0.0020066344994233,0.2654300106167385,25,0.7577558557982207,0.757683599688647,7.225610957374951e-05,0.0004298197235724,0.105603140404657,0.1055894234210934,1.3716983563538676e-05,5.563501009464567e-05,0.1863530397859271,0.1863352116344539,1.7828151473282538e-05,0.0001057089677077,19A,"(50.0, 55.0]",0.5993764656000008,"(0.55, 0.6]",0.6492027046617544,0.6491130629821215,8.964167963299019e-05,0.08425114424796945,0.08423993949296167,1.1204755007779288e-05,0.15909490137001006,0.1590791711178964,1.5730252113654863e-05,0.6134504513062311,0.0012309708392778764
181,2177.0,10147.000000000002,3025.200188324678,3126.4278131235765,101.22762479889845,2648.1166992,2702.7783203,54.66162110000005,9.110104155843873,9.10822764043045,0.0018765154134214,0.2588948313037436,25,0.7577558557982207,0.7576870163685299,6.88394296909145e-05,0.0003912147070108,0.105603140404657,0.1055899184159774,1.3221988679541496e-05,5.052946625039301e-05,0.1863530397859271,0.186336053321165,1.6986464762069887e-05,9.621192259523514e-05,19A,"(50.0, 55.0]",0.6012778321000005,"(0.6, 0.65]",0.6492027046617544,0.6491173015781013,8.540308365312388e-05,0.08425114424796945,0.08424034382965868,1.080041831076628e-05,0.15909490137001006,0.15907991375819514,1.4987611814926138e-05,0.6134504513062311,0.0011511492272464566
182,2178.000000000008,10147.0,3021.2377570929743,3122.139215273613,100.90145818063866,2645.9313965,2700.5075684,54.576171899999736,9.110104155843873,9.108339343721296,0.001764812122575,0.253172286243477,25,0.7577558557982207,0.7576900427264173,6.58130718034844e-05,0.000354169750971,0.105603140404657,0.1055903678191763,1.277258548069593e-05,4.5637112986329775e-05,0.1863530397859271,0.186336799088269,1.6240697658176374e-05,8.709881740576186e-05,19A,"(50.0, 55.0]",0.6003378908999971,"(0.6, 0.65]",0.6492027046617544,0.6491210559705783,8.164869117610607e-05,0.08425114424796945,0.08424071092485451,1.0433323114941717e-05,0.15909490137001006,0.1590805717665201,1.4329603489959819e-05,0.6134504513062311,0.0010826247930643413
183,2179.0,10148.000000000004,3015.3961182696494,3118.6086543869774,103.212536117328,2643.3806152,2699.1166992,55.736083999999664,9.458260737795763,9.456126976175227,0.0021337616205361,0.2627273660139357,26,0.7576041935559862,0.7575327983117522,7.13952442339277e-05,0.0004168051303038,0.1056091088117263,0.1055956379478917,1.3470863834634637e-05,5.296078029892737e-05,0.1863158153734097,0.1862982011903244,1.761418308526403e-05,0.0001024878503276,19A,"(55.0, 60.0]",0.6130969239999963,"(0.6, 0.65]",0.6490145597442407,0.648926001903632,8.855784060868288e-05,0.08425601957907203,0.08424501583732287,1.1003741749157636e-05,0.15906205739553447,0.1590465161408237,1.5541254710760288e-05,0.6134635970841245,0.0013089850790541264
184,2180.0,10147.999999999998,3010.502790731683,3113.080451345701,102.577660614018,2639.9936523,2695.6982422,55.70458989999997,9.458260737795763,9.456342337604644,0.0019184001911192,0.2504142850179425,26,0.7576041935559862,0.7575393474389366,6.48461170494458e-05,0.0003126473353465,0.1056091088117263,0.1055967084532565,1.2400358469845706e-05,3.921362551839725e-05,0.1863158153734097,0.1862998173387159,1.5998034693739308e-05,7.686523757399755e-05,19A,"(55.0, 60.0]",0.6127504888999997,"(0.6, 0.65]",0.6490145597442407,0.648934125054262,8.043468997875891e-05,0.08425601957907203,0.08424589028247342,1.0129296598604398e-05,0.15906205739553447,0.15904794208839368,1.4115307140794009e-05,0.6134635970841245,0.0011768686818908562
185,2181.0,10147.999999999996,3001.8487105342365,3104.52296801142,102.67425747718336,2635.1884766,2691.138916,55.95043940000005,9.458260737795763,9.456416765444091,0.0018439723516703,0.2464321006023644,26,0.7576041935559862,0.7575420595714769,6.213398450937841e-05,0.0003170925036471,0.1056091088117263,0.1055972200855714,1.188872615494223e-05,3.603379016237085e-05,0.1863158153734097,0.1863004881152483,1.5327258161305177e-05,7.78759132088469e-05,19A,"(55.0, 60.0]",0.6154548334000005,"(0.6, 0.65]",0.6490145597442407,0.6489374890417334,7.707070250728698e-05,0.08425601957907203,0.08424630821083826,9.711368233772388e-06,0.15906205739553447,0.15904853392300775,1.3523472526727476e-05,0.6134635970841245,0.0011312099117793343
186,2182.0,10148.000000000002,2994.2890396898456,3091.811159937753,97.52212024790742,2630.9775391,2684.3369141,53.359375,8.761919291283586,8.760611798566545,0.0013074927170411,0.2306980704249612,24,0.7579167921367335,0.7578625325638745,5.425957285885852e-05,0.0003656640723628,0.1055956053510881,0.1055848469596442,1.0758391443830654e-05,4.2404600425816064e-05,0.1863925379582317,0.1863791508340719,1.338712415978327e-05,8.982755551456556e-05,19A,"(50.0, 55.0]",0.586953125,"(0.55, 0.6]",0.64940239149028,0.6493350629696283,6.732852065172157e-05,0.0842449892105439,0.08423620121354737,8.787996996523217e-06,0.1591297520168908,0.1591179400240911,1.1811992799704019e-05,0.6134364297506181,0.0008020636642666275
187,2183.000000000005,10148.0,2987.148430233383,3082.095141529357,94.94671129597464,2627.4448242,2679.567627,52.122802800000045,8.761919291283586,8.760498196585804,0.0014210946977826,0.2355014036574175,24,0.7579167921367335,0.7578610216918467,5.5770444886790727e-05,0.000431763870242,0.1055956053510881,0.1055848328167572,1.0772534330863448e-05,5.004391234897376e-05,0.1863925379582317,0.1863787829440226,1.3755014209077912e-05,0.0001060666426037,19A,"(50.0, 55.0]",0.5733508308000005,"(0.55, 0.6]",0.64940239149028,0.6493331882511598,6.920323912018578e-05,0.0842449892105439,0.08423618966095177,8.799549592125588e-06,0.1591297520168908,0.1591176154208518,1.213659603901962e-05,0.6134364297506181,0.0008717512577452917
188,2184.0,10148.999999999998,2983.761402370514,3073.1842116073485,89.42280923683438,2624.9418945,2673.9882812,49.04638669999986,8.413684727997884,8.41236967047588,0.0013150575220048,0.22705427890476,23,0.7580857807833631,0.7580299378348314,5.584294853176681e-05,0.0004011383965096,0.1055861725096307,0.1055752925821779,1.087992745282214e-05,4.741179084599701e-05,0.1864340088887768,0.186420233733184,1.3775155592875228e-05,9.856220228920964e-05,19A,"(45.0, 50.0]",0.5395102536999984,"(0.5, 0.55]",0.6496121103914332,0.6495428033357181,6.930705571506213e-05,0.08423728398735428,0.08422839675175987,8.887235594404186e-06,0.15916634383139486,0.15915418928262307,1.2154548771792228e-05,0.6134216157895829,0.0008066847100044293
189,2185.0,10149.000000000004,2979.0486559627443,3067.375795320969,88.32713935822494,2622.3085938,2670.8554688,48.546875,8.065203013192326,8.063804547669458,0.0013984655228682,0.2280065103103723,22,0.7582605754077982,0.75820167818069,5.889722710827883e-05,0.0004458450188976,0.1055745186545071,0.1055633621247211,1.115652978600501e-05,5.37507876020582e-05,0.1864768998149646,0.1864623750467116,1.452476825295176e-05,0.0001095695576318,19A,"(45.0, 50.0]",0.534015625,"(0.5, 0.55]",0.6498290787627524,0.6497559660365845,7.31127261679454e-05,0.08422776457296519,0.08421865144418461,9.113128780574575e-06,0.15920418915092804,0.15919137298332015,1.281616760789861e-05,0.613406179734454,0.0008578273938729282
190,2186.0,10149.0,2974.84925905009,3062.3470731597454,87.49781410965534,2619.958252,2668.1369629,48.17871090000017,8.065203013192326,8.063716815226789,0.0014861979655371,0.2323565696644064,22,0.7582605754077982,0.7581999906253802,6.058478241809485e-05,0.0004774207511535,0.1055745186545071,0.1055632241268704,1.1294527636712177e-05,5.753438021527391e-05,0.1864768998149646,0.186461961467392,1.4938347572616848e-05,0.0001173296842342,19A,"(45.0, 50.0]",0.5299658199000019,"(0.5, 0.55]",0.6498290787627524,0.6497538712461568,7.52075165956212e-05,0.08422776457296519,0.0842185387219495,9.225851015690067e-06,0.15920418915092804,0.15919100805580103,1.3181095127018372e-05,0.613406179734454,0.0009116430163692303
191,2186.0,10149.999999999998,2974.714942785861,3061.266598362221,86.55165557636019,2620.498291,2668.0446777,47.54638670000031,8.065203013192326,8.063862195821335,0.0013408173709912,0.2246558203218657,22,0.7582605754077982,0.758202865924725,5.770948307333056e-05,0.0004237424733433,0.1055745186545071,0.1055634600669137,1.1058587593436687e-05,5.113392155986496e-05,0.1864768998149646,0.1864626661244554,1.42336905092456e-05,0.0001041382060286,19A,"(45.0, 50.0]",0.5230102537000034,"(0.5, 0.55]",0.6498290787627524,0.6497574404054851,7.163835726731183e-05,0.08422776457296519,0.08421873144733974,9.033125625446115e-06,0.15920418915092804,0.15919162981988652,1.2559331041522848e-05,0.613406179734454,0.0008224656612613061
192,2187.0,10149.999999999996,2969.516227769604,3055.303387431861,85.78715966225764,2618.111084,2665.3222656,47.21118159999969,7.716498811393528,7.715172628810114,0.0013261825834138,0.2261903084286781,21,0.7584476216959257,0.7583887274183332,5.889427759241448e-05,0.0004454337890406,0.1055614686351749,0.1055503853067347,1.1083328440173562e-05,5.475185191672338e-05,0.1865227953096874,0.1865082716018745,1.4523707812947556e-05,0.0001094890247392,19A,"(45.0, 50.0]",0.5193229975999967,"(0.5, 0.55]",0.6500613045319713,0.6499881792861284,7.31252458429088e-05,0.08421710476582639,0.08420805148429004,9.05328153634477e-06,0.1592446862336896,0.15923187079029819,1.2815443391406278e-05,0.6133896275281773,0.0008134666408745467
193,2188.0,10150.0,2965.8441478281893,3050.388905993771,84.5447581655817,2616.0549316,2662.6604004,46.605468799999926,7.716498811393528,7.715075788952074,0.0014230224414539,0.2309961030049596,21,0.7584476216959257,0.7583865136029099,6.110809301583333e-05,0.0004754601594098,0.1055614686351749,0.1055501733498251,1.1295285349768736e-05,5.840824998148975e-05,0.1865227953096874,0.1865077283978768,1.5066911810613873e-05,0.0001168694945584,19A,"(45.0, 50.0]",0.5126601567999992,"(0.5, 0.55]",0.6500613045319713,0.6499854306329255,7.587389904584185e-05,0.08421710476582639,0.08420787835031801,9.226415508378771e-06,0.1592446862336896,0.159231391478726,1.3294754963588673e-05,0.6133896275281773,0.0008728672053276452
194,2188.0,10151.000000000004,2966.652001479433,3050.3961101294813,83.74410865004847,2616.5075684,2662.6643066,46.15673820000029,7.716498811393528,7.715075788952074,0.0014230224414539,0.2309961030049596,21,0.7584476216959257,0.7583865136029099,6.110809301583333e-05,0.0004754601594098,0.1055614686351749,0.1055501733498251,1.1295285349768736e-05,5.840824998148975e-05,0.1865227953096874,0.1865077283978768,1.5066911810613873e-05,0.0001168694945584,19A,"(45.0, 50.0]",0.5077241202000032,"(0.5, 0.55]",0.6500613045319713,0.6499854306329255,7.587389904584185e-05,0.08421710476582639,0.08420787835031801,9.226415508378771e-06,0.1592446862336896,0.159231391478726,1.3294754963588673e-05,0.6133896275281773,0.0008728672053276452
195,2189.000000000002,10151.0,2961.5474155463044,3042.9461886824392,81.39877313613488,2614.392334,2659.244873,44.85253899999998,7.367804655049277,7.366572135268445,0.0012325197808316,0.2270621743544942,20,0.7586553398086986,0.7585960927365673,5.924707213140756e-05,0.0004368000612301,0.1055480005143075,0.1055370087789457,1.0991735361731704e-05,5.458707222183445e-05,0.1865737652264361,0.1865591559355545,1.4609290881512084e-05,0.0001073831596152,19A,"(40.0, 45.0]",0.4933779289999997,"(0.45, 0.5]",0.6503192554709725,0.6502456741149344,7.358135603807714e-05,0.08420610350163919,0.0841971250912768,8.978410362389666e-06,0.15928966164783684,0.15927677045152278,1.2891196314063214e-05,0.6133713075631706,0.0007559922695661509
196,2190.000000000002,10152.0,2960.889847567071,3042.321389863852,81.43154229678112,2612.7543945,2657.7756348,45.02124029999959,7.367804655049277,7.366265971522909,0.0015386835263671,0.2400708291045825,20,0.7586553398086986,0.7585883799227113,6.695988598729996e-05,0.0005087285745213,0.1055480005143075,0.1055361697202491,1.1830794058392824e-05,6.341203051563049e-05,0.1865737652264361,0.1865572615564961,1.6503669939932354e-05,0.0001250644088059,19A,"(45.0, 50.0]",0.4952336432999955,"(0.45, 0.5]",0.6503192554709725,0.6502360956362315,8.315983474094235e-05,0.08420610350163919,0.08419643972241553,9.663779223664792e-06,0.15928966164783684,0.15927509886184218,1.4562785994653993e-05,0.6133713075631706,0.0009437843264936984
197,2191.000000000004,10153.0,2958.218405206924,3039.0472330272,80.82882782027582,2611.2531738,2655.9931641,44.739990300000045,7.367804655049277,7.366092118277648,0.0017125367716284,0.2469915571776267,20,0.7586553398086986,0.7585840355735919,7.130423510666173e-05,0.0005435620243059,0.1055480005143075,0.1055356866076001,1.2313906707395184e-05,6.770546297907298e-05,0.1865737652264361,0.1865561943191393,1.7570907296743377e-05,0.0001336274642267,19A,"(40.0, 45.0]",0.4921398933000005,"(0.45, 0.5]",0.6503192554709725,0.6502307004640615,8.855500691096196e-05,0.08420610350163919,0.08419604510131394,1.0058400325252403e-05,0.15928966164783684,0.15927415713795934,1.550450987750085e-05,0.6133713075631706,0.0010504209188637226
198,2192.0,10154.0,2956.052458230383,3036.8728913703544,80.82043313997156,2610.0354004,2654.8081055,44.77270509999971,7.367804655049277,7.366092118277648,0.0017125367716284,0.2469915571776267,20,0.7586553398086986,0.7585840355735919,7.130423510666173e-05,0.0005435620243059,0.1055480005143075,0.1055356866076001,1.2313906707395184e-05,6.770546297907298e-05,0.1865737652264361,0.1865561943191393,1.7570907296743377e-05,0.0001336274642267,19A,"(40.0, 45.0]",0.4924997560999968,"(0.45, 0.5]",0.6503192554709725,0.6502307004640615,8.855500691096196e-05,0.08420610350163919,0.08419604510131394,1.0058400325252403e-05,0.15928966164783684,0.15927415713795934,1.550450987750085e-05,0.6133713075631706,0.0010504209188637226
199,2192.000000000001,10155.0,2959.106114332016,3040.0591777128857,80.95306338086993,2611.1052246,2655.927002,44.82177739999997,7.716498811393528,7.714734932965176,0.0017638784283517,0.2477051077445116,21,0.7584476216959257,0.7583785613298851,6.906036604055939e-05,0.000559795682764,0.1055614686351749,0.1055493583515368,1.2110283638133184e-05,6.865608387751632e-05,0.1865227953096874,0.1865057761776794,1.7019132008101933e-05,0.0001375988080619,19A,"(40.0, 45.0]",0.4930395513999996,"(0.45, 0.5]",0.6500613045319713,0.649975557222056,8.574730991528501e-05,0.08421710476582639,0.08420721263076973,9.892135056657758e-06,0.1592446862336896,0.1592296688822129,1.5017351476687146e-05,0.6133896275281773,0.001081944732171636
200,2193.0,10156.0,2958.704507299245,3041.0083287376638,82.3038214384178,2610.3674316,2655.7941895,45.42675789999976,7.716498811393528,7.715009431798066,0.001489379595462,0.2342471811434003,21,0.7584476216959257,0.7583850875022303,6.253419369541189e-05,0.0004929591257281,0.1055614686351749,0.1055500390832454,1.142955192951727e-05,6.056224668260501e-05,0.1865227953096874,0.1865073784900416,1.5416819645775432e-05,0.0001211711706258,19A,"(45.0, 50.0]",0.4996943368999973,"(0.45, 0.5]",0.6500613045319713,0.6499836600030352,7.764452893610496e-05,0.08421710476582639,0.08420776867659005,9.336089236339218e-06,0.1592446862336896,0.15923108272759676,1.3603506092835227e-05,0.6133896275281773,0.0009135699953085035
201,2193.000000000001,10157.0,2960.9712652669605,3047.3701395036364,86.39887423667597,2611.6379395,2659.2451172,47.60717770000019,7.716498811393528,7.715116883668004,0.0013819277255242,0.2289008429825487,21,0.7584476216959257,0.7583875115606175,6.011013530813453e-05,0.000463515753826,0.1055614686351749,0.1055502774779232,1.1191157251704065e-05,5.697674647453521e-05,0.1865227953096874,0.1865079733982356,1.4821911451872488e-05,0.0001139339914699,19A,"(45.0, 50.0]",0.5236789547000021,"(0.5, 0.55]",0.6500613045319713,0.6499866696872962,7.463484467506998e-05,0.08421710476582639,0.08420796340586455,9.141359961842288e-06,0.1592446862336896,0.1592316076617831,1.3078571906494085e-05,0.6133896275281773,0.0008476601328301503
202,2193.0000000000005,10158.0,2963.6497864827807,3054.7299250183787,91.08013853559804,2613.1379395,2663.2263184,50.08837889999995,8.413684727997884,8.412264303166065,0.001420424831819,0.2313368073019098,23,0.7580857807833631,0.758028520761086,5.726002227724869e-05,0.0004531970105949,0.1055861725096307,0.1055752557797923,1.091672983836698e-05,5.358191970084025e-05,0.1864340088887768,0.1864198880448069,1.4120843969895494e-05,0.0001113548523011,19A,"(50.0, 55.0]",0.5509721678999995,"(0.55, 0.6]",0.6496121103914332,0.6495410446556092,7.10657358239386e-05,0.08423728398735428,0.0842283666899175,8.917297436780713e-06,0.15916634383139486,0.15915388426424812,1.2459567146738681e-05,0.6134216157895829,0.0008713192954420575
203,2193.0000000000005,10159.0,2966.7322665248016,3058.8502692322368,92.11800270743517,2614.6940918,2665.4567871,50.76269529999991,8.413684727997884,8.412117982974491,0.0015667450233927,0.2384492189986336,23,0.7580857807833631,0.7580256774090933,6.0103374269861234e-05,0.0005001496121288,0.1055861725096307,0.1055750059053321,1.1166604298620458e-05,5.908359840955946e-05,0.1864340088887768,0.1864191909896704,1.4817899106468324e-05,0.0001228916061325,19A,"(50.0, 55.0]",0.5583896482999989,"(0.55, 0.6]",0.6496121103914332,0.6495375158809019,7.459451053126731e-05,0.08423728398735428,0.08422816258124285,9.121406111423092e-06,0.15916634383139486,0.15915326921728917,1.3074614105684779e-05,0.6134216157895829,0.0009610752637798379
204,2193.000000000005,10160.0,2969.2005229879096,3062.4092888054747,93.20876581756512,2616.078125,2667.3811035,51.30297849999988,8.413684727997884,8.412215421123758,0.0014693068741262,0.233771569925092,23,0.7580857807833631,0.7580274165684915,5.836421487171378e-05,0.0004675708259107,0.1055861725096307,0.1055751406112864,1.103189834426805e-05,5.525066224176811e-05,0.1864340088887768,0.186419617008315,1.4391880461860495e-05,0.0001148863489652,19A,"(50.0, 55.0]",0.5643327634999987,"(0.55, 0.6]",0.6496121103914332,0.6495396742832749,7.243610815832469e-05,0.08423728398735428,0.0842282726151097,9.011372244571714e-06,0.15916634383139486,0.1591536451150415,1.2698716353370942e-05,0.6134216157895829,0.0009013045968172348
205,2192.0,10161.0,2974.5390941583346,3067.9634290014774,93.4243348431428,2619.0671387,2670.3791504,51.31201169999986,8.413684727997884,8.412303354942559,0.0013813730553255,0.2298397186625203,23,0.7580857807833631,0.7580289460141836,5.683476917956623e-05,0.00043407991163,0.1055861725096307,0.1055752503876529,1.0922121977749324e-05,5.130523507423934e-05,0.1864340088887768,0.1864199914750407,1.4017413736126503e-05,0.0001066568858542,19A,"(50.0, 55.0]",0.5644321286999984,"(0.55, 0.6]",0.6496121103914332,0.6495415724218795,7.053796955369673e-05,0.08423728398735428,0.08422836228537577,8.921701978512053e-06,0.15916634383139486,0.1591539755259814,1.2368305413457126e-05,0.6134216157895829,0.0008473640916059611
206,2192.0000000000005,10162.0,2976.79735674016,3070.001093336782,93.2037365966221,2620.329834,2671.4768066,51.146972600000026,8.413684727997884,8.412376093628126,0.0013086343697583,0.2266644051567883,23,0.7580857807833631,0.7580301316015798,5.564918178328952e-05,0.0004011723251822,0.1055861725096307,0.1055753188253161,1.0853684314560612e-05,4.7428200370069895e-05,0.1864340088887768,0.1864202814125354,1.37274762414372e-05,9.85707811013148e-05,19A,"(50.0, 55.0]",0.5626166986000003,"(0.55, 0.6]",0.6496121103914332,0.649543043813006,6.906657842720154e-05,0.08423728398735428,0.08422841818833475,8.865799019527887e-06,0.15916634383139486,0.15915423135253418,1.2112478860681897e-05,0.6134216157895829,0.0008027446095749188
207,2191.999999999999,10163.0,2981.478947617324,3073.7458436968045,92.26689607948084,2621.6018066,2672.215332,50.61352540000007,8.413684727997884,8.412379823118506,0.0013049048793778,0.2265354027793874,23,0.7580857807833631,0.7580301185667221,5.566221664112513e-05,0.0003965154472718,0.1055861725096307,0.1055753042044987,1.086830513198211e-05,4.687150701354614e-05,0.1864340088887768,0.1864202779525426,1.3730936234241543e-05,9.742633152287627e-05,19A,"(50.0, 55.0]",0.5567487794000008,"(0.55, 0.6]",0.6496121103914332,0.6495430276358879,6.908275554529109e-05,0.08423728398735428,0.08422840624539389,8.877741960386376e-06,0.15916634383139486,0.15915422829960696,1.2115531787898481e-05,0.6134216157895829,0.0008004568595596408
208,2192.000000000001,10164.0,2983.5926398887946,3075.135944131287,91.54330424249248,2622.7822266,2672.9638672,50.18164060000026,8.413684727997884,8.412379823118506,0.0013049048793778,0.2265354027793874,23,0.7580857807833631,0.7580301185667221,5.566221664112513e-05,0.0003965154472718,0.1055861725096307,0.1055753042044987,1.086830513198211e-05,4.687150701354614e-05,0.1864340088887768,0.1864202779525426,1.3730936234241543e-05,9.742633152287627e-05,19A,"(50.0, 55.0]",0.551998046600003,"(0.55, 0.6]",0.6496121103914332,0.6495430276358879,6.908275554529109e-05,0.08423728398735428,0.08422840624539389,8.877741960386376e-06,0.15916634383139486,0.15915422829960696,1.2115531787898481e-05,0.6134216157895829,0.0008004568595596408
209,2192.0,10165.0,2986.1411516499816,3077.2816365659983,91.1404849160167,2624.2036133,2674.1181641,49.91455079999969,8.413684727997884,8.412424199803999,0.0012605281938853,0.2244513734827134,23,0.7580857807833631,0.7580306607675209,5.512001584230602e-05,0.0003662732445107,0.1055861725096307,0.1055752937645781,1.087874505251887e-05,4.331301031268442e-05,0.1864340088887768,0.1864204097093875,1.359917938934819e-05,8.999529454201127e-05,19A,"(45.0, 50.0]",0.5490600587999965,"(0.5, 0.55]",0.6496121103914332,0.6495437005430472,6.840984838596409e-05,0.08423728398735428,0.08422839771759748,8.886269756799847e-06,0.15916634383139486,0.1591543445553606,1.199927603426354e-05,0.6134216157895829,0.0007732352414414453
210,2191.9999999999995,10166.0,2989.065003155866,3080.1496444277577,91.08464127189154,2625.8330078,2675.6599121,49.82690430000002,8.413684727997884,8.412452973794547,0.0012317542033368,0.2233148054075744,23,0.7580857807833631,0.7580308481401541,5.493264320912393e-05,0.0003365382484067,0.1055861725096307,0.1055752403899719,1.09321196587802e-05,3.981153485543842e-05,0.1864340088887768,0.1864204542373526,1.3554651424202184e-05,8.268886493578709e-05,19A,"(45.0, 50.0]",0.5480959473000002,"(0.5, 0.55]",0.6496121103914332,0.6495439330850151,6.817730641806019e-05,0.08423728398735428,0.08422835411882078,8.929868533499863e-06,0.15916634383139486,0.1591543838446462,1.1959986748660834e-05,0.6134216157895829,0.0007555846536664702
211,2191.9999999999995,10167.0,2995.452845274798,3088.689410199542,93.23656492474448,2627.7856445,2678.7648926,50.97924809999995,8.761919291283586,8.760641320274607,0.0012779710089798,0.229307998616516,24,0.7579167921367335,0.7578628300812297,5.396205550375436e-05,0.0003435179379244,0.1055956053510881,0.1055848245932549,1.0780757833177742e-05,3.985382355142786e-05,0.1863925379582317,0.1863792227480893,1.3315210142431089e-05,8.438700753710116e-05,19A,"(50.0, 55.0]",0.5607717290999995,"(0.55, 0.6]",0.64940239149028,0.6493354321351609,6.695935511913387e-05,0.0842449892105439,0.08423618294359653,8.80626694736708e-06,0.1591297520168908,0.15911800347654081,1.1748540349992842e-05,0.6134364297506181,0.0007839539730733635
212,2191.9999999999995,10168.0,2999.1530383429063,3092.234452677939,93.0814143350326,2629.8449707,2680.6660156,50.82104489999983,8.761919291283586,8.760658659981749,0.0012606313018377,0.228930773275792,24,0.7579167921367335,0.7578627025636951,5.408957303826752e-05,0.0003119986907803,0.1055956053510881,0.1055847248928418,1.088045824629754e-05,3.620720552643952e-05,0.1863925379582317,0.1863791896347558,1.334832347589058e-05,7.66435145655997e-05,19A,"(50.0, 55.0]",0.5590314938999982,"(0.55, 0.6]",0.64940239149028,0.6493352739088173,6.711758146271674e-05,0.0842449892105439,0.08423610150346898,8.8877070749116e-06,0.1591297520168908,0.15911797425939764,1.1777757493169894e-05,0.6134364297506181,0.0007733171650311924
213,2192.000000000001,10169.0,3002.940296258944,3097.6997844542534,94.75948819531004,2631.949707,2683.5910645,51.641357499999685,8.761919291283586,8.760652920409292,0.0012663708742941,0.2294857656415556,24,0.7579167921367335,0.757862060552291,5.473158444231629e-05,0.0002825794982272,0.1055956053510881,0.1055845631154044,1.1042235683674424e-05,3.280726202359308e-05,0.1863925379582317,0.1863790300479332,1.3507910298573195e-05,6.941606943555723e-05,19A,"(50.0, 55.0]",0.5680549324999965,"(0.55, 0.6]",0.64940239149028,0.6493344772884055,6.791420187446384e-05,0.0842449892105439,0.08423596935582839,9.019854715505704e-06,0.1591297520168908,0.15911783344992933,1.1918566961477417e-05,0.6134364297506181,0.0007768380278671414
214,2191.9999999999995,10170.0,3006.0421758267057,3106.030108858848,99.98793303214188,2633.6711426,2688.0375977,54.36645509999971,9.110104155843873,9.108592501831932,0.0015116540119386,0.2395474037307593,25,0.7577558557982207,0.7576974528985632,5.8402899657528096e-05,0.0002533321822253,0.105603140404657,0.1055915513231316,1.1589081525418266e-05,3.079555161278336e-05,0.1863530397859271,0.1863386269153927,1.441287053443041e-05,6.222160006696953e-05,19A,"(50.0, 55.0]",0.5980310060999968,"(0.55, 0.6]",0.6492027046617544,0.649130248824594,7.245583716042336e-05,0.08425114424796945,0.08424167767092502,9.466577044425772e-06,0.15909490137001006,0.15908218450327674,1.2716866733319954e-05,0.6134504513062311,0.000927324835842609
215,2192.0000000000005,10171.0,3010.9747011744157,3112.9207603644827,101.94605919006744,2635.1672363,2690.5170898,55.349853500000336,9.458260737795763,9.456357809863675,0.0019029279320879,0.2496683442097948,26,0.7576041935559862,0.7575395868702994,6.460668568670097e-05,0.0003145910521171,0.1056091088117263,0.1055967264435015,1.2382368224804165e-05,3.9462720383132144e-05,0.1863158153734097,0.1862998759601863,1.5939413223364784e-05,7.734323875296933e-05,19A,"(55.0, 60.0]",0.6088483885000037,"(0.6, 0.65]",0.6490145597442407,0.6489344220319778,8.013771226289546e-05,0.08425601957907203,0.08424590497785645,1.011460121558283e-05,0.15906205739553447,0.15904799381085233,1.4063584682144636e-05,0.6134635970841245,0.0011673770142104976
216,2191.9999999999995,10172.0,3011.1253755004045,3117.3970753669423,106.2716998665378,2636.4592285,2694.1877441,57.72851560000026,9.806007613164466,9.803806154153976,0.0022014590104895,0.2538845252406667,27,0.7574541548054917,0.7573854107217161,6.874408377581469e-05,0.0003592112571304,0.1056128740938918,0.1056000994867576,1.2774607134138608e-05,4.420255425630071e-05,0.1862789842527715,0.1862620293535656,1.6954899205838486e-05,8.829667042398182e-05,19A,"(55.0, 60.0]",0.6350136716000029,"(0.6, 0.65]",0.64882846205588,0.6487432076785701,8.525437730988461e-05,0.08425909528041607,0.08424866025998934,1.0435020426732833e-05,0.15902956086436354,0.15901460150191238,1.4959362451161251e-05,0.6134764738543566,0.0013505433110899995
217,2191.999999999999,10173.0,3013.3286811853136,3118.286735696666,104.9580545113522,2637.6811523,2694.6606445,56.979492200000095,9.458260737795763,9.45633542077661,0.0019253170191539,0.2508288304890541,26,0.7576041935559862,0.7575390535773803,6.513997860593171e-05,0.0003183605668821,0.1056091088117263,0.1055966548566553,1.245395507102428e-05,3.995712497961712e-05,0.1863158153734097,0.1862997447140691,1.607065934054421e-05,7.827047598552017e-05,19A,"(55.0, 60.0]",0.626774414200001,"(0.6, 0.65]",0.6490145597442407,0.648933760564392,8.079917984871177e-05,0.08425601957907203,0.0842458465019373,1.0173077134731368e-05,0.15906205739553447,0.15904787801075823,1.4179384776241699e-05,0.6134635970841245,0.0011811119040974357
218,2192.0000000000005,10174.0,3015.5091421973902,3120.114006553168,104.60486435577786,2638.8896484,2695.6318359,56.7421875,9.806007613164466,9.803758934737832,0.0022486784266337,0.2566771787817997,27,0.7574541548054917,0.7573838660190676,7.028878642420419e-05,0.0003893723134996,0.1056128740938918,0.1055998220046239,1.3052089267836973e-05,4.818332164657768e-05,0.1862789842527715,0.1862616475654143,1.7336687357129545e-05,9.571623095849802e-05,19A,"(55.0, 60.0]",0.6241640625,"(0.6, 0.65]",0.64882846205588,0.648741292063693,8.716999218694177e-05,0.08425909528041607,0.08424843359758329,1.0661682832785457e-05,0.15902956086436354,0.1590142646500405,1.5296214323029522e-05,0.6134764738543566,0.0013795113120036047
219,2191.999999999999,10175.0,3021.366160618741,3124.2236957090586,102.85753509031748,2639.9848633,2695.833252,55.84838869999976,9.458260737795763,9.456321434686144,0.0019393031096193,0.2517143390739222,26,0.7576041935559862,0.7575386500537746,6.554350221150439e-05,0.0003248375705685,0.1056091088117263,0.1055965929499264,1.2515861799925562e-05,4.079900667108838e-05,0.1863158153734097,0.1862996452371523,1.617013625738483e-05,7.986356114697557e-05,19A,"(55.0, 60.0]",0.6143322756999974,"(0.6, 0.65]",0.6490145597442407,0.648933260055895,8.12996883456929e-05,0.08425601957907203,0.08424579593325107,1.0223645820955918e-05,0.15906205739553447,0.15904779024103152,1.4267154502950463e-05,0.6134635970841245,0.001189691861463484
220,2191.9999999999995,10176.0,3024.244744700398,3127.2789422245746,103.03419752417676,2641.579834,2697.4567871,55.87695309999981,9.110104155843873,9.10848275866156,0.001621397182312,0.2457488216172909,25,0.7577558557982207,0.7576940749244652,6.178087375560804e-05,0.0002969574047788,0.105603140404657,0.1055909967934725,1.2143611184476376e-05,3.808560485019097e-05,0.1863530397859271,0.186337793390894,1.5246395033132742e-05,7.302465790648416e-05,19A,"(55.0, 60.0]",0.6146464840999979,"(0.6, 0.65]",0.6492027046617544,0.6491260581936364,7.664646811800235e-05,0.08425114424796945,0.08424122470290346,9.919545065989466e-06,0.15909490137001006,0.1590814490640115,1.3452305998556957e-05,0.6134504513062311,0.000994646833235948
221,2191.999999999999,10177.0,3027.709597205584,3129.2915184089275,101.58192120334344,2643.4968262,2698.5251465,55.02832029999991,9.458260737795763,9.456258516491935,0.0020022213038259,0.2552616226104256,26,0.7576041935559862,0.757536703466741,6.74900892450421e-05,0.0003567579444132,0.1056091088117263,0.1055962688834749,1.2839928251402623e-05,4.500644169425083e-05,0.1863158153734097,0.1862991647453127,1.6650628096893403e-05,8.771579361444015e-05,19A,"(55.0, 60.0]",0.6053115232999989,"(0.6, 0.65]",0.6490145597442407,0.6489308456197059,8.371412453478388e-05,0.08425601957907203,0.08424553121867857,1.0488360393454133e-05,0.15906205739553447,0.1590473662971213,1.4691098413177617e-05,0.6134635970841245,0.0012282898832035023
222,2191.9999999999995,10178.0,3030.9656261124146,3131.54639466632,100.58076855390529,2645.2956543,2699.7214355,54.42578120000008,9.110104155843873,9.108401904127952,0.001702251715919,0.2500629269652502,25,0.7577558557982207,0.7576917430705744,6.411272764620612e-05,0.0003305965979996,0.105603140404657,0.1055906287261908,1.2511678466164966e-05,4.2519795573459085e-05,0.1863530397859271,0.186337218295813,1.5821490114116267e-05,8.129973616399777e-05,19A,"(50.0, 55.0]",0.5986835932000008,"(0.55, 0.6]",0.6492027046617544,0.6491231653632521,7.953929850235131e-05,0.08425114424796945,0.08424092404689547,1.0220201073982138e-05,0.15909490137001006,0.1590809416435369,1.3959726473167233e-05,0.6134504513062311,0.0010442470833673168
223,2191.9999999999995,10179.0,3044.418715594225,3131.4461316754787,87.0274160812537,2647.5866699,2694.7436523,47.15698240000029,7.716498811393528,7.715228611562449,0.0012701998310786,0.226941996939086,21,0.7584476216959257,0.7583871640869606,6.045760896502445e-05,0.0002201746031912,0.1055614686351749,0.1055496098410769,1.1858794097993222e-05,3.150838161802838e-05,0.1865227953096874,0.18650787665151,1.4918658177423946e-05,5.420492954655298e-05,19A,"(45.0, 50.0]",0.5187268064000032,"(0.5, 0.55]",0.6500613045319713,0.6499862382672915,7.50662646797906e-05,0.08421710476582639,0.0842074180563321,9.686709494291512e-06,0.1592446862336896,0.15923152229454707,1.3163939142524228e-05,0.6133896275281773,0.0007791274012716562
224,2191.999999999999,10180.0,3047.2074133811857,3134.098519699496,86.89110631831,2649.1235352,2696.1547852,47.03125,8.065203013192326,8.06376406769541,0.0014389454969165,0.2340012368373863,22,0.7582605754077982,0.7581967976177464,6.377779005167279e-05,0.0002635364409224,0.1055745186545071,0.1055621180607286,1.2400593778519571e-05,3.641185894232013e-05,0.1864768998149646,0.1864611626582278,1.573715673679073e-05,6.485696811853181e-05,19A,"(45.0, 50.0]",0.51734375,"(0.5, 0.55]",0.6498290787627524,0.649749907724204,7.91710385483757e-05,0.08422776457296519,0.08421763524256902,1.012933039616637e-05,0.15920418915092804,0.15919030321547367,1.388593545437189e-05,0.613406179734454,0.0008826580601096458
225,2191.999999999999,10181.0,3050.0570290820697,3136.889568074051,86.83253899198144,2650.6921387,2697.6384277,46.94628899999998,8.065203013192326,8.063672942654106,0.0015300705382195,0.2392630574415946,22,0.7582605754077982,0.7581942486499753,6.632675782300676e-05,0.0002976861578687,0.1055745186545071,0.1055617418763289,1.2776778178221052e-05,4.0980272688728725e-05,0.1864768998149646,0.1864605347195137,1.6365095450811904e-05,7.325907279653876e-05,19A,"(45.0, 50.0]",0.5164091789999998,"(0.5, 0.55]",0.6498290787627524,0.649746743668066,8.233509468646982e-05,0.08422776457296519,0.08421732796010042,1.0436612864761496e-05,0.15920418915092804,0.1591897491451962,1.4440005731836125e-05,0.613406179734454,0.0009385547235734633
226,2191.9999999999945,10182.0,3046.2556818787493,3133.3163805534505,87.06069867470114,2651.7473145,2698.8740234,47.12670890000027,8.065203013192326,8.063744916887156,0.0014580963051695,0.2351449289338852,22,0.7582605754077982,0.7581962608842385,6.431452355974068e-05,0.0002698072919508,0.1055745186545071,0.105562042495774,1.2476158733121244e-05,3.725557377975974e-05,0.1864768998149646,0.1864610305129681,1.5869301996515343e-05,6.63999178446284e-05,19A,"(45.0, 50.0]",0.518393797900003,"(0.5, 0.55]",0.6498290787627524,0.6497492414713818,7.983729137062134e-05,0.08422776457296519,0.0842175735180866,1.0191054878580519e-05,0.15920418915092804,0.15919018661529352,1.4002535634521918e-05,0.613406179734454,0.0008944052842389456
227,2191.0,10183.0,3060.3821818936763,3150.732097690288,90.34991579661164,2654.2736816,2703.121582,48.84790040000007,8.065203013192326,8.063665367114526,0.0015376460778,0.2398833303764636,22,0.7582605754077982,0.7581940324553926,6.654295240572272e-05,0.0002980082433965,0.1055745186545071,0.1055617196717601,1.2798982747046091e-05,4.1034302634246345e-05,0.1864768998149646,0.1864604816693301,1.641814563447202e-05,7.333851956481396e-05,19A,"(45.0, 50.0]",0.5373269044000009,"(0.5, 0.55]",0.6498290787627524,0.6497464753042658,8.260345848665196e-05,0.08422776457296519,0.08421730982252187,1.0454750443311678e-05,0.15920418915092804,0.15918970233564983,1.4486815278214049e-05,0.613406179734454,0.0009432016063669651
228,2190.9999999999927,10184.0,3062.065296069764,3153.7271480770933,91.66185200732934,2654.6555176,2704.1848145,49.529296899999736,8.413684727997884,8.412096256232358,0.0015884717655261,0.2457253883876451,23,0.7580857807833631,0.7580192068645281,6.657391883524433e-05,0.0003295090730769,0.1055861725096307,0.1055732871655353,1.2885344095352371e-05,4.421182174252358e-05,0.1864340088887768,0.1864175814631377,1.6427425639120585e-05,8.106898135962215e-05,19A,"(45.0, 50.0]",0.544822265899997,"(0.5, 0.55]",0.6496121103914332,0.6495294855813543,8.262481007892397e-05,0.08423728398735428,0.08422675863805647,1.0525349297810238e-05,0.15916634383139486,0.15915184905131222,1.4494780082641157e-05,0.6134216157895829,0.0009744029170451516
229,2189.9999999999995,10185.0,3065.4981985313566,3160.1133313061177,94.61513277476116,2656.5439453,2707.5678711,51.02392580000014,8.761919291283586,8.760072107511157,0.0018471837724298,0.2603734775555071,24,0.7579167921367335,0.7578455748791848,7.121725754858736e-05,0.0004086121137957,0.1055956053510881,0.1055820119258859,1.3593425202148198e-05,5.372022631966456e-05,0.1863925379582317,0.1863749657232214,1.7572235010310244e-05,0.0001005099600412,19A,"(50.0, 55.0]",0.5612631838000015,"(0.55, 0.6]",0.64940239149028,0.6493140217472962,8.836974298376266e-05,0.0842449892105439,0.08423388542203505,1.1103788508839973e-05,0.1591297520168908,0.15911424734577745,1.5504671113358848e-05,0.6134364297506181,0.0011331298184526148
230,2190.0,10186.0,3066.138767351635,3161.511386264598,95.37261891296292,2656.8959961,2708.3068848,51.41088869999976,8.761919291283586,8.760072107511157,0.0018471837724298,0.2603734775555071,24,0.7579167921367335,0.7578455748791848,7.121725754858736e-05,0.0004086121137957,0.1055956053510881,0.1055820119258859,1.3593425202148198e-05,5.372022631966456e-05,0.1863925379582317,0.1863749657232214,1.7572235010310244e-05,0.0001005099600412,19A,"(50.0, 55.0]",0.5655197756999973,"(0.55, 0.6]",0.64940239149028,0.6493140217472962,8.836974298376266e-05,0.0842449892105439,0.08423388542203505,1.1103788508839973e-05,0.1591297520168908,0.15911424734577745,1.5504671113358848e-05,0.6134364297506181,0.0011331298184526148
231,2189.9999999999927,10187.0,3068.6637491045126,3164.7479790747984,96.08422997028585,2657.3896484,2709.4155273,52.02587889999995,8.761919291283586,8.760367393059626,0.0015518982239601,0.2458358896186594,24,0.7579167921367335,0.757853331262214,6.346087451929161e-05,0.0003169010551586,0.1055956053510881,0.1055831472272072,1.2458123880856877e-05,4.159268002057459e-05,0.1863925379582317,0.1863768766262361,1.5661331995625583e-05,7.794848009656796e-05,19A,"(50.0, 55.0]",0.5722846678999995,"(0.55, 0.6]",0.64940239149028,0.6493236458731537,7.87456171262857e-05,0.0842449892105439,0.08423481279023512,1.0176420308774525e-05,0.1591297520168908,0.15911593340559502,1.381861129579054e-05,0.6134364297506181,0.0009519909058424088
232,2189.0,10188.0,3071.412798595523,3168.806342958984,97.39354436346092,2659.7915039,2712.1582031,52.36669919999986,9.110104155843873,9.107846252867535,0.0022579029763356,0.2775941450712357,25,0.7577558557982207,0.7576771551911473,7.870060707344528e-05,0.0004961757572982,0.105603140404657,0.1055885184240792,1.462198057781361e-05,6.440974861099402e-05,0.1863530397859271,0.1863336246966762,1.94150892509537e-05,0.0001220329649014,19A,"(50.0, 55.0]",0.5760336911999985,"(0.55, 0.6]",0.6492027046617544,0.6491050682437076,9.763641804683143e-05,0.08425114424796945,0.08423920024615413,1.1944001815325511e-05,0.15909490137001006,0.15907777092538394,1.713044462611779e-05,0.6134504513062311,0.0013851115998387562
233,2189.0000000000005,10189.0,3071.9528735917206,3172.5891527875374,100.63627919581675,2660.6303711,2714.6721191,54.0417480000001,9.458260737795763,9.455627457105852,0.0026332806899116,0.2894199127491128,26,0.7576041935559862,0.7575197260673714,8.446748861474955e-05,0.0005635854870095,0.1056091088117263,0.1055937661269691,1.5342684757194777e-05,7.242056856893164e-05,0.1863158153734097,0.1862949812160281,2.0834157381521837e-05,0.0001385975186037,19A,"(50.0, 55.0]",0.5944592280000011,"(0.55, 0.6]",0.6490145597442407,0.6489097880517388,0.00010477169250189267,0.08425601957907203,0.08424348683644758,1.2532742624443705e-05,0.15906205739553447,0.15904367512043516,1.838227509931567e-05,0.6134635970841245,0.0016154218441653352
234,2188.9999999999995,10190.0,3073.9710687773086,3177.6466876879776,103.67561891066909,2661.7355957,2717.3300781,55.59448239999983,9.458260737795763,9.455467122989356,0.0027936148064071,0.2977002861148808,26,0.7576041935559862,0.7575156294693799,8.85640866063464e-05,0.0006054281499483,0.1056091088117263,0.1055931952339535,1.5913577772778217e-05,7.799698377786157e-05,0.1863158153734097,0.1862939724655235,2.1842907886110856e-05,0.0001488918883709,19A,"(55.0, 60.0]",0.6115393063999982,"(0.6, 0.65]",0.6490145597442407,0.6489047069840298,0.00010985276021091561,0.08425601957907203,0.08424302050153917,1.2999077532854786e-05,0.15906205739553447,0.15904278508892924,1.927230660522805e-05,0.6134635970841245,0.0017137809880059696
235,2189.000000000004,10191.0,3075.9425288363627,3183.8050199671534,107.86249113079066,2662.8151855,2720.5598145,57.74462899999981,9.806007613164466,9.802940600574866,0.0030670125896001,0.3057064953831617,27,0.7574541548054917,0.7573623283283705,9.18264771213636e-05,0.0006554053137429,0.1056128740938918,0.1055966114223991,1.6262671492675677e-05,8.371279673946574e-05,0.1862789842527715,0.1862563391010104,2.264515176107094e-05,0.0001611682026279,19A,"(55.0, 60.0]",0.6351909189999978,"(0.6, 0.65]",0.64882846205588,0.6487145831319067,0.00011387892397329846,0.08425909528041607,0.08424581102254239,1.3284257873683036e-05,0.15902956086436354,0.15900958099410206,1.9979870261477295e-05,0.6134764738543566,0.0018815400687347882
236,2188.000000000004,10193.0,3086.5385837705003,3188.6852235425927,102.1466397720924,2667.6254883,2722.4172363,54.79174799999964,9.458260737795763,9.455480195055792,0.0027805427399716,0.2969537746272646,26,0.7576041935559862,0.7575159937483716,8.819980761449485e-05,0.0006009632885594,0.1056091088117263,0.1055932507641537,1.5858047572553806e-05,7.739937673401087e-05,0.1863158153734097,0.1862940622756177,2.175309779188185e-05,0.000147793373088,19A,"(50.0, 55.0]",0.602709227999996,"(0.6, 0.65]",0.6490145597442407,0.6489051588033544,0.00010940094088629504,0.08425601957907203,0.08424306586147019,1.2953717601835169e-05,0.15906205739553447,0.1590428643293359,1.919306619857508e-05,0.6134635970841245,0.001705761751109125
237,2187.999999999999,10193.0,3086.5385837705003,3188.6852235425927,102.1466397720924,2667.6254883,2722.4172363,54.79174799999964,9.458260737795763,9.455480195055792,0.0027805427399716,0.2969537746272646,26,0.7576041935559862,0.7575159937483716,8.819980761449485e-05,0.0006009632885594,0.1056091088117263,0.1055932507641537,1.5858047572553806e-05,7.739937673401087e-05,0.1863158153734097,0.1862940622756177,2.175309779188185e-05,0.000147793373088,19A,"(50.0, 55.0]",0.602709227999996,"(0.6, 0.65]",0.6490145597442407,0.6489051588033544,0.00010940094088629504,0.08425601957907203,0.08424306586147019,1.2953717601835169e-05,0.15906205739553447,0.1590428643293359,1.919306619857508e-05,0.6134635970841245,0.001705761751109125
238,2188.0000000000146,10194.0,3090.246862648672,3191.908923713084,101.66206106441132,2669.6547852,2724.1098633,54.45507810000026,9.110104155843873,9.107438201841951,0.0026659540019196,0.2962573773470398,25,0.7577558557982207,0.7576669944068145,8.886139140625193e-05,0.0005919513961782,0.105603140404657,0.10558712880611,1.601159854693446e-05,7.711258525222586e-05,0.1863530397859271,0.1863311234048718,2.1916381055349097e-05,0.0001455951767974,19A,"(50.0, 55.0]",0.5990058591000029,"(0.55, 0.6]",0.6492027046617544,0.6490924633796092,0.00011024128214520701,0.08425114424796945,0.0842380651373102,1.307911065924483e-05,0.15909490137001006,0.1590755639784379,1.9337391572171736e-05,0.6134504513062311,0.0016354306856392314
239,2188.978813559341,10193.781779661016,3088.2831874771737,3197.6183675964226,109.33518011924888,2667.3393555,2726.1484375,58.80908200000022,9.806007613164466,9.803212660237357,0.0027949529271111,0.2889064847191865,27,0.7574541548054917,0.757369366947121,8.478785837089057e-05,0.0005780659561938,0.1056128740938918,0.1055976210609505,1.5253032941323588e-05,7.330041672670706e-05,0.1862789842527715,0.1862580730652616,2.0911187509933508e-05,0.0001421388056276,19A,"(55.0, 60.0]",0.6468999020000024,"(0.6, 0.65]",0.64882846205588,0.648723311661774,0.00010515039410596838,0.08425909528041607,0.0842466357488264,1.2459531589667505e-05,0.15902956086436354,0.1590111108690576,1.8449995305952482e-05,0.6134764738543566,0.00171463786631303
240,2189.9576271186525,10193.563559322034,3083.7447011319127,3192.3072232912723,108.56252215935956,2665.7553711,2724.222168,58.466796899999736,10.152676135313412,10.15000026662736,0.0026758686860546,0.2836381118351998,28,0.7572895742137087,0.7572092798432869,8.029437042154721e-05,0.0005619659239766,0.1056128316221016,0.1055983114533564,1.4520168745241996e-05,7.027002158255247e-05,0.1862385723686655,0.1862187687211751,1.980364749036369e-05,0.0001381599691091,19A,"(55.0, 60.0]",0.6431347658999971,"(0.6, 0.65]",0.6486243656434978,0.6485248069994343,9.955864406352433e-05,0.0842590605869598,0.08424719969815407,1.1860888805725889e-05,0.15899390547856007,0.15897643291909622,1.747255946385473e-05,0.6134903480078944,0.0016416196114310635
241,2190.9364406779787,10193.34533898305,3078.8831553477885,3186.8371336747705,107.953978326982,2663.0754395,2721.3376465,58.26220700000022,9.806007613164466,9.8034803682488,0.002527244915667,0.2724041709888143,27,0.7574541548054917,0.7573764445067199,7.77102987717978e-05,0.0004912314464478,0.1056128740938918,0.1055986784587143,1.4195635177501928e-05,6.166301667920315e-05,0.1862789842527715,0.1862598175705016,1.916668226985017e-05,0.0001207741785306,19A,"(55.0, 60.0]",0.6408842770000024,"(0.6, 0.65]",0.64882846205588,0.6487320885551001,9.637350077984497e-05,0.08425909528041607,0.08424749948777016,1.1595792645910374e-05,0.15902956086436354,0.1590126500452796,1.6910819083948425e-05,0.6134764738543566,0.0015504052994297418
242,2191.9152542372976,10193.127118644068,3076.7051604402923,3183.744004227424,107.03884378713155,2661.873291,2719.7041016,57.83081059999995,9.458260737795763,9.456060994073088,0.0021997437226755,0.2657497076671229,26,0.7576041935559862,0.7575314439003914,7.274965559474531e-05,0.0004233618344536,0.1056091088117263,0.1055954864363083,1.3622375418037997e-05,5.378639768516269e-05,0.1863158153734097,0.1862978685705822,1.7946802827427924e-05,0.0001041000794833,19A,"(55.0, 60.0]",0.6361389165999994,"(0.6, 0.65]",0.6490145597442407,0.6489243219796096,9.02377646311292e-05,0.08425601957907203,0.08424489207471773,1.1127504354294104e-05,0.15906205739553447,0.1590462226664439,1.583472909058581e-05,0.6134635970841245,0.0013494626967757348
243,2192.894067796624,10192.908898305084,3074.91231852765,3181.7551871321875,106.84286860453768,2660.7192383,2718.7995605,58.08032219999996,9.806007613164466,9.803740324251592,0.0022672889128738,0.2567600731617541,27,0.7574541548054917,0.7573843944416581,6.976036383377071e-05,0.0003587399649267,0.1056128740938918,0.1056000207253104,1.285336858142044e-05,4.405650881078582e-05,0.1862789842527715,0.1862617805784112,1.7203674360253438e-05,8.817917137859954e-05,19A,"(55.0, 60.0]",0.6388835441999995,"(0.6, 0.65]",0.64882846205588,0.6487419473701161,8.65146857638166e-05,0.08425909528041607,0.08424859592337895,1.0499357037119239e-05,0.15902956086436354,0.15901438200746723,1.517885689630849e-05,0.6134764738543566,0.0013909284074788964
244,2193.872881355943,10192.690677966102,3073.037841694064,3179.989312823014,106.95147112895027,2659.6772461,2717.8605957,58.18334959999993,9.458260737795763,9.456322207965924,0.0019385298298377,0.2513284591199711,26,0.7576041935559862,0.7575396925509454,6.450100504044983e-05,0.0003076471098095,0.1056091088117263,0.1055968701752442,1.2238636482125438e-05,3.5392247994536774e-05,0.1863158153734097,0.1862999048972131,1.5910476196538787e-05,7.555626879884869e-05,19A,"(55.0, 60.0]",0.6400168455999992,"(0.6, 0.65]",0.6490145597442407,0.6489345531125637,8.000663167706534e-05,0.08425601957907203,0.0842460223855454,9.997193526622983e-06,0.15906205739553447,0.1590480193423545,1.403805317998219e-05,0.6134635970841245,0.0011892174824671112
245,2194.851694915269,10192.472457627118,3069.191516836858,3174.4912253092634,105.2997084724052,2656.7971191,2713.9267578,57.12963869999976,9.458260737795763,9.456256468342758,0.0020042694530051,0.2549431662775919,26,0.7576041935559862,0.7575371627752321,6.703078075390809e-05,0.0003381899884556,0.1056091088117263,0.1055963950207869,1.2713790939439676e-05,4.253805746434747e-05,0.1863158153734097,0.1862992792503497,1.653612305994547e-05,8.314779999152311e-05,19A,"(55.0, 60.0]",0.6284260256999973,"(0.6, 0.65]",0.6490145597442407,0.6489314153194154,8.314442482526552e-05,0.08425601957907203,0.08424563425428432,1.0385324787712258e-05,0.15906205739553447,0.15904746732632916,1.4590069205316913e-05,0.6134635970841245,0.001229546348166339
246,2195.830508474588,10192.254237288136,3066.5994238370963,3167.889504974043,101.2900811369468,2655.359375,2710.4172363,55.057861299999786,9.110104155843873,9.108537931427987,0.0015662244158836,0.2429735312182455,25,0.7577558557982207,0.757696253545785,5.9602252435766446e-05,0.00026692332369,0.105603140404657,0.1055914221987746,1.17182058824028e-05,3.117780037897866e-05,0.1863530397859271,0.1863383324856479,1.4707300279264146e-05,6.555963902177275e-05,19A,"(55.0, 60.0]",0.6056364742999977,"(0.6, 0.65]",0.6492027046617544,0.6491287609353412,7.39437264132281e-05,0.08425114424796945,0.08424157219557452,9.572052394934971e-06,0.15909490137001006,0.15908192472061108,1.2976649398976914e-05,0.6134504513062311,0.0009608010747706327
247,2196.809322033914,10192.036016949152,3063.882827703356,3161.6471384931456,97.76431078979022,2653.8513184,2707.0893555,53.23803709999993,9.110104155843873,9.108564714521709,0.0015394413221638,0.2414719916603596,25,0.7577558557982207,0.7576973946196679,5.84611785527267e-05,0.0002973188515713,0.105603140404657,0.1055916519628157,1.1488441841276398e-05,3.40225335415667e-05,0.1863530397859271,0.1863386149764489,1.4424809478263966e-05,7.30256156724618e-05,19A,"(50.0, 55.0]",0.5856184080999992,"(0.55, 0.6]",0.6492027046617544,0.6491301765250989,7.252813665559188e-05,0.08425114424796945,0.08424175987854837,9.384369421078231e-06,0.15909490137001006,0.15908217396925,1.2727400760054186e-05,0.6134504513062311,0.0009443709738408443
248,2197.788135593226,10191.81779661017,3060.8965446830143,3153.504812628521,92.60826794550668,2652.190918,2702.7363281,50.545410100000026,8.413684727997884,8.41240457794175,0.0012801500561341,0.2277044998573136,23,0.7580857807833631,0.7580288461415176,5.693464184563102e-05,0.0003137039770435,0.1055861725096307,0.10557491130675,1.12612028806655e-05,3.704514647306922e-05,0.1864340088887768,0.1864199604435415,1.40484452353325e-05,7.707660076716749e-05,19A,"(50.0, 55.0]",0.5559995111000003,"(0.55, 0.6]",0.6496121103914332,0.6495414484734946,7.06619179385859e-05,0.08423728398735428,0.08422808530888098,9.198678473293365e-06,0.15916634383139486,0.15915394814531778,1.2395686077082413e-05,0.6134216157895829,0.0007852717158869049
249,2198.766949152552,10191.599576271186,3059.224385233135,3150.0714810209283,90.84709578779348,2650.4750977,2700.1916504,49.71655270000019,8.413684727997884,8.412364375801856,0.0013203521960285,0.2289727944962353,23,0.7580857807833631,0.7580288868353782,5.6893947984929575e-05,0.0003747676601885,0.1055861725096307,0.1055750721498378,1.1100359792937592e-05,4.421544084931561e-05,0.1864340088887768,0.1864199736077067,1.4035281070115657e-05,9.208064405630267e-05,19A,"(45.0, 50.0]",0.5468820797000021,"(0.5, 0.55]",0.6496121103914332,0.6495414989771843,7.061141424891115e-05,0.08423728398735428,0.08422821669272623,9.067294628045675e-06,0.15916634383139486,0.15915395976072752,1.2384070667337266e-05,0.6134216157895829,0.0008099325774991265
250,2199.7457627118783,10191.381355932202,3053.1636802070025,3139.757211987493,86.59353178049105,2647.0917969,2694.6401367,47.54833979999967,7.716498811393528,7.71520428586598,0.0012945255275482,0.2265016989454019,21,0.7584476216959257,0.7583888811543174,5.874054160822809e-05,0.0004243222912442,0.1055614686351749,0.1055503415827816,1.112705239329836e-05,5.198474064116443e-05,0.1865227953096874,0.1865083084565643,1.4486853123129082e-05,0.0001042961434434,19A,"(45.0, 50.0]",0.5230317377999963,"(0.5, 0.55]",0.6500613045319713,0.649988370163603,7.29343683683048e-05,0.08421710476582639,0.08420801576900258,9.08899682380837e-06,0.1592446862336896,0.15923190331009043,1.2782923599158336e-05,0.6133896275281773,0.0007940485311685075
251,2200.7245762711973,10191.16313559322,3050.4125902085307,3134.238560442257,83.82597023372637,2645.5532227,2691.659668,46.10644529999991,7.716498811393528,7.715119717617885,0.0013790937756432,0.2306913522215966,21,0.7584476216959257,0.7583870075191992,6.061417672649439e-05,0.0004571370679421,0.1055614686351749,0.10555017527205,1.1293363124929118e-05,5.596539144181456e-05,0.1865227953096874,0.1865078489718076,1.49463378798271e-05,0.0001123616989623,19A,"(45.0, 50.0]",0.507170898299999,"(0.5, 0.55]",0.6500613045319713,0.6499860438742981,7.526065767315959e-05,0.08421710476582639,0.08420787992045986,9.2248453665289e-06,0.1592446862336896,0.15923149787057175,1.3188363117838664e-05,0.6133896275281773,0.00084592181736821
252,2201.7033898305235,10190.944915254237,3047.482806704389,3131.716231899073,84.23342519468406,2643.9130859,2690.2956543,46.382568399999855,7.716498811393528,7.715016683197763,0.0014821281957653,0.235760550466839,21,0.7584476216959257,0.7583846364239387,6.29852719867924e-05,0.0004911472141458,0.1055614686351749,0.1055499479365421,1.1520698632786855e-05,6.0089020850417896e-05,0.1865227953096874,0.1865072671815628,1.5528128124606266e-05,0.0001207210516347,19A,"(45.0, 50.0]",0.5102082523999983,"(0.5, 0.55]",0.6500613045319713,0.6499830999501368,7.820458183449563e-05,0.08421710476582639,0.08420769422471788,9.410541108506587e-06,0.1592446862336896,0.15923098451140316,1.3701722286429963e-05,0.6133896275281773,0.0009091220619494867
253,2202.6822033898425,10190.726694915254,3044.42962890866,3127.598464087564,83.16883517890346,2642.3217773,2688.3203125,45.99853519999988,7.367804655049277,7.366128387697713,0.0016762673515637,0.248517707099278,20,0.7586553398086986,0.7585843399426695,7.099986602899788e-05,0.0005487757999415,0.1055480005143075,0.1055357191465195,1.2281367787925212e-05,6.805954109567747e-05,0.1865737652264361,0.1865562693177911,1.749590864495443e-05,0.000134903772602,19A,"(45.0, 50.0]",0.5059838871999986,"(0.5, 0.55]",0.6503192554709725,0.6502310784538607,8.817701711172354e-05,0.08420610350163919,0.08419607168009002,1.0031821549169595e-05,0.15928966164783684,0.15927422331631091,1.543833152592433e-05,0.6133713075631706,0.0010281742972540796
254,2203.6610169491687,10190.50847457627,3041.590140628679,3124.2794638682167,82.68932323953777,2640.7231445,2686.5146484,45.79150389999995,7.716498811393528,7.71464152962569,0.0018572817678377,0.253732526619707,21,0.7584476216959257,0.7583758210032661,7.18006926595463e-05,0.0005890515623711,0.1055614686351749,0.1055490457416317,1.2422893543195812e-05,7.194566133794655e-05,0.1865227953096874,0.1865051031022046,1.7692207482843446e-05,0.0001447848068329,19A,"(45.0, 50.0]",0.5037065428999995,"(0.5, 0.55]",0.6500613045319713,0.6499721548992995,8.914963267181442e-05,0.08421710476582639,0.08420695727996134,1.0147485865044659e-05,0.1592446862336896,0.15922907497537783,1.561125831175958e-05,0.6133896275281773,0.0011392373717888414
255,2204.639830508488,10190.290254237289,3036.154300817312,3117.985772578779,81.83147176146713,2637.6584473,2683.0834961,45.42504880000024,7.367804655049277,7.365725941217228,0.0020787138320486,0.2641195721928444,20,0.7586553398086986,0.758574269732809,8.107007588967763e-05,0.0006266042464385,0.1055480005143075,0.1055345906764835,1.3409837823985526e-05,7.760127364853098e-05,0.1865737652264361,0.1865537953273155,1.9969899120531044e-05,0.0001540353295403,19A,"(45.0, 50.0]",0.4996755368000026,"(0.45, 0.5]",0.6503192554709725,0.6502185725362418,0.00010068293473064482,0.08420610350163919,0.08419514991177378,1.0953589865414504e-05,0.15928966164783684,0.15927204028319125,1.7621364645586945e-05,0.6133713075631706,0.0012750234212132987
256,2205.6186440678066,10190.072033898305,3033.586003554681,3114.9561991801656,81.37019562548448,2636.2075195,2681.4289551,45.22143559999995,7.367804655049277,7.3654909059681,0.0023137490811766,0.2727720864578443,20,0.7586553398086986,0.7585683363311374,8.700347756107062e-05,0.0006682273861695,0.1055480005143075,0.1055339146003218,1.4085913985611988e-05,8.270471751747888e-05,0.1865737652264361,0.1865523374522351,2.1427774200910574e-05,0.0001642670549413,19A,"(45.0, 50.0]",0.4974357915999994,"(0.45, 0.5]",0.6503192554709725,0.6502112040770996,0.00010805139387282114,0.08420610350163919,0.08419459767262596,1.1505829013228053e-05,0.15928966164783684,0.15927075386460293,1.890778323390685e-05,0.6133713075631706,0.0014191872992943757
257,2206.5974576271256,10189.853813559324,3033.6870511947664,3112.217753430021,78.53070223525447,2634.8740234,2678.7207031,43.84667969999964,7.367804655049277,7.3648191375247745,0.0029855175245021,0.2966485609560684,20,0.7586553398086986,0.7585511401704912,0.0001041996382074,0.0007792104172803,0.1055480005143075,0.105531932655352,1.6067858955515212e-05,9.6292904322004e-05,0.1865737652264361,0.186548111865509,2.5653360927047066e-05,0.0001915484535397,19A,"(40.0, 45.0]",0.482313476699996,"(0.45, 0.5]",0.6503192554709725,0.6501898491309537,0.00012940634001878948,0.08420610350163919,0.08419297876190932,1.3124739729877821e-05,0.15928966164783684,0.15926702524077913,2.2636407057713415e-05,0.6133713075631706,0.0018312307877566135
258,2207.576271186452,10189.63559322034,3030.6889354313007,3105.2652360718803,74.57630064057957,2633.171875,2674.8955078,41.72363279999991,7.019109320969807,7.015559870301617,0.0035494506681903,0.3150180910059075,19,0.7588841799256796,0.758761530236351,0.0001226496893285,0.0008447038998119,0.1055337936905759,0.1055156153427294,1.817834784645367e-05,0.0001052665666475,0.1866299190728512,0.1865997306506331,3.0188422218019024e-05,0.0002076639371829,19A,"(40.0, 45.0]",0.4589599607999989,"(0.45, 0.5]",0.6506035097998996,0.6504511506057862,0.00015235919411338283,0.08419449890996167,0.08417965035804466,1.4848551917009956e-05,0.15933921227100278,0.15931257363070345,2.6638640299336824e-05,0.6133511627328406,0.0021770596943973784
259,2208.5550847457707,10189.417372881357,3024.689046367442,3100.977531314644,76.28848494720114,2629.7592773,2672.53125,42.77197269999988,7.019109320969807,7.015205426806786,0.0039038941630211,0.3259422156660677,19,0.7588841799256796,0.7587524541340301,0.0001317257916494,0.0008934667865549,0.1055337936905759,0.1055145424303028,1.9251260273023263e-05,0.0001112643021832,0.1866299190728512,0.1865974998994612,3.2419173389948506e-05,0.0002196511617209,19A,"(40.0, 45.0]",0.4704916996999986,"(0.45, 0.5]",0.6506035097998996,0.6504398768727768,0.00016363292712273658,0.08419449890996167,0.08417877397881197,1.5724931149693755e-05,0.15933921227100278,0.1593106051995184,2.860707148438779e-05,0.6133511627328406,0.002394458024074941
260,2209.533898305097,10189.199152542373,3021.6552675849,3099.6610690602583,78.00580147535902,2628.0302734,2671.8046875,43.77441409999983,7.019109320969807,7.014834228153704,0.0042750928161039,0.3371346391289468,19,0.7588841799256796,0.7587429789999071,0.0001412009257724,0.0009423692206893,0.1055337936905759,0.1055134195093841,2.0374181191758868e-05,0.0001172768384981,0.1866299190728512,0.1865951710262716,3.474804657962869e-05,0.0002316726667139,19A,"(40.0, 45.0]",0.4815185550999981,"(0.45, 0.5]",0.6506035097998996,0.6504281076180918,0.00017540218180778222,0.08419449890996167,0.0841778567519627,1.6642157998972285e-05,0.15933921227100278,0.1593085501864303,3.066208457247477e-05,0.6133511627328406,0.0026221331495481412
261,2210.512711864416,10188.98093220339,3018.279142241404,3095.9279794543218,77.6488372129179,2625.9648438,2669.822998,43.85815420000017,7.019109320969807,7.013143884257554,0.0059654367122536,0.3850097097169642,19,0.7588841799256796,0.7586997731723039,0.0001844067533756,0.0011538103748331,0.1055337936905759,0.1055082694159505,2.552427462533316e-05,0.0001432352804507,0.1866299190728512,0.1865845510986767,4.536797417443786e-05,0.0002836499920658,19A,"(40.0, 45.0]",0.4824396962000019,"(0.45, 0.5]",0.6506035097998996,0.6503744424634174,0.00022906733648220268,0.08419449890996167,0.08417365004675646,2.0848863205205626e-05,0.15933921227100278,0.1592991791139757,4.003315702708066e-05,0.6133511627328406,0.0036589075436699197
262,2211.491525423742,10188.762711864409,3018.279142241404,3095.9279794543218,77.6488372129179,2625.9648438,2669.822998,43.85815420000017,7.019109320969807,7.013143884257554,0.0059654367122536,0.3850097097169642,19,0.7588841799256796,0.7586997731723039,0.0001844067533756,0.0011538103748331,0.1055337936905759,0.1055082694159505,2.552427462533316e-05,0.0001432352804507,0.1866299190728512,0.1865845510986767,4.536797417443786e-05,0.0002836499920658,19A,"(40.0, 45.0]",0.4824396962000019,"(0.45, 0.5]",0.6506035097998996,0.6503744424634174,0.00022906733648220268,0.08419449890996167,0.08417365004675646,2.0848863205205626e-05,0.15933921227100278,0.1592991791139757,4.003315702708066e-05,0.6133511627328406,0.0036589075436699197
263,2212.4703389830684,10188.544491525425,3009.4384973042606,3090.5617755017174,81.12327819745678,2623.3068848,2668.9387207,45.63183590000017,7.367804655049277,7.363256741760593,0.0045479132886834,0.3468599034572694,20,0.7586553398086986,0.7585112610932662,0.0001440787154323,0.0009944120178209,0.1055480005143075,0.1055272676319573,2.073288235013848e-05,0.0001226725420623,0.1865737652264361,0.1865383112013273,3.545402510874429e-05,0.0002444493617951,19A,"(45.0, 50.0]",0.5019501949000018,"(0.5, 0.55]",0.6503192554709725,0.650140327216911,0.0001789282540615167,0.08420610350163919,0.08418916823985444,1.693526178475624e-05,0.15928966164783684,0.15925837723514644,3.1284412690402164e-05,0.6133713075631706,0.0027895595205636565
264,2213.44915254238,10188.32627118644,3000.0142369998,3085.415240560335,85.40100356053517,2617.9077148,2666.088623,48.180908199999976,7.716498811393528,7.71192364458893,0.0045751668045976,0.3640225663954433,21,0.7584476216959257,0.7583095247997544,0.0001380968961712,0.0010299924439221,0.1055614686351749,0.1055416035255037,1.9865109671160903e-05,0.0001253261986845,0.1865227953096874,0.1864888160525393,3.397925714810319e-05,0.0002531641075675,19A,"(45.0, 50.0]",0.5299899901999997,"(0.5, 0.55]",0.6500613045319713,0.6498898465100383,0.00017145802193296866,0.08421710476582639,0.08420087822570861,1.622654011777802e-05,0.1592446862336896,0.15921470368866852,2.9982545021067786e-05,0.6133896275281773,0.002806359862151403
265,2214.4279661017063,10188.108050847455,2993.388396584196,3076.534595937593,83.14619935339715,2613.8708496,2661.1462402,47.27539060000026,7.716498811393528,7.710282961489664,0.0062158499038638,0.4210118829036219,21,0.7584476216959257,0.7582688518502534,0.0001787698456722,0.001234169703418,0.1055614686351749,0.1055368866778477,2.458195732721985e-05,0.0001499920529032,0.1865227953096874,0.186478821131444,4.397417824345921e-05,0.0003033486481136,19A,"(45.0, 50.0]",0.520029296600003,"(0.5, 0.55]",0.6500613045319713,0.6498393532246535,0.00022195130731783586,0.08421710476582639,0.08419702535534129,2.0079410485096538e-05,0.1592446862336896,0.1592058844610633,3.8801772626301245e-05,0.6133896275281773,0.0038127378573020727
266,2215.406779661025,10187.889830508477,2983.421623808987,3053.059151618934,69.63752780994673,2608.0964355,2647.9609375,39.8645019999999,6.670257665159539,6.661514293533566,0.0087433716259734,0.496483189461098,18,0.7591358237260786,0.7588720094246402,0.0002638143014385,0.0014238731638595,0.1055181675069636,0.1054833718678692,3.47956390943834e-05,0.0001763816069179,0.1866916681925715,0.1866267838151373,6.488437743429948e-05,0.0003500337009595,19A,"(35.0, 40.0]",0.4385095219999989,"(0.4, 0.45]",0.6509161786720542,0.6505883902429824,0.00032778842907177363,0.08418173502545158,0.08415331334120679,2.8421684244786527e-05,0.1593937013650563,0.1593364456670349,5.725569802139674e-05,0.6133290107532928,0.005362563470006675
267,2216.3855932203514,10187.671610169493,2963.706826813331,3043.2287825187154,79.52195570538424,2596.6064453,2642.4018555,45.79541019999988,7.367804655049277,7.356660224828908,0.0111444302203684,0.5251449007578152,20,0.7586553398086986,0.7583413856873416,0.000313954121357,0.0017099552718623,0.1055480005143075,0.1055069944357366,4.100607857089878e-05,0.0002101882488574,0.1865737652264361,0.186496555848016,7.720937842006781e-05,0.0004203430048871,19A,"(45.0, 50.0]",0.5037495121999986,"(0.5, 0.55]",0.6503192554709725,0.6499294017903907,0.0003898536805817532,0.08420610350163919,0.08417260861747315,3.349488416604096e-05,0.15928966164783684,0.1592215330808074,6.81285670294518e-05,0.6133713075631706,0.006835673736313878
268,2217.3644067796704,10187.453389830507,2946.9563051761907,3032.1484539044977,85.19214872830707,2586.78125,2636.1091309,49.327880899999855,8.065203013192326,8.054873515050714,0.0103294981416119,0.5594509982244713,22,0.7582605754077982,0.7579982530987955,0.0002623223090026,0.0016945104508976,0.1055745186545071,0.1055405969273231,3.3921727184057804e-05,0.0002026240972422,0.1864768998149646,0.1864124020790116,6.449773595295689e-05,0.0004164390075818,19A,"(45.0, 50.0]",0.5426066898999984,"(0.5, 0.55]",0.6498290787627524,0.6495034812343498,0.00032559752840266576,0.08422776457296519,0.08420005600378465,2.7708569180537324e-05,0.15920418915092804,0.15914727902653134,5.6910124396708506e-05,0.613406179734454,0.006336177993620298
269,2218.3432203389966,10187.235169491523,2942.881864885456,3031.389718392515,88.50785350705928,2582.4089355,2633.887207,51.47827150000012,8.065203013192326,8.053715036534648,0.011487976657678,0.5993532801043124,22,0.7582605754077982,0.7579723313434384,0.0002882440643598,0.0017808626694196,0.1055745186545071,0.1055375947944472,3.692386005991906e-05,0.0002128719050329,0.1864768998149646,0.1864060320848633,7.086773010128218e-05,0.0004376602519059,19A,"(50.0, 55.0]",0.5662609865000012,"(0.55, 0.6]",0.6498290787627524,0.6494713123325169,0.000357766430235551,0.08422776457296519,0.08419760376685453,3.016080611065175e-05,0.15920418915092804,0.15914165847977124,6.253067115680189e-05,0.613406179734454,0.007046795874464843
270,2219.322033898316,10187.016949152545,2937.0682834895524,3026.725929555674,89.65764606612174,2578.973877,2631.2194824,52.24560539999993,8.065203013192326,8.05345569628753,0.0117473169047954,0.6089178259776588,22,0.7582605754077982,0.7579677850900427,0.0002927903177554,0.0017787749024201,0.1055745186545071,0.1055370768440932,3.744181041393463e-05,0.0002127366906446,0.1864768998149646,0.186404914888584,7.19849263806335e-05,0.0004371493194563,19A,"(50.0, 55.0]",0.5747016593999992,"(0.55, 0.6]",0.6498290787627524,0.6494656705331182,0.00036340822963421004,0.08422776457296519,0.08419718068898695,3.0583883978238524e-05,0.15920418915092804,0.15914067272604368,6.351642488436338e-05,0.613406179734454,0.007205876784700517
271,2220.300847457642,10186.79872881356,2932.6047862118057,3022.8360943053717,90.23130809356552,2576.3391113,2628.9907227,52.65161140000009,8.065203013192326,8.052839754045271,0.0123632591470546,0.6141008912513733,22,0.7582605754077982,0.7579534017704526,0.0003071736373455,0.001841389103651,0.1055745186545071,0.1055353311732566,3.918748125053046e-05,0.0002206611631913,0.1864768998149646,0.1864013788822441,7.552093272048229e-05,0.0004525463873116,19A,"(50.0, 55.0]",0.5791677254000009,"(0.55, 0.6]",0.6498290787627524,0.6494478213530916,0.0003812574096607735,0.08422776457296519,0.08419575477178964,3.2009801175542085e-05,0.15920418915092804,0.15913755274741598,6.66364035120659e-05,0.613406179734454,0.0075836995624618065
272,2221.279661016953,10186.580508474575,2928.696917408823,3021.174523581456,92.47760617263292,2574.0354004,2628.0375977,54.00219729999981,8.413684727997884,8.40005700262665,0.0136277253712346,0.6172490287235648,23,0.7580857807833631,0.7577663752577021,0.0003194055256609,0.0020053867773549,0.1055861725096307,0.1055459332033753,4.023930625536395e-05,0.0002366836439327,0.1864340088887768,0.1863554921458989,7.85167428778481e-05,0.000492781180728,19A,"(50.0, 55.0]",0.5940241702999979,"(0.55, 0.6]",0.6496121103914332,0.6492157558512325,0.00039635454020070515,0.08423728398735428,0.08420441485078185,3.286913657242485e-05,0.15916634383139486,0.15909706516031286,6.927867108200148e-05,0.6134216157895829,0.008359541316759422
273,2222.25847457628,10186.362288135591,2919.6744291989744,3012.058681694403,92.38425249542844,2570.6335449,2624.9174805,54.28393559999995,8.761919291283586,8.746027399547536,0.0158918917360502,0.6914382647645538,24,0.7579167921367335,0.7575594310773196,0.0003573610594138,0.0022259443707184,0.1055956053510881,0.1055515567321524,4.4048618935634463e-05,0.0002568379821191,0.1863925379582317,0.186304709251678,8.782870655368406e-05,0.000546863873116,19A,"(50.0, 55.0]",0.5971232915999994,"(0.55, 0.6]",0.64940239149028,0.6489590360056539,0.00044335548462615115,0.0842449892105439,0.08420900834669826,3.598086384563881e-05,0.1591297520168908,0.1590522582883159,7.749372857490666e-05,0.6134364297506181,0.009748665328545987
274,2223.237288135606,10186.14406779661,2915.485068857266,3006.00080137187,90.51573251460376,2568.1418457,2621.416748,53.27490230000012,8.413684727997884,8.397677864868532,0.0160068631293519,0.6860267497963921,23,0.7580857807833631,0.7577167448565636,0.0003690359267995,0.0021951670665717,0.1055861725096307,0.1055401576210281,4.601488860259249e-05,0.000263347166956,0.1864340088887768,0.1863432958955887,9.07129931881284e-05,0.0005394150138033,19A,"(50.0, 55.0]",0.5860239253000014,"(0.55, 0.6]",0.6496121103914332,0.6491541822704704,0.0004579281209627917,0.08423728398735428,0.08419969716432323,3.758682303105221e-05,0.15916634383139486,0.15908630406396979,8.00397674250719e-05,0.6134216157895829,0.009818955844529742
275,2224.216101694925,10185.925847457627,2909.956729061275,2998.4360293635136,88.4793003022387,2564.8674316,2617.0336914,52.16625979999981,8.065203013192326,8.04971163493323,0.0154913782590959,0.6705968092850979,22,0.7582605754077982,0.7578758281050412,0.0003847473027571,0.0022849667503443,0.1055745186545071,0.1055260554858216,4.846316868553887e-05,0.000296292791282,0.1864768998149646,0.1863823105234169,9.458929154769858e-05,0.0005620629532996,19A,"(50.0, 55.0]",0.5738288577999979,"(0.55, 0.6]",0.6498290787627524,0.6493515604719842,0.0004775182907682529,0.08422776457296519,0.0841881781261816,3.958644678359047e-05,0.15920418915092804,0.15912072793871157,8.346121221647351e-05,0.613406179734454,0.009502507156733392
276,2225.194915254251,10185.707627118643,2901.9982065868817,2983.258972530224,81.26076594334245,2560.1791992,2608.1999512,48.02075200000036,7.367804655049277,7.34968723441929,0.018117420629987,0.6561381849955479,20,0.7586553398086986,0.7581572162376974,0.0004981235710012,0.0027131930497192,0.1055480005143075,0.1054846999295767,6.330058473075773e-05,0.0003385370129411,0.1865737652264361,0.1864512790059502,0.0001224862204858,0.0006671483744478,19A,"(45.0, 50.0]",0.5282282720000039,"(0.5, 0.55]",0.6503192554709725,0.6497007760848874,0.0006184793860850579,0.08420610350163919,0.08415439811694077,5.1705384698425005e-05,0.15928966164783684,0.15918158225477352,0.00010807939306331504,0.6133713075631706,0.011112705981487087
277,2226.17372881357,10185.48940677966,2885.842377483641,2958.875856971557,73.03347948791543,2552.1813965,2595.6674805,43.486083999999664,6.670257665159539,6.649304537713098,0.0209531274464414,0.7478069232976445,18,0.7591358237260786,0.7585226631386077,0.000613160587471,0.0037045254702668,0.1055181675069636,0.1054410402474066,7.712725955705269e-05,0.0004565825527457,0.1866916681925715,0.1865409036631029,0.0001507645294685,0.0009108016635007,19A,"(40.0, 45.0]",0.4783469239999963,"(0.45, 0.5]",0.6509161786720542,0.6501544860599758,0.0007616926120783685,0.08418173502545158,0.0841187367389392,6.299828651237793e-05,0.1593937013650563,0.15926066479388423,0.00013303657117205714,0.6133290107532928,0.012851160928913571
278,2227.1525423728963,10185.271186440676,2880.5695264169453,2951.348277715699,70.77875129875383,2549.109375,2591.2192383,42.10986330000014,6.321196093422935,6.304461823558581,0.0167342698643535,0.7580898609351919,17,0.7594144379473303,0.7588393806110244,0.000575057336306,0.0030828751469382,0.1055000595116926,0.1054285396892694,7.151982242325396e-05,0.0003759956301261,0.1867600336310134,0.1866186554198006,0.0001413782112128,0.0007578946356058,19A,"(40.0, 45.0]",0.4632084963000015,"(0.45, 0.5]",0.6512624671088594,0.650547856157759,0.0007146109511003695,0.08416694404362773,0.0841085263698435,5.841767378422791e-05,0.15945403028900126,0.15932927304924538,0.00012475723975588493,0.613304437300438,0.010263201962791003
279,2228.1313559322152,10185.052966101695,2876.4155832306624,2947.479201091272,71.06361786060961,2546.717041,2588.9277344,42.21069340000031,6.321196093422935,6.305854744273101,0.0153413491498337,0.7408439745626275,17,0.7594144379473303,0.7588904199851596,0.0005240179621708,0.0026208389645909,0.1055000595116926,0.1054349708529427,6.50886587498985e-05,0.0003151954628763,0.1867600336310134,0.18663120648268,0.0001288271483333,0.0006442255872634,19A,"(40.0, 45.0]",0.4643176274000034,"(0.45, 0.5]",0.6512624671088594,0.6506112619838119,0.0006512051250474604,0.08416694404362773,0.08411377929247349,5.316475115424435e-05,0.15945403028900126,0.15934034830392182,0.00011368198507943905,0.613304437300438,0.009408917507768311
280,2229.110169491541,10184.834745762711,2872.824730438102,2943.9464698266765,71.1217393885745,2544.6779785,2586.8325195,42.154541000000336,6.321196093422935,6.305453666901799,0.0157424265211361,0.7223767110460819,17,0.7594144379473303,0.7588725678521576,0.0005418700951726,0.0026967546422339,0.1055000595116926,0.1054329622736527,6.709723803988155e-05,0.0003254541438165,0.1867600336310134,0.1866268216964553,0.0001332119345581,0.0006627989960252,19A,"(40.0, 45.0]",0.4636999510000037,"(0.45, 0.5]",0.6512624671088594,0.6505890839793034,0.0006733831295560044,0.08416694404362773,0.08411213869946563,5.4805344162106584e-05,0.15945403028900126,0.1593364790941263,0.00011755119487497079,0.613304437300438,0.009654900039288868
281,2230.088983050853,10184.61652542373,2867.9804103451306,2938.1456088006657,70.16519845553512,2542.963623,2584.8054199,41.841796899999736,6.670257665159539,6.649480342858324,0.0207773223012157,0.7371865106673237,18,0.7591358237260786,0.7585204701277993,0.0006153535982793,0.0037211308131572,0.1055181675069636,0.1054408811001611,7.728640680245948e-05,0.0004524839686483,0.1866916681925715,0.1865403662269254,0.0001513019656461,0.0009147677148145,19A,"(40.0, 45.0]",0.460259765899997,"(0.45, 0.5]",0.6509161786720542,0.6501517628060226,0.0007644158660315981,0.08418173502545158,0.08411860674821138,6.312827724019865e-05,0.1593937013650563,0.15926019056614837,0.0001335107989079154,0.6133290107532928,0.012743334533106955
282,2231.06779661018,10184.398305084746,2864.6679757843413,2932.9590236396307,68.29104785528943,2541.046875,2581.7258301,40.67895510000017,6.321196093422935,6.302627965243176,0.0185681281797585,0.7668155386183907,17,0.7594144379473303,0.7587790271199434,0.0006354108273869,0.0033981732571264,0.1055000595116926,0.1054210704383238,7.898907336882398e-05,0.0004132051815901,0.1867600336310134,0.1866038168410942,0.0001562167899192,0.0008353816323594,19A,"(40.0, 45.0]",0.4474685061000018,"(0.4, 0.45]",0.6512624671088594,0.6504728844171499,0.0007895826917094784,0.08416694404362773,0.0841024255650706,6.451847855713788e-05,0.15945403028900126,0.15931617931921213,0.0001378509697891328,0.613304437300438,0.011387915405009193
283,2232.0466101694983,10184.180084745763,2862.5731461243863,2929.762796565576,67.18965044118931,2539.8417969,2579.824707,39.982910100000026,6.321196093422935,6.304312970099016,0.016883123323919,0.7493336905085473,17,0.7594144379473303,0.7588254526333948,0.0005889853139354,0.0029712222206816,0.1055000595116926,0.1054270428363543,7.3016675338296e-05,0.0003560112272892,0.1867600336310134,0.1866152357139517,0.0001447979170617,0.0007303249923603,19A,"(35.0, 40.0]",0.4398120111000003,"(0.4, 0.45]",0.6512624671088594,0.6505305542023325,0.0007319129065268548,0.08416694404362773,0.08410730375464363,5.964028898410023e-05,0.15945403028900126,0.15932625545585002,0.0001277748331512396,0.613304437300438,0.010354494450050043
284,2233.0254237288245,10183.96186440678,2860.9070314808628,2926.3942007840287,65.48716930316596,2538.8859863,2577.8186035,38.932617200000095,5.972014965399698,5.952910190677622,0.0191047747220753,0.7721793068343076,16,0.7597376814848974,0.7589723983397787,0.0007652831451187,0.0032466955542498,0.1054792866015329,0.1053854695452745,9.38170562583482e-05,0.0003919991759967,0.1868393523694015,0.1866512323787196,0.0001881199906819,0.0007980984620166,19A,"(35.0, 40.0]",0.428258789200001,"(0.4, 0.45]",0.6516643682960257,0.6507131110867309,0.0009512572092947869,0.08414997645381636,0.08407334741718304,7.66290366333161e-05,0.15952402678578723,0.15935801957207468,0.00016600721371254346,0.6132759426975805,0.011716498727705636
285,2234.0042372881435,10183.743644067798,2855.6064171481307,2919.22302319988,63.61660605174893,2537.9411621,2575.998291,38.05712889999995,5.972014965399698,5.951179739338619,0.0208352260610782,0.8033819240073117,16,0.7597376814848974,0.7589371646587582,0.0008005168261392,0.0033749112390862,0.1054792866015329,0.1053813024128178,9.798418871506676e-05,0.0004090307420979,0.1868393523694015,0.1866425741789805,0.000196778190421,0.0008295929487147,19A,"(35.0, 40.0]",0.4186284178999995,"(0.4, 0.45]",0.6516643682960257,0.6506693358964447,0.0009950323995809862,0.08414997645381636,0.08406994381142588,8.00326423904818e-05,0.15952402678578723,0.15935037938050983,0.00017364740527739397,0.6132759426975805,0.01277774290392493
286,2234.9830508474697,10183.525423728814,2853.6984206452503,2915.664632279525,61.96621163427517,2536.8515625,2573.8662109,37.01464840000017,5.623274415112043,5.596316715338606,0.0269576997734368,0.8330729857551628,15,0.7601355318226004,0.7590790106257742,0.001056521196826,0.0040593368930578,0.1054563162213251,0.1053278678393226,0.0001284483820024,0.0004954212700205,0.1869369884056634,0.1866772977656032,0.0002596906400601,0.000997964760291,19A,"(35.0, 40.0]",0.4071611324000018,"(0.4, 0.45]",0.652159242240355,0.6508455799279073,0.001313662312447783,0.08413121412672131,0.0840263004053757,0.00010491372134560639,0.15961019051035677,0.15938102040344926,0.00022917010690751138,0.6132410267748946,0.016531567488551724
287,2235.961864406796,10183.30720338983,2850.265205205012,2910.287584359344,60.0223791543317,2534.9052734,2570.6381836,35.73291019999988,5.623274415112043,5.596876852746275,0.0263975623657675,0.8189384642241031,15,0.7601355318226004,0.7590911519608914,0.0010443798617089,0.0042707376099567,0.1054563162213251,0.1053297143643028,0.0001266018570222,0.0005145349831393,0.1869369884056634,0.18668029004871,0.0002566983569533,0.0010498074058188,19A,"(35.0, 40.0]",0.3930620121999986,"(0.35, 0.4]",0.652159242240355,0.6508606669473603,0.001298575292994708,0.08413121412672131,0.0840278085618826,0.00010340556483870444,0.15961019051035677,0.15938366089211795,0.00022652961823882434,0.6132410267748946,0.016188068249537575
288,2236.940677966115,10183.088983050848,2848.4107816287183,2907.319499602358,58.9087179736398,2533.8615723,2568.8537598,34.9921875,5.27482970690846,5.249552668992863,0.0252770379155968,0.8501680813151421,14,0.7606055875882883,0.7595565713043211,0.0010490162839675,0.0037997184765665,0.1054265726609599,0.1053010614234907,0.000125511237469,0.0004638404281138,0.1870523415258553,0.186794542382711,0.0002577991431442,0.000934151160189,19A,"(30.0, 35.0]",0.3849140625,"(0.35, 0.4]",0.6527442309224722,0.6514391680591648,0.001305062863307449,0.0841069197200318,0.08400440630210348,0.00010251341792831548,0.1597119934457816,0.15948448302080925,0.0002275104249723492,0.6131996216553871,0.015499870086412832
289,2237.919491525441,10182.870762711864,2844.285677575611,2903.3442828633683,59.05860528775747,2532.619873,2567.9763184,35.35644539999976,5.27482970690846,5.2458475804393885,0.0289821264690717,0.9051234632251498,14,0.7606055875882883,0.7593760345934102,0.0012295529948783,0.0042533324098532,0.1054265726609599,0.1052786662419199,0.0001479064190399,0.0005267369728417,0.1870523415258553,0.1867501549297674,0.0003021865960878,0.0010458087778523,19A,"(35.0, 40.0]",0.3889208993999973,"(0.35, 0.4]",0.6527442309224722,0.6512147289558337,0.0015295019666385912,0.0841069197200318,0.08398611527178174,0.0001208044482500642,0.1597119934457816,0.15944531276013862,0.0002666806856429782,0.6131996216553871,0.017771828985603345
290,2238.898305084753,10182.652542372882,2842.56845471323,2899.036480676373,56.46802596314319,2531.6445312,2565.3720703,33.72753909999983,5.27482970690846,5.248249088701059,0.0265806182074008,0.8801179717079373,14,0.7606055875882883,0.7594512681183642,0.0011543194699244,0.0037132826751269,0.1054265726609599,0.1052882498211908,0.000138322839769,0.0004749430239767,0.1870523415258553,0.1867686572686247,0.0002836842572304,0.0009120993024539,19A,"(30.0, 35.0]",0.3710029300999981,"(0.35, 0.4]",0.6527442309224722,0.65130825172046,0.0014359792020122164,0.0841069197200318,0.08399394253725062,0.0001129771827811793,0.1597119934457816,0.15946164030351417,0.0002503531422674288,0.6131996216553871,0.016299225028144466
291,2239.877118644079,10182.434322033898,2839.007858495757,2897.891484685025,58.88362618926794,2529.6342773,2564.6791992,35.044921899999736,5.623274415112043,5.5993545374425695,0.0239198776694733,0.8334202511126496,15,0.7601355318226004,0.7591309033725812,0.0010046284500191,0.0038480979826657,0.1054563162213251,0.1053353515025141,0.0001209647188109,0.0005034548922099,0.1869369884056634,0.1866900785039355,0.0002469099017278,0.0009466670287909,19A,"(35.0, 40.0]",0.385494140899997,"(0.35, 0.4]",0.652159242240355,0.6509100642117527,0.0012491780286023602,0.08413121412672131,0.08403241272437538,9.880140234592993e-05,0.15961019051035677,0.1593922985656179,0.0002178919447388683,0.6132410267748946,0.014668650342357677
292,2240.855932203398,10182.216101694916,2837.5553729249973,2895.4652053694485,57.90983244445124,2528.822998,2563.2106934,34.38769539999976,5.27482970690846,5.250203558482018,0.0246261484264422,0.8625489230564154,14,0.7606055875882883,0.7595455135341077,0.0010600740541808,0.0039895677795455,0.1054265726609599,0.1053002256135684,0.0001263470473914,0.0004755382831608,0.1870523415258553,0.1867918346067809,0.0002605069190743,0.0009799165910314,19A,"(30.0, 35.0]",0.3782646493999973,"(0.35, 0.4]",0.6527442309224722,0.6514254199133153,0.0013188110091569838,0.0841069197200318,0.08400372365976418,0.00010319606026762407,0.1597119934457816,0.1594820934923102,0.0002298999534713908,0.6131996216553871,0.015100744897923764
293,2241.834745762724,10181.997881355932,2835.952533467832,2895.06695441018,59.11442094234826,2527.9282227,2562.9694824,35.041259699999955,5.623274415112043,5.599512719833715,0.0237616952783277,0.8344586180138663,15,0.7601355318226004,0.7591519953169723,0.000983536505628,0.0037598177923819,0.1054563162213251,0.1053385399203036,0.0001177763010214,0.0004921691122111,0.1869369884056634,0.1866952765339497,0.0002417118717136,0.0009235131267179,19A,"(35.0, 40.0]",0.3854538566999995,"(0.35, 0.4]",0.652159242240355,0.6509362751519017,0.001222967088453375,0.08413121412672131,0.08403501688668866,9.619724003265273e-05,0.15961019051035677,0.15939688550053702,0.0002133050098197531,0.6132410267748946,0.014571646410393843
294,2242.813559322043,10181.77966101695,2835.79337859718,2895.082247776625,59.28886917944556,2527.1420898,2562.9694824,35.82739259999971,5.623274415112043,5.592245917111449,0.0310284980005937,0.9176856642072292,15,0.7601355318226004,0.7589229314623219,0.0012126003602784,0.0046042374846628,0.1054563162213251,0.1053090982448937,0.0001472179764313,0.0005611037747513,0.1869369884056634,0.186638936277655,0.0002980521280083,0.0011319056058807,19A,"(35.0, 40.0]",0.3941013185999968,"(0.35, 0.4]",0.652159242240355,0.65065165274143,0.0015075894989250438,0.08413121412672131,0.08401097033708353,0.00012024378963777782,0.15961019051035677,0.15934716922107528,0.0002630212892814898,0.6132410267748946,0.019027947973166842
295,2243.7923728813694,10181.561440677966,2834.8030928961807,2894.171745273192,59.36865237701113,2526.5749512,2562.4160156,35.841064399999595,5.623274415112043,5.592245917111449,0.0310284980005937,0.9176856642072292,15,0.7601355318226004,0.7589229314623219,0.0012126003602784,0.0046042374846628,0.1054563162213251,0.1053090982448937,0.0001472179764313,0.0005611037747513,0.1869369884056634,0.186638936277655,0.0002980521280083,0.0011319056058807,19A,"(35.0, 40.0]",0.3942517083999955,"(0.35, 0.4]",0.652159242240355,0.65065165274143,0.0015075894989250438,0.08413121412672131,0.08401097033708353,0.00012024378963777782,0.15961019051035677,0.15934716922107528,0.0002630212892814898,0.6132410267748946,0.019027947973166842
296,2244.7711864406883,10181.343220338984,2831.4782935736503,2898.52093573281,67.04264215915964,2524.6755371,2565.057373,40.38183590000017,6.321196093422935,6.299487721804573,0.0217083716183621,0.843036504570319,17,0.7594144379473303,0.7586589238769059,0.0007555140704243,0.003723541595642,0.1055000595116926,0.1054074492245052,9.261028718744654e-05,0.000472997287705,0.1867600336310134,0.1865743139490606,0.0001857196819528,0.000915750467222,19A,"(40.0, 45.0]",0.4442001949000018,"(0.4, 0.45]",0.6512624671088594,0.650323706836981,0.0009387602718783361,0.08416694404362773,0.084091299955462,7.564408816573831e-05,0.15945403028900126,0.15929014584042414,0.00016388444857712292,0.613304437300438,0.013313840640108368
297,2245.7500000000146,10181.125,2830.3617188808416,2898.52093573281,68.15921685196827,2524.0461426,2565.057373,41.01123039999993,6.321196093422935,6.299487721804573,0.0217083716183621,0.843036504570319,17,0.7594144379473303,0.7586589238769059,0.0007555140704243,0.003723541595642,0.1055000595116926,0.1054074492245052,9.261028718744654e-05,0.000472997287705,0.1867600336310134,0.1865743139490606,0.0001857196819528,0.000915750467222,19A,"(40.0, 45.0]",0.4511235343999992,"(0.45, 0.5]",0.6512624671088594,0.650323706836981,0.0009387602718783361,0.08416694404362773,0.084091299955462,7.564408816573831e-05,0.15945403028900126,0.15929014584042414,0.00016388444857712292,0.613304437300438,0.013313840640108368
298,2246.728813559333,10180.906779661016,2829.5613086767053,2898.4544165958446,68.89310791913931,2523.4389648,2565.057373,41.618408199999976,6.321196093422935,6.298472545211197,0.0227235482117373,0.8692458012389883,17,0.7594144379473303,0.7586400031439344,0.0007744348033958,0.0039827994553859,0.1055000595116926,0.1054048168770245,9.524263466812388e-05,0.0004734033962614,0.1867600336310134,0.1865696555641496,0.0001903780668638,0.0009788905293807,19A,"(40.0, 45.0]",0.4578024901999997,"(0.45, 0.5]",0.6512624671088594,0.650300207746433,0.000962259362426332,0.08416694404362773,0.08408914990017244,7.779414345529534e-05,0.15945403028900126,0.15928603528679355,0.00016799500220771035,0.613304437300438,0.01393645294946892
299,2247.7076271186525,10180.688559322034,2829.299354234032,2900.4988078853494,71.19945365131753,2522.1157227,2565.057373,42.94165030000022,6.670257665159539,6.645757617808038,0.0245000473515011,0.8288498990819008,18,0.7591358237260786,0.7584214966624472,0.0007143270636314,0.0042725544331193,0.1055181675069636,0.1054291206359184,8.904687104519897e-05,0.0005126486189286,0.1866916681925715,0.1865160411730585,0.0001756270195129,0.0010501903740051,19A,"(40.0, 45.0]",0.4723581533000024,"(0.45, 0.5]",0.6509161786720542,0.6500288661252254,0.0008873125468288334,0.08418173502545158,0.08410900088175434,7.273414369723952e-05,0.1593937013650563,0.15923872650373333,0.00015497486132295957,0.6133290107532928,0.015026589805505001
300,2248.6864406779787,10180.47033898305,2825.6953007076327,2898.085310949551,72.39001024191839,2520.0620117,2563.5979004,43.53588870000021,6.670257665159539,6.646891543353455,0.0233661218060845,0.8060051244012268,18,0.7591358237260786,0.7584187396761467,0.0007170840499319,0.0040895947185023,0.1055181675069636,0.1054292235289073,8.894397805630444e-05,0.000483080440256,0.1866916681925715,0.1865153727301974,0.0001762954623741,0.0010050733891515,19A,"(40.0, 45.0]",0.4788947757000023,"(0.45, 0.5]",0.6509161786720542,0.6500254429443526,0.000890735727701597,0.08418173502545158,0.08410908492381985,7.265010163172436e-05,0.1593937013650563,0.1592381366824362,0.00015556468262009626,0.6133290107532928,0.014331120372466751
301,2249.6652542372976,10180.252118644068,2824.7430128837664,2897.481934894482,72.73892201071567,2519.5219727,2563.2329102,43.7109375,6.670257665159539,6.646891543353455,0.0233661218060845,0.8060051244012268,18,0.7591358237260786,0.7584187396761467,0.0007170840499319,0.0040895947185023,0.1055181675069636,0.1054292235289073,8.894397805630444e-05,0.000483080440256,0.1866916681925715,0.1865153727301974,0.0001762954623741,0.0010050733891515,19A,"(40.0, 45.0]",0.4808203124999999,"(0.45, 0.5]",0.6509161786720542,0.6500254429443526,0.000890735727701597,0.08418173502545158,0.08410908492381985,7.265010163172436e-05,0.1593937013650563,0.1592381366824362,0.00015556468262009626,0.6133290107532928,0.014331120372466751
302,2250.644067796624,10180.033898305084,2820.181207980239,2892.8463325405232,72.66512456028431,2519.0981445,2562.8681641,43.770019599999614,6.670257665159539,6.646856668001347,0.0234009971581921,0.8285122205898163,18,0.7591358237260786,0.7584240113910856,0.0007118123349932,0.0038674145092034,0.1055181675069636,0.1054299182948107,8.82492121529219e-05,0.0004771033278992,0.1866916681925715,0.1865166694677557,0.0001749987248158,0.0009504651609796,19A,"(40.0, 45.0]",0.4814702155999957,"(0.45, 0.5]",0.6509161786720542,0.650031988519349,0.0008841901527052443,0.08418173502545158,0.08410965240244703,7.208262300455182e-05,0.1593937013650563,0.15923928089918166,0.00015442046587463287,0.6133290107532928,0.014352510437674578
303,2251.622881355943,10179.815677966102,2819.4284650198565,2892.2451449148925,72.81667989503603,2518.6740723,2562.503418,43.829345699999976,7.019109320969807,6.995739923438991,0.023369397530816,0.7818745962737962,19,0.7588841799256796,0.7582078278758582,0.0006763520498213,0.0039657775840333,0.1055337936905759,0.1054499413633466,8.385232722918357e-05,0.0004996773439426,0.1866299190728512,0.1864636388127632,0.0001662802600879,0.0009752382783585,19A,"(40.0, 45.0]",0.4821228026999997,"(0.45, 0.5]",0.6506035097998996,0.6497635997907015,0.0008399100091980305,0.08419449890996167,0.08412600714381285,6.849176614881491e-05,0.15933921227100278,0.15919248808537476,0.0001467241856280277,0.6133511627328406,0.014333647147891967
304,2252.601694915269,10179.597457627118,2819.1422319052767,2891.644129126667,72.50189722139021,2518.5134277,2562.1384277,43.625,6.670257665159539,6.648759525076928,0.0214981400826115,0.820683773192143,18,0.7591358237260786,0.7584773590758963,0.0006584646501824,0.003814737918547,0.1055181675069636,0.1054370868561382,8.108065082538006e-05,0.0004835919396245,0.1866916681925715,0.1865297982560232,0.0001618699365483,0.000938154921844,19A,"(40.0, 45.0]",0.4798749999999999,"(0.45, 0.5]",0.6509161786720542,0.6500982294648515,0.0008179492072026839,0.08418173502545158,0.08411550763016032,6.62273952912601e-05,0.1593937013650563,0.1592508655241858,0.00014283584087049217,0.6133290107532928,0.013185432989903824
305,2253.580508474588,10179.379237288136,2817.332612988765,2879.029991811913,61.69737882314848,2517.4978027,2554.4584961,36.960693399999855,5.623274415112043,5.596274974046095,0.0269994410659482,0.8957966695187691,15,0.7601355318226004,0.7590118523840944,0.0011236794385058,0.0043379135251754,0.1054563162213251,0.1053209759921927,0.0001353402291323,0.0005675696226905,0.1869369884056634,0.1866608166454001,0.0002761717602632,0.0010671628821282,19A,"(35.0, 40.0]",0.4065676273999984,"(0.4, 0.45]",0.652159242240355,0.6507621319266575,0.0013971103136974916,0.08413121412672131,0.08402067147336904,0.00011054265335226632,0.15961019051035677,0.15936647697382228,0.00024371353653449002,0.6132410267748946,0.016557164961630327
306,2254.559322033907,10179.161016949152,2811.079358160006,2872.206633476507,61.1272753165008,2517.8015137,2554.041748,36.24023429999989,5.972014965399698,5.9472037716456665,0.0248111937540311,0.9075425846184638,16,0.7597376814848974,0.7587411834468576,0.0009964980380398,0.0042471847454368,0.1054792866015329,0.1053606484814885,0.0001186381200444,0.0005636256816614,0.1868393523694015,0.1865944687375303,0.0002448836318712,0.0010449817726592,19A,"(35.0, 40.0]",0.3986425772999987,"(0.35, 0.4]",0.6516643682960257,0.6504258773404058,0.0012384909556198975,0.08414997645381636,0.08405307431042472,9.690214339164172e-05,0.15952402678578723,0.15930793048254302,0.00021609630324420648,0.6132759426975805,0.015216108238955743
307,2255.538135593226,10178.94279661017,2811.862181452729,2871.4743676707917,59.61218621806211,2518.2224121,2553.5927734,35.37036130000024,5.623274415112043,5.597823093992727,0.0254513211193163,0.9307512022404932,15,0.7601355318226004,0.7590821903602903,0.00105334146231,0.0041809043759977,0.1054563162213251,0.1053316634786895,0.0001246527426356,0.0005024607001975,0.1869369884056634,0.1866781520433847,0.0002588363622786,0.0010267748061033,19A,"(35.0, 40.0]",0.3890739743000027,"(0.35, 0.4]",0.652159242240355,0.6508495310965061,0.001309711143848924,0.08413121412672131,0.08402940051005481,0.0001018136166665018,0.15961019051035677,0.15938177424586802,0.00022841626448874552,0.6132410267748946,0.015607794295987085
308,2256.516949152552,10178.724576271186,2812.90603794558,2869.59940670166,56.69336875607996,2518.7932129,2552.4428711,33.649658199999976,5.27482970690846,5.2487966153179855,0.0260330915904747,0.9341987827894936,14,0.7606055875882883,0.7594999303281178,0.0011056572601706,0.0044830782554193,0.1054265726609599,0.1052959643180984,0.0001306083428614,0.0005012913789987,0.1870523415258553,0.1867806567719089,0.0002716847539463,0.001100995161518,19A,"(30.0, 35.0]",0.3701462401999997,"(0.35, 0.4]",0.6527442309224722,0.6513687481305632,0.0013754827919090218,0.0841069197200318,0.0840002432783056,0.00010667644172619728,0.1597119934457816,0.15947222942342337,0.0002397640223582298,0.6131996216553871,0.015963481913799128
309,2257.4957627118783,10178.506355932202,2812.90603794558,2869.59940670166,56.69336875607996,2518.7932129,2552.4428711,33.649658199999976,5.27482970690846,5.2487966153179855,0.0260330915904747,0.9341987827894936,14,0.7606055875882883,0.7594999303281178,0.0011056572601706,0.0044830782554193,0.1054265726609599,0.1052959643180984,0.0001306083428614,0.0005012913789987,0.1870523415258553,0.1867806567719089,0.0002716847539463,0.001100995161518,19A,"(30.0, 35.0]",0.3701462401999997,"(0.35, 0.4]",0.6527442309224722,0.6513687481305632,0.0013754827919090218,0.0841069197200318,0.0840002432783056,0.00010667644172619728,0.1597119934457816,0.15947222942342337,0.0002397640223582298,0.6131996216553871,0.015963481913799128
310,2258.4745762711973,10178.28813559322,2809.616885441015,2863.9201301358307,54.30324469481593,2520.0505371,2551.5759277,31.525390600000264,4.92634615043763,4.909825488637276,0.0165206618003539,0.9204379028232856,13,0.7611647292979822,0.760314357971185,0.0008503713267972,0.0040667047486826,0.1053868393083485,0.1052915056760675,9.533363228102328e-05,0.0004375832069454,0.1871895498472809,0.1869807032900712,0.0002088465572097,0.0009984405829834,19A,"(30.0, 35.0]",0.3467792966000029,"(0.3, 0.35]",0.653440512253386,0.6523817546243733,0.001058757629012641,0.0840744662055509,0.08399660172268561,7.786448286528636e-05,0.15983308981634947,0.15964876984160442,0.0001843199747450508,0.613150115725158,0.010129645694743191
311,2259.4533898305235,10178.069915254237,2812.9997573492906,2863.6850823250984,50.685324975807816,2521.8374023,2551.4313965,29.5939942,4.580070349118062,4.563973928384762,0.0160964207332998,0.9048523744912425,12,0.761959738261619,0.7610759951990326,0.0008837430625863,0.0042041967829569,0.1053495740689764,0.1052506816957293,9.88923732470522e-05,0.000454607495205,0.1873846910827461,0.1871676540297568,0.0002170370529893,0.0010322353150005,19A,"(25.0, 30.0]",0.3255339362,"(0.3, 0.35]",0.6544313063223156,0.6533299837118242,0.0011013226104914509,0.08404402913301667,0.08396325944665291,8.07696863637658e-05,0.16000532650916252,0.1598137647566223,0.00019156175254023133,0.6130808623877808,0.009868407504527997
312,2260.4322033898425,10177.851694915254,2810.2575034493907,2863.667215554719,53.40971210532825,2520.3869629,2551.4204102,31.033447299999807,4.92634615043763,4.909825488637276,0.0165206618003539,0.9204379028232856,13,0.7611647292979822,0.760314357971185,0.0008503713267972,0.0040667047486826,0.1053868393083485,0.1052915056760675,9.533363228102328e-05,0.0004375832069454,0.1871895498472809,0.1869807032900712,0.0002088465572097,0.0009984405829834,19A,"(30.0, 35.0]",0.3413679202999979,"(0.3, 0.35]",0.653440512253386,0.6523817546243733,0.001058757629012641,0.0840744662055509,0.08399660172268561,7.786448286528636e-05,0.15983308981634947,0.15964876984160442,0.0001843199747450508,0.613150115725158,0.010129645694743191
313,2261.4110169491687,10177.63347457627,2811.503872639328,2863.567558419732,52.06368578040383,2521.0415039,2551.3591309,30.317626999999906,4.92634615043763,4.909825488637276,0.0165206618003539,0.9204379028232856,13,0.7611647292979822,0.760314357971185,0.0008503713267972,0.0040667047486826,0.1053868393083485,0.1052915056760675,9.533363228102328e-05,0.0004375832069454,0.1871895498472809,0.1869807032900712,0.0002088465572097,0.0009984405829834,19A,"(30.0, 35.0]",0.3334938969999989,"(0.3, 0.35]",0.653440512253386,0.6523817546243733,0.001058757629012641,0.0840744662055509,0.08399660172268561,7.786448286528636e-05,0.15983308981634947,0.15964876984160442,0.0001843199747450508,0.613150115725158,0.010129645694743191
314,2262.3898305084804,10177.415254237289,2810.9436447538574,2860.0179823638464,49.074337609989016,2522.9611816,2551.0556641,28.094482499999685,4.92634615043763,4.9110460579412,0.0153000924964299,0.9281321522614056,13,0.7611647292979822,0.7603566558103654,0.0008080734876168,0.0038672740944696,0.1053868393083485,0.1052975258949332,8.931341341530311e-05,0.0004141023878685,0.1871895498472809,0.1869911163576561,0.0001984334896248,0.0009494378224977,19A,"(25.0, 30.0]",0.3090393074999965,"(0.3, 0.35]",0.653440512253386,0.6524343924838261,0.0010061197695598878,0.0840744662055509,0.08400151868382101,7.294752172988528e-05,0.15983308981634947,0.15965795968846483,0.00017513012788464288,0.613150115725158,0.009381253484791614
315,2263.3686440678066,10177.197033898305,2813.640151660315,2855.8402079370785,42.20005627676346,2524.3701172,2548.5063477,24.136230499999783,3.89811105790194,3.883830760884397,0.0142802970175432,0.8244866844755695,10,0.7644665158210218,0.7633597647352209,0.0011067510858008,0.0045590204610399,0.1052881921127716,0.1051631421064039,0.0001250500063676,0.0005020174962822,0.1880001487615642,0.1877283025449931,0.0002718462165711,0.0011195421659763,19A,"(20.0, 25.0]",0.2654985354999976,"(0.25, 0.3]",0.6575615468576658,0.6561783866606016,0.0013831601970641927,0.08399389540453782,0.08389176508384534,0.0001021303206924784,0.16054862453033528,0.16030863623839753,0.0002399882919377483,0.6128657495242313,0.008751904935085259
316,2264.3474576271256,10176.978813559324,2815.3144291051094,2860.082872427652,44.76844332254268,2525.2514648,2551.095459,25.8439942,4.580070349118062,4.564660199630456,0.0154101494876055,0.901086734942114,12,0.761959738261619,0.7611050809777246,0.0008546572838943,0.0040689203006818,0.1053495740689764,0.1052545495142065,9.502455476990504e-05,0.0004395990257248,0.1873846910827461,0.1871748059877045,0.0002098850950415,0.0009990160523393,19A,"(25.0, 30.0]",0.2842839362,"(0.25, 0.3]",0.6544313063223156,0.6533662121190765,0.0010650942032390809,0.08404402913301667,0.0839664183937453,7.761073927137208e-05,0.16000532650916252,0.15982007699629835,0.00018524951286416624,0.6130808623877808,0.0094476677373858
317,2265.326271186452,10176.76059322034,2823.189672376175,2867.4925497778263,44.30287740165113,2526.1328125,2552.2871094,26.15429690000019,4.237902848737978,4.218765233142649,0.0191376155953291,0.9154832821193242,11,0.7630762859761467,0.7619767123659781,0.0010995736101686,0.0048428769919651,0.1053206809294075,0.1051963973858596,0.0001242835435478,0.0005268914160088,0.1876588186008886,0.187388750016475,0.0002700685844135,0.0011891154737772,19A,"(25.0, 30.0]",0.2876972659000021,"(0.25, 0.3]",0.6558244017717771,0.6544524707852896,0.0013719309864875795,0.08402043048055158,0.08391892463369983,0.00010150584685174324,0.16024729895070713,0.16000890915718669,0.0002383897935204493,0.612984968280239,0.011731070688662214
318,2266.3050847457707,10176.542372881357,2821.972059979559,2867.352052322574,45.37999234301469,2527.0141602,2553.2128906,26.19873039999993,4.237902848737978,4.221898894685376,0.0160039540526018,0.8784015819809232,11,0.7630762859761467,0.7621196674728989,0.0009566185032476,0.0043010201639779,0.1053206809294075,0.1052132746573052,0.0001074062721022,0.0004692392579487,0.1876588186008886,0.187423869283763,0.0002349493171255,0.0010560934795256,19A,"(25.0, 30.0]",0.2881860343999992,"(0.25, 0.3]",0.6558244017717771,0.654630733796654,0.0011936679751231027,0.08402043048055158,0.08393270843877275,8.772204177882881e-05,0.16024729895070713,0.16003990765785348,0.0002073912928536592,0.612984968280239,0.009810183267292515
319,2267.283898305097,10176.324152542373,2822.220177136792,2867.6030520810627,45.3828749442705,2527.1455078,2553.3657227,26.220214899999974,4.237902848737978,4.221898894685376,0.0160039540526018,0.8784015819809232,11,0.7630762859761467,0.7621196674728989,0.0009566185032476,0.0043010201639779,0.1053206809294075,0.1052132746573052,0.0001074062721022,0.0004692392579487,0.1876588186008886,0.187423869283763,0.0002349493171255,0.0010560934795256,19A,"(25.0, 30.0]",0.2884223638999997,"(0.25, 0.3]",0.6558244017717771,0.654630733796654,0.0011936679751231027,0.08402043048055158,0.08393270843877275,8.772204177882881e-05,0.16024729895070713,0.16003990765785348,0.0002073912928536592,0.612984968280239,0.009810183267292515
320,2268.262711864416,10176.10593220339,2824.844191527653,2871.360021508358,46.51582998070444,2528.5424805,2555.6591797,27.116699200000312,4.237902848737978,4.218244730829532,0.0196581179084454,0.8810563241577766,11,0.7630762859761467,0.7619360551155456,0.001140230860601,0.0050966915788872,0.1053206809294075,0.1051907503886777,0.0001299305407297,0.0005590050022291,0.1876588186008886,0.1873787372419313,0.0002800813589572,0.0012515329705417,19A,"(25.0, 30.0]",0.2982836912000034,"(0.25, 0.3]",0.6558244017717771,0.654401777283486,0.0014226244882911132,0.08402043048055158,0.0839143127085821,0.00010611777196947725,0.16024729895070713,0.16000007131677613,0.00024722763393100755,0.612984968280239,0.012050130782557601
321,2269.241525423742,10175.887711864409,2827.43782370249,2872.36051483504,44.92269113254997,2529.9396973,2556.270752,26.33105470000009,4.580070349118062,4.559526292322175,0.0205440567958863,0.8960955858080241,12,0.761959738261619,0.760843579992267,0.0011161582693519,0.0049305925074699,0.1053495740689764,0.1052215610276924,0.000128013041284,0.0005395249921517,0.1873846910827461,0.1871105067705611,0.000274184312185,0.0012107211823446,19A,"(25.0, 30.0]",0.289641601700001,"(0.25, 0.3]",0.6544313063223156,0.6530405388816998,0.0013907674406158366,0.08404402913301667,0.08393947602346374,0.00010455310955292951,0.16000532650916252,0.1597633277952744,0.00024199871388810856,0.6130808623877808,0.01259516805736552
322,2270.2203389830684,10175.669491525425,2828.100266146512,2873.0713134502694,44.97104730375804,2531.3366699,2557.4938965,26.15722660000029,4.237902848737978,4.218449757374521,0.0194530913634567,0.8859689504249951,11,0.7630762859761467,0.7619156354503297,0.0011606505258169,0.0051050099363757,0.1053206809294075,0.1051885753042319,0.0001321056251755,0.0005587635070147,0.1876588186008886,0.1873737246477295,0.0002850939531591,0.0012535521802555,19A,"(25.0, 30.0]",0.2877294926000031,"(0.25, 0.3]",0.6558244017717771,0.6543763179412099,0.0014480838305672705,0.08402043048055158,0.08391253631158224,0.00010789416896933579,0.16024729895070713,0.15999564692993704,0.00025165202077009896,0.612984968280239,0.011924452592381096
323,2271.19915254238,10175.45127118644,2831.0368435490086,2882.4111051146706,51.37426156566198,2532.9189453,2563.2329102,30.313964899999974,4.92634615043763,4.907142309932437,0.0192038405051926,0.9301253146779414,13,0.7611647292979822,0.7602153862046828,0.0009493430932994,0.0041587272185283,0.1053868393083485,0.1052782983504594,0.000108540957889,0.0004506416455972,0.1871895498472809,0.1869563542531433,0.0002331955941376,0.0010210934227586,19A,"(30.0, 35.0]",0.3334536138999997,"(0.3, 0.35]",0.653440512253386,0.652258598780656,0.0011819134727300007,0.0840744662055509,0.08398581480182517,8.865140372572855e-05,0.15983308981634947,0.15962728121491235,0.0002058086014371241,0.613150115725158,0.011774837028126319
324,2272.1779661017063,10175.233050847455,2833.189541816737,2883.3981657420145,50.20862392527761,2534.0913086,2563.8410645,29.74975589999985,4.580070349118062,4.562268163196584,0.0178021859214778,0.9302795777729164,12,0.761959738261619,0.7610002544254334,0.0009594838361854,0.0041955448282959,0.1053495740689764,0.1052411343175933,0.000108439751383,0.0004542963018085,0.1873846910827461,0.187149035288259,0.0002356557944871,0.0010301187574276,19A,"(25.0, 30.0]",0.3272473148999984,"(0.3, 0.35]",0.6544313063223156,0.6532356490477481,0.0011956572745674965,0.08404402913301667,0.08395546188037023,8.856725264644316e-05,0.16000532650916252,0.15979733213563943,0.00020799437352309047,0.6130808623877808,0.01091417949712722
325,2273.156779661025,10175.014830508477,2834.3140479204726,2886.3739222779154,52.05987435744282,2534.7089844,2565.6730957,30.964111299999782,4.92634615043763,4.9049738404538425,0.0213723099837874,0.9547475295792224,13,0.7611647292979822,0.7601640279550436,0.0010007013429384,0.0044021352252447,0.1053868393083485,0.1052713379993422,0.0001155013090063,0.0004823011101637,0.1871895498472809,0.186943717176358,0.000245832670923,0.0010809659263664,19A,"(30.0, 35.0]",0.3406052242999976,"(0.3, 0.35]",0.653440512253386,0.65219469666307,0.0012458155903160018,0.0840744662055509,0.08398013004651522,9.433615903567394e-05,0.15983308981634947,0.15961612875658118,0.00021696105976828917,0.613150115725158,0.013104434339873194
326,2274.1355932203514,10174.796610169493,2838.729638124627,2888.241874604096,49.51223647946881,2538.7358398,2568.1054688,29.369628999999804,4.92634615043763,4.903166387103829,0.0231797633338013,0.9517786023759216,13,0.7611647292979822,0.7600637779951421,0.00110095130284,0.0050561184604559,0.1053868393083485,0.1052590610171086,0.0001277782912399,0.0005575769776685,0.1871895498472809,0.1869190718763501,0.0002704779709308,0.0012416380226711,19A,"(25.0, 30.0]",0.3230659189999978,"(0.3, 0.35]",0.653440512253386,0.6520699725996818,0.0013705396537041503,0.0840744662055509,0.08397010306148583,0.00010436314406506164,0.15983308981634947,0.15959437896082546,0.00023871085552401583,0.613150115725158,0.014212674570602041
327,2275.1144067796704,10174.578389830507,2845.9386916433928,2894.8508758222424,48.91218417884966,2542.7626953,2572.1713867,29.408691399999952,4.580070349118062,4.55563813425202,0.0244322148660414,0.9813288122994468,12,0.761959738261619,0.7606597249828142,0.0013000132788048,0.0047574056282069,0.1053495740689764,0.1051988852004803,0.000150688868496,0.0005222925516973,0.1873846910827461,0.1870653165359737,0.0003193745467724,0.0011682205562735,19A,"(25.0, 30.0]",0.3234956053999995,"(0.3, 0.35]",0.6544313063223156,0.6528116263246069,0.001619679997708734,0.08404402913301667,0.08392095644555768,0.00012307268745899436,0.16000532650916252,0.1597234445846135,0.00028188192454903227,0.6130808623877808,0.01497892336011622
328,2276.0932203389966,10174.360169491523,2854.818094746099,2899.2615862590324,44.44349151293318,2547.8676758,2574.8837891,27.016113299999688,4.237902848737978,4.212606229571987,0.0252966191659904,1.019421176460654,11,0.7630762859761467,0.7616813423042654,0.0013949436718811,0.0044214517174937,0.1053206809294075,0.1051611820205767,0.0001594989088308,0.0004801475804789,0.1876588186008886,0.1873161754204832,0.0003426431804053,0.001085606387282,19A,"(25.0, 30.0]",0.2971772462999966,"(0.25, 0.3]",0.6558244017717771,0.6540842441610425,0.0017401576107346495,0.08402043048055158,0.08389016429666639,0.00013026618388518874,0.16024729895070713,0.15994485143977877,0.0003024475109283664,0.612984968280239,0.015506447297061911
329,2277.072033898316,10174.141949152545,2857.0968424926978,2906.667255972763,49.570413480065326,2549.2045898,2579.4309082,30.22631839999985,4.580070349118062,4.557917592373818,0.0221527567442434,1.069711507185217,12,0.761959738261619,0.7608042320690394,0.0011555061925797,0.0034888152158618,0.1053495740689764,0.1052169966701259,0.0001325773988504,0.0003828582595433,0.1873846910827461,0.1871008538404479,0.0002838372422981,0.000856685817511,19A,"(30.0, 35.0]",0.3324895023999984,"(0.3, 0.35]",0.6544313063223156,0.6529915437258277,0.0014397625964879257,0.08404402913301667,0.08393574825111753,0.00010828088189913931,0.16000532650916252,0.1597548084257999,0.0002505180833626275,0.6130808623877808,0.01358143120902747
330,2278.050847457642,10173.92372881356,2860.4675349677923,2910.039883056524,49.572348088731815,2551.5898438,2581.6420898,30.0522460000002,4.580070349118062,4.556872904179307,0.0231974449387548,1.0305071600703888,12,0.761959738261619,0.7607406666966193,0.0012190715649997,0.0039018859487844,0.1053495740689764,0.1052087520606556,0.0001408220083208,0.0004297269694014,0.1873846910827461,0.1870852166510096,0.0002994744317364,0.000958154328796,19A,"(30.0, 35.0]",0.3305747060000021,"(0.3, 0.35]",0.6544313063223156,0.6529123983682752,0.001518907954040416,0.08404402913301667,0.08392901478693245,0.00011501434608422734,0.16000532650916252,0.15974100760189983,0.000264318907262695,0.6130808623877808,0.014221909548244854
331,2279.029661016953,10173.705508474575,2864.5397949685416,2913.648491442763,49.10869647422123,2553.9753418,2583.8535156,29.878173799999782,4.580070349118062,4.554654217313599,0.0254161318044623,1.0577168621374988,12,0.761959738261619,0.7606165937541065,0.0013431445075124,0.00379195127022,0.1053495740689764,0.1051934165059701,0.0001561575630063,0.0004191761890387,0.1873846910827461,0.1870547131776458,0.0003299779051003,0.0009311878382854,19A,"(25.0, 30.0]",0.3286599117999976,"(0.3, 0.35]",0.6544313063223156,0.6527579320993732,0.0016733742229424475,0.08404402913301667,0.08391649013573967,0.00012753899727700746,0.16000532650916252,0.1597140865510579,0.0002912399581046221,0.6130808623877808,0.015582144005241251
332,2280.00847457628,10173.487288135591,2867.935281828369,2917.910660727244,49.97537889887508,2555.9799805,2586.4626465,30.482666000000336,4.92634615043763,4.898073929038256,0.0282722213993737,1.079665014074862,13,0.7611647292979822,0.7598416127847455,0.0013231165132365,0.0036685781956296,0.1053868393083485,0.1052303089002432,0.0001565304081053,0.0004136637423395,0.1871895498472809,0.1868644289934552,0.0003251208538257,0.0009010594066305,19A,"(30.0, 35.0]",0.3353093260000037,"(0.3, 0.35]",0.653440512253386,0.6517936227833713,0.0016468894700146786,0.0840744662055509,0.08394662055038503,0.00012784565516586743,0.15983308981634947,0.15954615659793125,0.0002869332184182172,0.613150115725158,0.017335115822833272
333,2280.987288135606,10173.26906779661,2869.889327828429,2920.6950277921405,50.805699963711504,2557.1437988,2588.1655273,31.021728500000336,4.92634615043763,4.897508100484561,0.0288380499530687,1.1096054673586284,13,0.7611647292979822,0.7598361504559725,0.0013285788420096,0.0034309795495782,0.1053868393083485,0.1052296098767569,0.0001572294315916,0.0003964883951111,0.1871895498472809,0.1868630852403751,0.0003264646069059,0.0008427265540618,19A,"(30.0, 35.0]",0.3412390135000037,"(0.3, 0.35]",0.653440512253386,0.6517868291449749,0.0016536831084110748,0.0840744662055509,0.08394604964572519,0.00012841655982570588,0.15983308981634947,0.15954497074731389,0.00028811906903558615,0.613150115725158,0.01768205366601196
334,2281.966101694925,10173.050847457627,2872.2227314706306,2925.152549901383,52.92981843075222,2557.6459961,2589.8681641,32.22216799999978,4.92634615043763,4.899976158155709,0.0263699922819213,1.0821598888762909,13,0.7611647292979822,0.7599791745390247,0.0011855547589573,0.0034155026429568,0.1053868393083485,0.1052474690704207,0.0001393702379278,0.0003831736464615,0.1871895498472809,0.1868982531308193,0.0002912967164616,0.0008388574272988,19A,"(30.0, 35.0]",0.3544438479999975,"(0.35, 0.4]",0.653440512253386,0.6519647263552555,0.0014757858981304661,0.0840744662055509,0.08396063561691666,0.0001138305886342339,0.15983308981634947,0.15957600629902674,0.0002570835173227315,0.613150115725158,0.016168763819331567
335,2282.944915254251,10172.832627118643,2875.7862578116765,2930.878472421369,55.092214609692746,2558.1186523,2591.5708008,33.45214850000002,5.27482970690846,5.241972341230131,0.0328573656783293,1.0103776356153311,14,0.7606055875882883,0.759290766297979,0.0013148212903095,0.0042357797885114,0.1054265726609599,0.1052686539179209,0.0001579187430389,0.0005264292605505,0.1870523415258553,0.1867292035727595,0.0003231379530957,0.0010405292129712,19A,"(30.0, 35.0]",0.3679736335000002,"(0.35, 0.4]",0.6527442309224722,0.6511087420420204,0.0016354888804518408,0.0841069197200318,0.08397793787077718,0.0001289818492546252,0.1597119934457816,0.15942682419139614,0.0002851692543854589,0.6131996216553871,0.02014812420254423
336,2283.92372881357,10172.61440677966,2876.6960626210066,2933.662840395987,56.96677777498053,2558.6506348,2593.2734375,34.62280270000019,5.27482970690846,5.241443571213848,0.0333861356946121,1.0303646117076557,14,0.7606055875882883,0.7592513910516587,0.0013541965366297,0.0042588262054045,0.1054265726609599,0.1052636765577614,0.0001628961031984,0.0005351190150693,0.1870523415258553,0.1867195206121318,0.0003328209137234,0.0010462731615373,19A,"(30.0, 35.0]",0.3808508297000021,"(0.35, 0.4]",0.6527442309224722,0.6510598029500473,0.0016844279724249622,0.0841069197200318,0.08397387270747846,0.0001330470125533445,0.1597119934457816,0.15941827948963105,0.00029371395615054863,0.6131996216553871,0.020472365776471557
337,2284.9025423728963,10172.396186440676,2885.664358577016,2940.9033727535293,55.23901417651314,2563.9560547,2597.692627,33.73657229999981,5.27482970690846,5.237927307245413,0.036902399663047,1.0728274816341754,14,0.7606055875882883,0.7590866636717067,0.0015189239165817,0.0048657071024608,0.1054265726609599,0.1052431735710231,0.0001833990899366,0.0006188015619882,0.1870523415258553,0.1866790178540999,0.0003733236717552,0.0011966757183593,19A,"(30.0, 35.0]",0.3711022952999979,"(0.35, 0.4]",0.6527442309224722,0.6508550897013415,0.001889141221130708,0.0841069197200318,0.08395712738335674,0.00014979233667505865,0.1597119934457816,0.15938253826555782,0.0003294551802237866,0.6131996216553871,0.022628537511556305
338,2285.8813559322152,10172.177966101695,2890.47255113902,2945.559018191508,55.08646705248793,2566.1166992,2599.6181641,33.501464899999974,5.27482970690846,5.239531321892172,0.0352983850162882,1.0326058056139282,14,0.7606055875882883,0.7591767289377334,0.0014288586505551,0.0047590058971854,0.1054265726609599,0.1052543023519433,0.0001722703090165,0.0005980375997082,0.1870523415258553,0.1867011611155539,0.0003511804103012,0.0011703007287209,19A,"(30.0, 35.0]",0.3685161138999997,"(0.35, 0.4]",0.6527442309224722,0.6509670124336251,0.0017772184888471543,0.0841069197200318,0.083966216529786,0.00014070319024579725,0.1597119934457816,0.15940207828444783,0.0003099151613337736,0.6131996216553871,0.02164495633703411
339,2286.860169491541,10171.959745762711,2893.60317990295,2948.715066351326,55.11188644837648,2567.9626465,2601.5439453,33.581298799999786,5.27482970690846,5.239428649225024,0.035401057683436,1.059714318216511,14,0.7606055875882883,0.759196877104846,0.0014087104834425,0.0043043816127146,0.1054265726609599,0.1052567079842579,0.0001698646767019,0.000545492149918,0.1870523415258553,0.1867061126875625,0.0003462288382926,0.0010585909066573,19A,"(30.0, 35.0]",0.3693942867999976,"(0.35, 0.4]",0.6527442309224722,0.6509920518868483,0.0017521790356239686,0.0841069197200318,0.08396818127429966,0.000138738445732145,0.1597119934457816,0.15940644775287927,0.000305545692902337,0.6131996216553871,0.02170791517768349
340,2287.838983050853,10171.74152542373,2896.708378835041,2949.252285236344,52.54390640130259,2569.8085938,2601.8713379,32.062744100000145,4.92634615043763,4.900099581966116,0.0262465684715138,1.1109767815627516,13,0.7611647292979822,0.7599716834046721,0.0011930458933101,0.0033540503852436,0.1053868393083485,0.1052463254265203,0.0001405138818282,0.000380890789644,0.1871895498472809,0.186896405803559,0.0002931440437219,0.0008238562860186,19A,"(30.0, 35.0]",0.3526901851000016,"(0.35, 0.4]",0.653440512253386,0.6519554079326009,0.00148510432078508,0.0840744662055509,0.08395970157586599,0.00011476462968490475,0.15983308981634947,0.15957437602881555,0.0002587137875339207,0.613150115725158,0.01609308649569697
341,2288.81779661018,10171.523305084746,2904.334633543161,2952.4767715153826,48.14213797222101,2574.4030762,2603.8359375,29.432861299999782,4.580070349118062,4.555068155973708,0.0250021931443535,1.106751501073732,12,0.761959738261619,0.7606320754823965,0.0013276627792224,0.0034510504226478,0.1053495740689764,0.1051953379274496,0.0001542361415267,0.0003840558064598,0.1873846910827461,0.1870585189374474,0.0003261721452987,0.0008475200362004,19A,"(25.0, 30.0]",0.3237614742999976,"(0.3, 0.35]",0.6544313063223156,0.6527772050441796,0.0016541012781360331,0.08404402913301667,0.08391805936889418,0.00012596976412249106,0.16000532650916252,0.15971744533450175,0.0002878811746607757,0.6130808623877808,0.015328366134526105
342,2289.7966101694983,10171.305084745763,2914.044271161884,2955.849770254407,41.80549909252295,2580.3103027,2605.8881836,25.57788089999985,3.89811105790194,3.872443938835242,0.0256671190666981,1.103024214005593,10,0.7644665158210218,0.7630290633730505,0.0014374524479712,0.0037216476422691,0.1052881921127716,0.1051264975962843,0.0001616945164873,0.0003967549520355,0.1880001487615642,0.1876471244677859,0.0003530242937783,0.0009136226028373,19A,"(25.0, 30.0]",0.2813566898999984,"(0.25, 0.3]",0.6575615468576658,0.6557654456488629,0.0017961012088029138,0.08399389540453782,0.08386183802592462,0.00013205737861320122,0.16054862453033528,0.1602369760488421,0.00031164848149317637,0.6128657495242313,0.01573049816493962
343,2290.7754237288245,10171.08686440678,2919.375092502023,2974.866251748632,55.49115924660873,2583.192627,2617.0991211,33.906494100000145,5.27482970690846,5.23906776705728,0.0357619398511799,1.111796479667818,14,0.7606055875882883,0.759169843574748,0.0014357440135404,0.0042042313639348,0.1054265726609599,0.1052533049016017,0.0001732677593581,0.0004914664068167,0.1870523415258553,0.1866994636949142,0.000352877830941,0.0010329861401557,19A,"(30.0, 35.0]",0.3729714351000016,"(0.35, 0.4]",0.6527442309224722,0.6509584556768291,0.001785775245643162,0.0841069197200318,0.08396540188593254,0.00014151783409925567,0.1597119934457816,0.1594005804132624,0.00031141303251919217,0.6131996216553871,0.021929207986406223
344,2291.7542372881435,10170.868644067798,2934.839914377811,2993.3614018356006,58.52148745778959,2592.6716309,2628.2597656,35.588134699999955,5.623274415112043,5.588891315848892,0.0343830992631506,1.0380098933582589,15,0.7601355318226004,0.7587989832212099,0.0013365486013902,0.0043224829681336,0.1054563162213251,0.1052931992502795,0.0001631169710455,0.0005129691862834,0.1869369884056634,0.1866084487588133,0.00032853964685,0.0010622008965918,19A,"(35.0, 40.0]",0.3914694816999995,"(0.35, 0.4]",0.652159242240355,0.6504976735031868,0.001661568737168273,0.08413121412672131,0.08399798493326678,0.00013322919345452877,0.15961019051035677,0.15932026656840637,0.00028992394195040405,0.6132410267748946,0.021085127095837593
345,2292.7330508474697,10170.650423728814,2937.8712962587047,2998.111191692908,60.239895434202936,2594.5314941,2631.1125488,36.58105469999964,5.623274415112043,5.589813682669539,0.0334607324425038,1.0275403586015237,15,0.7601355318226004,0.7588330283390781,0.0013025034835222,0.0042196794383718,0.1054563162213251,0.1052973729931562,0.0001589432281689,0.0005005419601544,0.1869369884056634,0.1866168182149054,0.000320170190758,0.0010369324100822,19A,"(35.0, 40.0]",0.4023916016999961,"(0.4, 0.45]",0.652159242240355,0.6505399650466662,0.0016192771936888173,0.08413121412672131,0.08400139380246555,0.00012982032425576384,0.15961019051035677,0.1593276518750334,0.0002825386353233761,0.6132410267748946,0.020519493919681053
346,2293.711864406796,10170.43220338983,2944.3427161603563,3002.11755145402,57.77483529366373,2598.5007324,2633.5146484,35.013916000000336,5.27482970690846,5.241684293160195,0.0331454137482651,1.0546960965848473,14,0.7606055875882883,0.7592620722857504,0.001343515302538,0.0043370146791096,0.1054265726609599,0.1052643465636082,0.0001622260973516,0.0005066429019305,0.1870523415258553,0.1867221299453313,0.0003302115805239,0.0010656069058753,19A,"(35.0, 40.0]",0.3851530760000037,"(0.35, 0.4]",0.6527442309224722,0.6510730783214657,0.001671152601006587,0.0841069197200318,0.08397441992135071,0.00013249979868108774,0.1597119934457816,0.15942058208555168,0.00029141136022992065,0.6131996216553871,0.020324755170047427
347,2294.690677966115,10170.213983050848,2949.7792699836746,3002.3150325857723,52.53576260209775,2601.4074707,2633.3347168,31.927246100000048,4.92634615043763,4.900325695864108,0.0260204545735218,1.1081315842194035,13,0.7611647292979822,0.7599554110591596,0.0012093182388225,0.0036863533906862,0.1053868393083485,0.105243854769675,0.0001429845386735,0.0004200108224966,0.1871895498472809,0.186892392910334,0.0002971569369469,0.0009055152178167,19A,"(30.0, 35.0]",0.3511997071000005,"(0.35, 0.4]",0.653440512253386,0.6519351666110257,0.0015053456423602674,0.0840744662055509,0.08395768373357308,0.00011678247197781377,0.15983308981634947,0.15957083464579522,0.0002622551705542542,0.613150115725158,0.01595444473297611
348,2295.669491525434,10169.995762711864,2954.5295454914203,3004.0660586100635,49.53651311864314,2604.314209,2634.3884277,30.074218700000078,4.92634615043763,4.900839077467477,0.0255070729701527,1.0991857574117574,13,0.7611647292979822,0.7599790911342824,0.0011856381636998,0.0036451612126479,0.1053868393083485,0.1052466950786233,0.0001401442297252,0.0004152596906256,0.1871895498472809,0.186898212720963,0.0002913371263179,0.000895395023684,19A,"(30.0, 35.0]",0.3308164057000008,"(0.3, 0.35]",0.653440512253386,0.6519646226054076,0.0014758896479784012,0.0840744662055509,0.08396000347943768,0.00011446272611322084,0.15983308981634947,0.15957597063723156,0.00025711917911791504,0.613150115725158,0.015639664743459177
349,2296.648305084753,10169.777542372882,2959.281289249533,3005.27773585194,45.99644660240665,2607.2209473,2635.1164551,27.89550780000036,4.580070349118062,4.558056735896061,0.0220136132220005,1.064184017567072,12,0.761959738261619,0.7607711767943989,0.0011885614672201,0.0035886255175322,0.1053495740689764,0.1052117098405762,0.0001378642284001,0.0003998855076886,0.1873846910827461,0.1870926973968984,0.0002919936858477,0.0008813206691609,19A,"(25.0, 30.0]",0.3068505858000039,"(0.3, 0.35]",0.6544313063223156,0.6529503858010308,0.0014809205212847898,0.08404402913301667,0.08393143043577957,0.0001125986972371068,0.16000532650916252,0.15974760983087824,0.000257716678284281,0.6130808623877808,0.01349612497841512
350,2297.627118644079,10169.559322033898,2961.233346094057,3008.109626971272,46.87628087721441,2608.4143066,2636.8178711,28.403564499999906,4.580070349118062,4.558393528438619,0.0216768206794428,1.0508812713750917,12,0.761959738261619,0.7607876119158118,0.0011721263458071,0.0035524371912646,0.1053495740689764,0.1052136092892435,0.0001359647797328,0.0003960029591639,0.1873846910827461,0.1870967350398442,0.0002879560429018,0.0008724354160147,19A,"(25.0, 30.0]",0.3124392094999989,"(0.3, 0.35]",0.6544313063223156,0.6529708493681344,0.0014604569541811774,0.08404402913301667,0.08393298173646599,0.00011104739655068419,0.16000532650916252,0.15975117331222946,0.00025415319693306015,0.6130808623877808,0.013289643915978073
351,2298.605932203398,10169.341101694916,2959.222377537189,3009.455420839361,50.233043302172064,2608.0351562,2638.6196289,30.58447269999988,4.92634615043763,4.900293941453782,0.0260522089838479,1.125926069049522,13,0.7611647292979822,0.7599583954355645,0.0012063338624175,0.0036254973998155,0.1053868393083485,0.1052443370005199,0.0001425023078286,0.0004124505031535,0.1871895498472809,0.186893129206082,0.0002964206411989,0.0008905535705214,19A,"(30.0, 35.0]",0.3364291996999987,"(0.3, 0.35]",0.653440512253386,0.6519388788753183,0.001501633378067635,0.0840744662055509,0.08395807758242274,0.00011638862312815523,0.15983308981634947,0.15957148442728145,0.0002616053890680259,0.613150115725158,0.01597391495334234
352,2299.584745762724,10169.122881355932,2960.278844228152,3009.9534388363286,49.6745946081769,2608.6826172,2638.9199219,30.23730470000009,4.580070349118062,4.55729565929446,0.0227746898236018,1.0900029591827225,12,0.761959738261619,0.7607348288042539,0.0012249094573651,0.003642623612,0.1053495740689764,0.1052075095022903,0.000142064566686,0.0004054800231362,0.1873846910827461,0.1870837678699271,0.000300923212819,0.0008945747060873,19A,"(30.0, 35.0]",0.332610351700001,"(0.3, 0.35]",0.6544313063223156,0.6529051298970314,0.001526176425284187,0.08404402913301667,0.08392799997788196,0.00011602915513471423,0.16000532650916252,0.15973972896348174,0.00026559754568078464,0.6130808623877808,0.013962726477668006
353,2300.563559322043,10168.90466101695,2967.40083198287,3010.202329845901,42.80149786303127,2610.3735352,2636.5175781,26.14404289999993,4.237902848737978,4.211640393343007,0.0262624553949706,1.0808988149906624,11,0.7630762859761467,0.761626385156537,0.0014499008196096,0.0039920501268648,0.1053206809294075,0.1051539381885272,0.0001667427408802,0.0004369570574115,0.1876588186008886,0.187302654183709,0.0003561644171796,0.0009802386134676,19A,"(25.0, 30.0]",0.2875844718999992,"(0.25, 0.3]",0.6558244017717771,0.6540157454013831,0.0018086563703940683,0.08402043048055158,0.08388424832646463,0.0001361821540869501,0.16024729895070713,0.1599329171514189,0.0003143817992882214,0.612984968280239,0.01609849038724724
354,2301.5423728813694,10168.686440677966,2969.611220446912,3020.3725590254526,50.76133857854074,2611.7277832,2642.673584,30.945800800000143,4.92634615043763,4.899460192982808,0.0268859574548221,1.130557967094668,13,0.7611647292979822,0.7599178180786251,0.001246911219357,0.0037635747375437,0.1053868393083485,0.1052393767648297,0.0001474625435188,0.0004287603169895,0.1871895498472809,0.1868831543807409,0.00030639546654,0.0009244843653829,19A,"(30.0, 35.0]",0.3404038088000015,"(0.3, 0.35]",0.653440512253386,0.6518884058452006,0.001552106408185372,0.0840744662055509,0.08395402644972602,0.00012043975582487487,0.15983308981634947,0.15956268165191975,0.0002704081644297196,0.613150115725158,0.016485127924805845
355,2302.5211864406883,10168.468220338984,2970.8641378357806,3021.9956259997725,51.13148816399189,2613.1281738,2644.3251953,31.19702150000012,4.92634615043763,4.898447779292719,0.0278983711449107,1.1225110375587366,13,0.7611647292979822,0.7598751057145653,0.0012896235834168,0.0036406678197246,0.1053868393083485,0.1052342001118534,0.0001526391964951,0.0004159930987144,0.1871895498472809,0.1868726564738481,0.0003168933734328,0.0008943144217387,19A,"(30.0, 35.0]",0.3431672365000013,"(0.3, 0.35]",0.653440512253386,0.6518352797600713,0.0016052324933146789,0.0840744662055509,0.08394979857399833,0.0001246676315525691,0.15983308981634947,0.15955341729160855,0.00027967252474092597,0.613150115725158,0.017105889496045405
356,2303.500000000008,10168.25,2974.506279086982,3026.2928867411374,51.78660765415543,2615.3432617,2646.9277344,31.584472700000333,4.92634615043763,4.899215523737049,0.0271306267005808,1.13074889143947,13,0.7611647292979822,0.7599163811800035,0.0012483481179786,0.0036336065007154,0.1053868393083485,0.1052392578664594,0.0001475814418891,0.0004143702363832,0.1871895498472809,0.1868828028722322,0.0003067469750487,0.0008925645551635,19A,"(30.0, 35.0]",0.3474291997000036,"(0.3, 0.35]",0.653440512253386,0.6518866185719865,0.0015538936813994653,0.0840744662055509,0.08395392934294468,0.0001205368626062131,0.15983308981634947,0.15956237144651875,0.0002707183698307247,0.613150115725158,0.01663514690115718
357,2304.478813559333,10168.031779661016,2974.506279086982,3026.2928867411374,51.78660765415543,2615.3432617,2646.9277344,31.584472700000333,4.92634615043763,4.899215523737049,0.0271306267005808,1.13074889143947,13,0.7611647292979822,0.7599163811800035,0.0012483481179786,0.0036336065007154,0.1053868393083485,0.1052392578664594,0.0001475814418891,0.0004143702363832,0.1871895498472809,0.1868828028722322,0.0003067469750487,0.0008925645551635,19A,"(30.0, 35.0]",0.3474291997000036,"(0.3, 0.35]",0.653440512253386,0.6518866185719865,0.0015538936813994653,0.0840744662055509,0.08395392934294468,0.0001205368626062131,0.15983308981634947,0.15956237144651875,0.0002707183698307247,0.613150115725158,0.01663514690115718
358,2305.4576271186525,10167.813559322034,2983.7644416953726,3022.8044042642937,39.039962568921055,2621.0043945,2644.8154297,23.81103519999988,3.89811105790194,3.874085531986199,0.0240255259157411,1.076424837253523,10,0.7644665158210218,0.7631108100013819,0.0013557058196396,0.0035339026514942,0.1052881921127716,0.10513617574932,0.0001520163634516,0.0003759554984951,0.1880001487615642,0.1876672124116185,0.0003329363499457,0.0008675136049604,19A,"(20.0, 25.0]",0.2619213871999987,"(0.25, 0.3]",0.6575615468576658,0.6558675061593155,0.0016940406983502188,0.08399389540453782,0.08386974198971164,0.00012415341482617526,0.16054862453033528,0.1602547085463276,0.0002939159840076866,0.6128657495242313,0.014724421948064514
359,2306.4364406779787,10167.59533898305,2980.975344245377,3025.653917117855,44.67857287247807,2620.512207,2647.6987305,27.186523499999566,4.237902848737978,4.213274022994087,0.0246288257438909,1.0398369710026742,11,0.7630762859761467,0.7617173720440017,0.0013589139321449,0.0034404633468457,0.1053206809294075,0.1051648962603519,0.0001557846690555,0.000375486834137,0.1876588186008886,0.1873250175763313,0.0003338010245572,0.0008447646266246,19A,"(25.0, 30.0]",0.2990517584999952,"(0.25, 0.3]",0.6558244017717771,0.6541291541625959,0.0016952476091812718,0.08402043048055158,0.08389319768922844,0.00012723279132313692,0.16024729895070713,0.15995265584877588,0.0002946431019312523,0.612984968280239,0.015097099967398496
360,2307.4152542372976,10167.377118644068,2982.87000335624,3029.779045888538,46.90904253229792,2621.6608887,2650.1977539,28.53686519999974,4.580070349118062,4.557433827870592,0.0226365212474695,1.0683356595609383,12,0.761959738261619,0.7607523340650258,0.0012074041965931,0.0031637350706901,0.1053495740689764,0.1052097302760504,0.000139843792926,0.0003516555941944,0.1873846910827461,0.1870880739573127,0.0002966171254334,0.0007769464802399,19A,"(25.0, 30.0]",0.3139055171999971,"(0.3, 0.35]",0.6544313063223156,0.6529269249826593,0.0015043813396563577,0.08404402913301667,0.08392981370500502,0.00011421542801165474,0.16000532650916252,0.15974352935241418,0.0002617971567483446,0.6130808623877808,0.013878017967857925
361,2308.394067796624,10167.158898305084,2990.656392200085,3033.4916763338474,42.83528413376189,2626.390625,2652.4436035,26.05297849999988,4.237902848737978,4.212294185379781,0.0256086633581968,1.0428556439637275,11,0.7630762859761467,0.7616621669335711,0.0014141190425756,0.0038905838822403,0.1053206809294075,0.1051578701249332,0.0001628108044742,0.0004269567511528,0.1876588186008886,0.1873114401463483,0.0003473784545403,0.0009553433146235,19A,"(25.0, 30.0]",0.2865827634999987,"(0.25, 0.3]",0.6558244017717771,0.6540603434125314,0.001764058359245757,0.08402043048055158,0.08388745949992092,0.00013297098063065615,0.16024729895070713,0.1599406719244572,0.00030662702624992266,0.612984968280239,0.01569772569632358
362,2309.372881355943,10166.940677966102,2994.5963967129774,3036.873270111824,42.27687339884597,2628.7895508,2654.4865723,25.697021499999664,4.237902848737978,4.212884778626006,0.0250180701119715,1.0412826511539846,11,0.7630762859761467,0.7616908789627281,0.0013854070134184,0.0038665952322611,0.1053206809294075,0.1051613001502791,0.0001593807791283,0.0004240789620558,0.1876588186008886,0.1873184961584654,0.0003403224424231,0.0009494478962024,19A,"(25.0, 30.0]",0.2826672364999963,"(0.25, 0.3]",0.6558244017717771,0.6540961311361835,0.001728270635593665,0.08402043048055158,0.08389026077225521,0.00013016970829636543,0.16024729895070713,0.15994689980529753,0.00030039914540960777,0.612984968280239,0.015335700914019645
363,2310.351694915269,10166.722457627118,2999.394396989244,3038.985002018607,39.590605029362905,2632.1625977,2656.1398926,23.977294900000288,3.89811105790194,3.8761852962460575,0.0219257616558818,1.0091156134191386,10,0.7644665158210218,0.7632194985862374,0.0012470172347841,0.0029530102198744,0.1052881921127716,0.1051488230807049,0.0001393690320666,0.0003126024212805,0.1880001487615642,0.187693916242538,0.0003062325190262,0.0007248700498702,19A,"(20.0, 25.0]",0.2637502439000032,"(0.25, 0.3]",0.6575615468576658,0.6560032189828895,0.0015583278747762774,0.08399389540453782,0.08388007087719314,0.00011382452734468029,0.16054862453033528,0.16027828137203734,0.00027034315829793654,0.6128657495242313,0.01343754835112165
364,2311.3305084745807,10166.504237288136,3003.0120409337696,3041.944975252854,38.932934319084325,2634.3503418,2657.9243164,23.57397459999993,3.89811105790194,3.876250986054432,0.0218600718475086,1.0066789416404855,10,0.7644665158210218,0.7632225330685052,0.0012439827525165,0.0031025062499596,0.1052881921127716,0.1051491564335525,0.0001390356792191,0.0003293033654554,0.1880001487615642,0.1876946613109672,0.0003054874505969,0.0007615878136496,19A,"(20.0, 25.0]",0.2593137205999992,"(0.25, 0.3]",0.6575615468576658,0.6560070082074356,0.0015545386502301417,0.08399389540453782,0.08388034312230577,0.00011355228223204616,0.16054862453033528,0.16027893908496868,0.00026968544536659644,0.6128657495242313,0.013397289317476907
365,2312.309322033907,10166.286016949152,3002.988237704057,3045.5040533685515,42.51581566449431,2634.3359375,2660.0673828,25.731445299999905,4.237902848737978,4.214794904758731,0.0231079439792463,0.9963775114805256,11,0.7630762859761467,0.76179377914257,0.0012825068335767,0.0034156514117658,0.1053206809294075,0.1051736947313559,0.0001469861980515,0.0003733881315322,0.1876588186008886,0.1873437876182318,0.0003150309826567,0.0008386838683644,19A,"(25.0, 30.0]",0.2830458982999989,"(0.25, 0.3]",0.6558244017717771,0.6542243996916965,0.001600002080080598,0.08402043048055158,0.0839003833567147,0.00012004712383688332,0.16024729895070713,0.15996922305406958,0.0002780758966375585,0.612984968280239,0.014164822307139833
366,2313.288135593226,10166.06779661017,3002.4742493593017,3046.6241284296825,44.14987907038085,2634.0249023,2660.7412109,26.716308600000048,4.237902848737978,4.214794904758731,0.0231079439792463,0.9963775114805256,11,0.7630762859761467,0.76179377914257,0.0012825068335767,0.0034156514117658,0.1053206809294075,0.1051736947313559,0.0001469861980515,0.0003733881315322,0.1876588186008886,0.1873437876182318,0.0003150309826567,0.0008386838683644,19A,"(25.0, 30.0]",0.2938793946000005,"(0.25, 0.3]",0.6558244017717771,0.6542243996916965,0.001600002080080598,0.08402043048055158,0.0839003833567147,0.00012004712383688332,0.16024729895070713,0.15996922305406958,0.0002780758966375585,0.612984968280239,0.014164822307139833
367,2314.266949152552,10165.849576271186,2999.322173817988,3044.623507506681,45.301333688693376,2634.4624023,2661.6196289,27.15722659999983,4.580070349118062,4.561980312321055,0.0180900367970062,0.9244154500170978,12,0.761959738261619,0.7609955493163775,0.0009641889452417,0.002797695074749,0.1053495740689764,0.1052386565613561,0.0001109175076202,0.0003103441480061,0.1873846910827461,0.1871478442730356,0.0002368468097105,0.0006870329707414,19A,"(25.0, 30.0]",0.2987294925999981,"(0.25, 0.3]",0.6544313063223156,0.6532297891429049,0.0012015171794107493,0.08404402913301667,0.08395343824459303,9.059088842364171e-05,0.16000532650916252,0.15979628096727536,0.00020904554188716507,0.6130808623877808,0.01109065536013525
368,2315.2457627118783,10165.631355932202,3000.698047619907,3045.990427521853,45.29237990194588,2635.2741699,2662.4401855,27.166015600000264,4.237902848737978,4.217330425720603,0.0205724230173744,0.9134591892473554,11,0.7630762859761467,0.7619327269843624,0.0011435589917841,0.0031114131274825,0.1053206809294075,0.1051900973683297,0.0001305835610778,0.0003404991960208,0.1876588186008886,0.1873779313101543,0.0002808872907343,0.0007639802240949,19A,"(25.0, 30.0]",0.2988261716000029,"(0.25, 0.3]",0.6558244017717771,0.6543976277105826,0.0014267740611945134,0.08402043048055158,0.08391377938501926,0.00010665109553231744,0.16024729895070713,0.15999935995724832,0.0002479389934588183,0.612984968280239,0.012610586070752905
369,2316.2245762711973,10165.41313559322,2991.45180089173,3046.5024634283523,55.05066253662244,2629.8652344,2662.7475586,32.88232419999986,5.27482970690846,5.247422512699354,0.0274071942091058,0.8756945696240588,14,0.7606055875882883,0.759485296579202,0.0011202910090864,0.0035911691149417,0.1054265726609599,0.1052916362152261,0.0001349364457337,0.0004471547789005,0.1870523415258553,0.1867770057483058,0.0002753357775493,0.0008830460026005,19A,"(30.0, 35.0]",0.3617055661999984,"(0.35, 0.4]",0.6527442309224722,0.6513505552224825,0.001393675699989716,0.0841069197200318,0.0839967083392604,0.00011021138077139947,0.1597119934457816,0.1594690075246633,0.00024298592111829387,0.6131996216553871,0.016806081119659394
370,2317.2033898305235,10165.194915254237,2992.3032648719995,3046.5024634283523,54.19919855635271,2630.357666,2662.7475586,32.38989260000017,4.92634615043763,4.905106835882153,0.0212393145554772,0.9252645944926764,13,0.7611647292979822,0.7601920529006233,0.0009726763973588,0.0029071875077684,0.1053868393083485,0.1052723634893855,0.000114475818963,0.0003287173790016,0.1871895498472809,0.1869505576202073,0.0002389922270736,0.0007140548951333,19A,"(30.0, 35.0]",0.3562888186000018,"(0.35, 0.4]",0.653440512253386,0.6522295660099301,0.001210946243455857,0.0840744662055509,0.08398096759796198,9.349860758892103e-05,0.15983308981634947,0.15962216557085285,0.00021092424549662425,0.613150115725158,0.013022888177613878
371,2318.1822033898425,10164.976694915254,2989.3366243941405,3042.0178198264607,52.68119543232024,2630.8498535,2661.8022461,30.952392600000167,4.92634615043763,4.9095346791795125,0.0168114712581175,0.789631541926457,13,0.7611647292979822,0.760359831809367,0.0008048974886152,0.002889858590593,0.1053868393083485,0.1052926990404197,9.41402679288661e-05,0.0003213017265313,0.1871895498472809,0.1869917961987987,0.0001977536484821,0.0007096890005069,19A,"(30.0, 35.0]",0.3404763186000018,"(0.3, 0.35]",0.653440512253386,0.6524383449857734,0.001002167267612597,0.0840744662055509,0.08399757639152554,7.688981402535766e-05,0.15983308981634947,0.15965855967001683,0.00017453014633264652,0.613150115725158,0.010307955547424913
372,2319.1610169491687,10164.75847457627,2995.703607706622,3045.1102506053453,49.40664289872348,2631.342041,2660.4345703,29.092529300000024,4.92634615043763,4.909680487434819,0.0166656630028105,0.8009637746427661,13,0.7611647292979822,0.760384577401867,0.0007801518961151,0.0031049769173683,0.1053868393083485,0.1052959021662607,9.093714208782049e-05,0.0003456715855357,0.1871895498472809,0.1869978830935297,0.0001916667537513,0.000762531369155,19A,"(25.0, 30.0]",0.3200178223000002,"(0.3, 0.35]",0.653440512253386,0.6524691411604576,0.0009713710929283303,0.0840744662055509,0.0840001925163029,7.427368924799171e-05,0.15983308981634947,0.15966393155583197,0.00016915826051749905,0.613150115725158,0.010218553198809741
373,2320.1398305084804,10164.540254237289,2998.2346373358114,3042.813230974865,44.57859363905345,2632.7751465,2659.057373,26.28222649999998,4.237902848737978,4.222995492615148,0.0149073561228298,0.7870707636551224,11,0.7630762859761467,0.7622163257771846,0.0008599601989621,0.003183360027442,0.1053206809294075,0.1052237113760524,9.696955335504088e-05,0.0003463952985485,0.1876588186008886,0.1874476191878284,0.0002111994130601,0.0007816091403534,19A,"(25.0, 30.0]",0.2891044914999997,"(0.25, 0.3]",0.6558244017717771,0.6547512824696347,0.001073119302142489,0.08402043048055158,0.08394123224461891,7.919823593266484e-05,0.16024729895070713,0.16006087105677294,0.00018642789393419346,0.612984968280239,0.009137985220095051
374,2321.1186440678066,10164.322033898305,2996.6912699734125,3037.146715274997,40.455445301584405,2631.8999023,2655.6589355,23.759033199999976,3.89811105790194,3.883860556064643,0.0142505018372971,0.7856281681917301,10,0.7644665158210218,0.7635680302081033,0.0008984856129184,0.0032110037456207,0.1052881921127716,0.105188792023159,9.940008961255576e-05,0.0003432740921571,0.1880001487615642,0.1877795289371675,0.0002206198243967,0.0007882734802402,19A,"(20.0, 25.0]",0.2613493651999997,"(0.25, 0.3]",0.6575615468576658,0.656438527290819,0.0011230195668467946,0.08399389540453782,0.08391271330640296,8.118209813486044e-05,0.16054862453033528,0.16035385756537834,0.0001947669649569328,0.6128657495242313,0.008733644489611524
375,2322.0974576271256,10164.103813559324,2994.2865412031665,3031.959611894182,37.67307069101571,2631.2490234,2653.1252441,21.876220699999976,3.5588333908251206,3.547832258573659,0.0110011322514615,0.7026286095778645,9,0.7661406729367477,0.7653073475117469,0.0008333254250006,0.0031467230233686,0.1052372334889529,0.1051462385755667,9.09949133861924e-05,0.0003352044915945,0.1884111590194253,0.1882065623519475,0.0002045966674778,0.0007724725312026,19A,"(20.0, 25.0]",0.2406384276999997,"(0.2, 0.25]",0.6596572797220173,0.6586135904779111,0.0010436892441061385,0.08395227599237222,0.08387796014547622,7.431584689600312e-05,0.16091151265190845,0.1607308639821646,0.0001806486697438492,0.6127214642192251,0.006740629861184831
376,2323.076271186452,10163.88559322034,2992.9813159083487,3027.073790253078,34.09247434472945,2630.5214844,2650.2282715,19.70678709999993,3.2177001531365117,3.208425881581883,0.0092742715546281,0.6849908639935097,8,0.7681446316136777,0.7672496040219974,0.0008950275916803,0.0028834392785274,0.1051443748128733,0.1050477716551097,9.660315776358064e-05,0.0003010862697224,0.1889030555768176,0.1886833314374343,0.0002197241393833,0.0007077186207012,19A,"(15.0, 20.0]",0.2167746580999992,"(0.2, 0.25]",0.6621713529332691,0.6610477524901638,0.0011236004431053326,0.08387643803626615,0.08379754532959975,7.889270666640302e-05,0.16134588722507057,0.1611518479505389,0.00019403927453165437,0.6125468969037416,0.005680926261830082
377,2324.0550847457707,10163.667372881357,2991.90085097596,3024.941303594755,33.04045261879492,2629.9199219,2648.9658203,19.045898399999714,3.5588333908251206,3.549261848546235,0.0095715422788855,0.6697508182532171,9,0.7661406729367477,0.7653853288408755,0.000755344095872,0.0029127272486826,0.1052372334889529,0.1051547289805139,8.250450843900254e-05,0.0003111369164988,0.1884111590194253,0.1882257059149198,0.0001854531045055,0.0007150443656441,19A,"(15.0, 20.0]",0.2095048823999968,"(0.2, 0.25]",0.6596572797220173,0.658711213509731,0.0009460662122862118,0.08395227599237222,0.08388489415797662,6.738183439559953e-05,0.16091151265190845,0.16074776623131956,0.00016374642058888944,0.6127214642192251,0.005864689399954943
378,2325.033898305097,10163.449152542373,2989.4727768056664,3018.66573293826,29.192956132593736,2628.5834961,2645.260498,16.67700190000005,2.874815649022407,2.865499407614798,0.0093162414076086,0.5922236081721158,7,0.7707926826713427,0.769685871891965,0.0011068107793777,0.0029916735080176,0.1050105268837218,0.1048870985790865,0.0001234283046352,0.0003155712892191,0.1895530240754094,0.1892812124150033,0.0002718116604061,0.0007343621674303,19A,"(15.0, 20.0]",0.1834470209000005,"(0.15, 0.2]",0.6655026848156889,0.6641090037760274,0.0013936810396614208,0.08376712963724559,0.08366633640201365,0.00010079323523193295,0.1619199668233751,0.1616798749684576,0.00024009185491749574,0.6123155741683034,0.005704479706590384
379,2326.012711864416,10163.23093220339,2985.89729447109,3010.905191893982,25.00789742289271,2627.4858398,2641.9013672,14.415527399999974,2.533677941915254,2.5180254383643685,0.0156525035508856,0.6398893648218983,6,0.7748377994602471,0.7729793202552009,0.0018584792050462,0.0046145735009782,0.1048819880391615,0.1046703580248199,0.0002116300143415,0.0004937642521077,0.1905460968255919,0.1900895830766152,0.0004565137489767,0.0011329269936435,19A,"(10.0, 15.0]",0.1585708013999997,"(0.15, 0.2]",0.6706119176100033,0.6682614803847556,0.002350437225247637,0.08366216318673066,0.0834893567202884,0.0001728064664422574,0.16279734984622612,0.16239397952492232,0.0004033703213038031,0.6119663766741801,0.009578805883915197
380,2326.991525423742,10163.012711864409,2984.580156425098,3007.194496310053,22.61433988495537,2626.7475586,2639.723877,12.976318399999856,2.205589877742554,2.191307326644847,0.0142825510977071,0.6051307527659081,5,0.7820823742529133,0.7803125115642361,0.0017698626886771,0.0041128888381114,0.1049283878874415,0.1047283953245757,0.0001999925628658,0.000439896629896,0.192325332580364,0.1918906127281385,0.0004347198522255,0.0010097715640845,19A,"(10.0, 15.0]",0.1427395023999984,"(0.1, 0.15]",0.6798242468268765,0.6775662732011042,0.0022579736257722915,0.08370005318777651,0.08353674542628216,0.0001633077614943551,0.16437009473913144,0.16398573373113168,0.00038436100799976725,0.611355178863975,0.008731711580972586
381,2327.9703389830684,10162.794491525425,2983.25568414531,3005.7034764106265,22.44779226531637,2626.0092773,2638.8520508,12.84277350000002,2.533677941915254,2.5219440379296203,0.0117339039856338,0.5822539144696495,6,0.7748377994602471,0.7733959604083008,0.0014418390519462,0.0036994050240278,0.1048819880391615,0.10471902382328,0.0001629642158814,0.0003943172008821,0.1905460968255919,0.1901919544897653,0.0003541423358266,0.000908201512171,19A,"(10.0, 15.0]",0.1412705085000002,"(0.1, 0.15]",0.6706119176100033,0.6687879558641447,0.0018239617458585267,0.08366216318673066,0.08352909330934435,0.00013306987738630205,0.16279734984622612,0.16248442797062712,0.00031292187559900375,0.6119663766741801,0.007180754706331037
382,2328.94915254238,10162.57627118644,2981.953591980047,3005.7034764106265,23.74988443057964,2625.2866211,2638.8520508,13.565429700000095,2.533677941915254,2.5219440379296203,0.0117339039856338,0.5822539144696495,6,0.7748377994602471,0.7733959604083008,0.0014418390519462,0.0036994050240278,0.1048819880391615,0.10471902382328,0.0001629642158814,0.0003943172008821,0.1905460968255919,0.1901919544897653,0.0003541423358266,0.000908201512171,19A,"(10.0, 15.0]",0.149219726700001,"(0.1, 0.15]",0.6706119176100033,0.6687879558641447,0.0018239617458585267,0.08366216318673066,0.08352909330934435,0.00013306987738630205,0.16279734984622612,0.16248442797062712,0.00031292187559900375,0.6119663766741801,0.007180754706331037
383,2329.9279661017063,10162.358050847455,2977.584301526645,3003.4239901720784,25.839688645432943,2624.8439941,2639.6677246,14.823730499999783,2.533677941915254,2.522781236989834,0.01089670492542,0.5871587743737758,6,0.7748377994602471,0.7734920433939183,0.0013457560663287,0.0033512666934102,0.1048819880391615,0.1047319226427987,0.0001500653963628,0.0003522170551543,0.1905460968255919,0.1902156008537174,0.0003304959718745,0.0008226271263459,19A,"(10.0, 15.0]",0.1630610354999976,"(0.15, 0.2]",0.6706119176100033,0.6689094055553593,0.001702512054644001,0.08366216318673066,0.0835396255977038,0.00012253758902686096,0.16279734984622612,0.16250532076957286,0.0002920290766532663,0.6119663766741801,0.006668417030896968
384,2330.906779661025,10162.139830508477,2977.5455020982563,3004.167306863635,26.621804765378783,2624.8222656,2640.1022949,15.280029300000024,2.874815649022407,2.865644862438768,0.0091707865836387,0.615798511000692,7,0.7707926826713427,0.7697317275397638,0.001060955131579,0.0028467955503256,0.1050105268837218,0.1048942916078391,0.0001162352758827,0.0002958364839317,0.1895530240754094,0.189292522807962,0.0002605012674474,0.0006987046783463,19A,"(15.0, 20.0]",0.1680803223000002,"(0.15, 0.2]",0.6655026848156889,0.6641667080963833,0.0013359767193055205,0.08376712963724559,0.08367221017297337,9.491946427221676e-05,0.1619199668233751,0.16168986499604812,0.00023010182732696727,0.6123155741683034,0.0056154154525357046
385,2331.8855932203514,10161.921610169493,2977.5062667934626,3006.0847090992984,28.57844230583578,2624.800293,2641.2248535,16.424560500000098,2.874815649022407,2.865644862438768,0.0091707865836387,0.615798511000692,7,0.7707926826713427,0.7697317275397638,0.001060955131579,0.0028467955503256,0.1050105268837218,0.1048942916078391,0.0001162352758827,0.0002958364839317,0.1895530240754094,0.189292522807962,0.0002605012674474,0.0006987046783463,19A,"(15.0, 20.0]",0.1806701655000011,"(0.15, 0.2]",0.6655026848156889,0.6641667080963833,0.0013359767193055205,0.08376712963724559,0.08367221017297337,9.491946427221676e-05,0.1619199668233751,0.16168986499604812,0.00023010182732696727,0.6123155741683034,0.0056154154525357046
386,2332.8644067796704,10161.703389830507,2977.467467365074,3010.2178151003136,32.75034773523976,2624.7785645,2643.6469727,18.868408199999976,3.2177001531365117,3.2092794296222373,0.0084207235142739,0.633481738145531,8,0.7681446316136777,0.7673189481239163,0.0008256834897614,0.0026130380765319,0.1051443748128733,0.1050553341611891,8.904065168423292e-05,0.0002726606810997,0.1889030555768176,0.1887003590767989,0.0002026965000186,0.0006413401117505,19A,"(15.0, 20.0]",0.2075524901999997,"(0.2, 0.25]",0.6621713529332691,0.6611347629948955,0.0010365899383736332,0.08387643803626615,0.0838037212619363,7.271677432985069e-05,0.16134588722507057,0.16116688457942818,0.00017900264564238433,0.6125468969037416,0.005158088058352847
387,2333.8432203389966,10161.485169491523,2980.190766997764,3013.7747850570645,33.58401805930043,2626.3046875,2645.7351074,19.430419899999837,3.2177001531365117,3.208882166697101,0.0088179864394102,0.6631615296038761,8,0.7681446316136777,0.7672536949291566,0.0008909366845212,0.0023718863751756,0.1051443748128733,0.1050486164331147,9.575837975860092e-05,0.0002428543956668,0.1889030555768176,0.1886843473982201,0.0002187081785975,0.0005820510323157,19A,"(15.0, 20.0]",0.2137346188999981,"(0.2, 0.25]",0.6621713529332691,0.6610528854152943,0.0011184675179748416,0.08387643803626615,0.08379823521782218,7.82028184439787e-05,0.16134588722507057,0.1611527451143197,0.00019314211075086019,0.6125468969037416,0.005401430230399992
388,2334.822033898316,10161.266949152545,2975.711894210205,3009.931385303,34.21949109279467,2627.0922852,2646.980957,19.88867180000034,3.5588333908251206,3.549481764553382,0.0093516262717385,0.6679205127112258,9,0.7661406729367477,0.7654708279749584,0.0006698449617892,0.0019665721271162,0.1052372334889529,0.1051657909471112,7.144254184174612e-05,0.0002037249123972,0.1884111590194253,0.1882467450546213,0.0001644139648039,0.0004826221881302,19A,"(15.0, 20.0]",0.2187753898000037,"(0.2, 0.25]",0.6596572797220173,0.6588182583038634,0.0008390214181538402,0.08395227599237222,0.08389392837414722,5.834761822499923e-05,0.16091151265190845,0.16076634225875283,0.0001451703931556192,0.6127214642192251,0.005729942142050587
389,2335.800847457642,10161.04872881356,2978.030815643218,3012.170391009542,34.13957536632415,2628.4213867,2648.2905273,19.869140600000264,3.5588333908251206,3.549767664463041,0.0090657263620794,0.6820712315092375,9,0.7661406729367477,0.7654777585111855,0.000662914425562,0.001798801550528,0.1052372334889529,0.1051671310790022,7.0102409950707e-05,0.0001844392451789,0.1884111590194253,0.1882484604367447,0.0001626985826805,0.0004414051186014,19A,"(15.0, 20.0]",0.2185605466000029,"(0.2, 0.25]",0.6596572797220173,0.6588269358018152,0.0008303439202020924,0.08395227599237222,0.0838950228517914,5.7253140580817985e-05,0.16091151265190845,0.1607678568223818,0.00014365582952666212,0.6127214642192251,0.005554765130784119
390,2336.779661016953,10160.830508474575,2981.674791066344,3016.844137464599,35.16934639825513,2629.012207,2649.5556641,20.54345709999961,3.5588333908251206,3.5495548841600444,0.0092785066650762,0.7076454482085697,9,0.7661406729367477,0.7654727151933343,0.0006679577434132,0.0013994196641931,0.1052372334889529,0.1051670652608775,7.016822807547217e-05,0.0001397335255977,0.1884111590194253,0.1882472337485192,0.000163925270906,0.0003433126242731,19A,"(20.0, 25.0]",0.2259780280999957,"(0.2, 0.25]",0.6596572797220173,0.6588206212212465,0.0008366585007707483,0.08395227599237222,0.08389496909850985,5.730689386236609e-05,0.16091151265190845,0.1607667737415287,0.00014473891037974917,0.6127214642192251,0.005685140189593329
391,2337.75847457628,10160.612288135591,2982.692006434038,3019.4935437310023,36.8015372969644,2629.6027832,2651.1025391,21.49975589999985,3.5588333908251206,3.5495548841600444,0.0092785066650762,0.7076454482085697,9,0.7661406729367477,0.7654727151933343,0.0006679577434132,0.0013994196641931,0.1052372334889529,0.1051670652608775,7.016822807547217e-05,0.0001397335255977,0.1884111590194253,0.1882472337485192,0.000163925270906,0.0003433126242731,19A,"(20.0, 25.0]",0.2364973148999984,"(0.2, 0.25]",0.6596572797220173,0.6588206212212465,0.0008366585007707483,0.08395227599237222,0.08389496909850985,5.730689386236609e-05,0.16091151265190845,0.1607667737415287,0.00014473891037974917,0.6127214642192251,0.005685140189593329
392,2338.737288135606,10160.39406779661,2979.558266436781,3016.3900035199467,36.831737083165535,2629.5878906,2650.9873047,21.39941410000029,3.89811105790194,3.8875476619900655,0.0105633959118738,0.651417891945176,10,0.7644665158210218,0.7638240519971419,0.0006424638238798,0.001558903674475,0.1052881921127716,0.1052170517492159,7.114036355567732e-05,0.0001668271497732,0.1880001487615642,0.1878423997521712,0.000157749009393,0.0003826702216263,19A,"(20.0, 25.0]",0.2353935551000031,"(0.2, 0.25]",0.6575615468576658,0.6567584075908732,0.0008031392667925408,0.08399389540453782,0.08393579323490687,5.8102169630952494e-05,0.16054862453033528,0.16040935942475634,0.000139265105578934,0.6128657495242313,0.0064739435530517375
393,2339.716101694925,10160.175847457627,2979.878359712718,3020.753547247444,40.87518753472568,2629.7731934,2653.5136719,23.740478500000336,4.237902848737978,4.226946255943397,0.0109565927945807,0.6436335487857869,11,0.7630762859761467,0.7624310196630706,0.0006452663130761,0.0017128567652282,0.1053206809294075,0.1052471818715208,7.349905788664205e-05,0.0001894877875487,0.1876588186008886,0.1875003351661616,0.000158483434727,0.0004205920797779,19A,"(20.0, 25.0]",0.2611452635000036,"(0.25, 0.3]",0.6558244017717771,0.6550190902051762,0.0008053115666009081,0.08402043048055158,0.0839604010547299,6.00294258216727e-05,0.16024729895070713,0.16010740266694853,0.00013989628375860041,0.612984968280239,0.006716226686645545
394,2340.694915254251,10159.957627118643,2980.599432722302,3023.402437330677,42.80300460837543,2630.1916504,2655.0456543,24.854003899999952,3.89811105790194,3.8876113243343418,0.0104997335675984,0.6491382771905398,10,0.7644665158210218,0.7638271355922861,0.0006393802287355,0.0016556587971588,0.1052881921127716,0.1052173880378023,7.080407496929952e-05,0.0001777191207757,0.1880001487615642,0.1878431568167965,0.0001569919447677,0.000406435088558,19A,"(20.0, 25.0]",0.2733940428999994,"(0.25, 0.3]",0.6575615468576658,0.6567622609075338,0.0007992859501320115,0.08399389540453782,0.08393606788607245,5.782751846536427e-05,0.16054862453033528,0.1604100277630804,0.00013859676725488934,0.6128657495242313,0.006434927082710925
395,2341.67372881357,10159.73940677966,2981.043887255454,3023.006475758448,41.962588502994095,2630.449707,2654.8166504,24.36694339999985,3.89811105790194,3.8876113243343418,0.0104997335675984,0.6491382771905398,10,0.7644665158210218,0.7638271355922861,0.0006393802287355,0.0016556587971588,0.1052881921127716,0.1052173880378023,7.080407496929952e-05,0.0001777191207757,0.1880001487615642,0.1878431568167965,0.0001569919447677,0.000406435088558,19A,"(20.0, 25.0]",0.2680363773999984,"(0.25, 0.3]",0.6575615468576658,0.6567622609075338,0.0007992859501320115,0.08399389540453782,0.08393606788607245,5.782751846536427e-05,0.16054862453033528,0.1604100277630804,0.00013859676725488934,0.6128657495242313,0.006434927082710925
396,2342.6525423728963,10159.521186440676,2978.5469542569112,3027.8826901456546,49.33573588874333,2630.6711426,2659.2028809,28.531738299999688,4.580070349118062,4.570479410427896,0.0095909386901658,0.6359002427320503,12,0.761959738261619,0.7614068496262175,0.0005528886354013,0.0017497300265901,0.1053495740689764,0.1052855467582294,6.402731074698724e-05,0.000198027120725,0.1873846910827461,0.1872488739605543,0.0001358171221918,0.0004297413601838,19A,"(25.0, 30.0]",0.3138491212999966,"(0.3, 0.35]",0.6544313063223156,0.6537421601479732,0.0006891461743424587,0.08404402913301667,0.08399173484180754,5.2294291209134536e-05,0.16000532650916252,0.15988544953176315,0.00011987697739937464,0.6130808623877808,0.0058800209632751815
397,2343.6313559322152,10159.302966101695,2977.2058463329145,3028.210839434684,51.00499310176929,2629.8930664,2659.3911133,29.49804690000019,4.92634615043763,4.915358014983349,0.0109881354542809,0.6441910050861319,13,0.7611647292979822,0.7606206555122121,0.00054407378577,0.0017675922540427,0.1053868393083485,0.1053223557594753,6.448354887324579e-05,0.0002046762468077,0.1871895498472809,0.1870558642360554,0.0001336856112255,0.0004342261400476,19A,"(25.0, 30.0]",0.3244785159000021,"(0.3, 0.35]",0.653440512253386,0.6527629884799496,0.0006775237734363282,0.0840744662055509,0.08402179840006882,5.266780548207617e-05,0.15983308981634947,0.15971510242023654,0.00011798739611293407,0.613150115725158,0.006737376525396046
398,2344.610169491541,10159.084745762711,2979.228659525088,3033.0012151011897,53.77255557610215,2631.0666504,2662.1367188,31.07006839999985,5.27482970690846,5.260707890240135,0.0141218166683252,0.6197084709801721,14,0.7606055875882883,0.760003508825253,0.0006020787630353,0.0020502377572574,0.1054265726609599,0.1053534370765852,7.313558437462207e-05,0.000243317154318,0.1870523415258553,0.1869043614741957,0.0001479800516594,0.000503789700355,19A,"(30.0, 35.0]",0.3417707523999984,"(0.3, 0.35]",0.6527442309224722,0.6519949969960943,0.0007492339263779346,0.0841069197200318,0.08404718429200612,5.973542802567566e-05,0.1597119934457816,0.1595813969326758,0.00013059651310579068,0.6131996216553871,0.008659492638103752
399,2345.588983050853,10158.86652542373,2980.1083746974523,3035.9202499503726,55.811875252920345,2631.5771484,2663.8078613,32.23071289999962,4.92634615043763,4.9155366333796,0.0108095170580302,0.635422128413768,13,0.7611647292979822,0.7606253771117977,0.0005393521861844,0.0017827305942959,0.1053868393083485,0.1053228537661515,6.398554219699815e-05,0.0002065105446084,0.1871895498472809,0.187057023103456,0.0001325267438249,0.0004379470703338,19A,"(30.0, 35.0]",0.3545378418999958,"(0.35, 0.4]",0.653440512253386,0.6527688663111824,0.0006716459422035914,0.0840744662055509,0.08402220514783373,5.2261057717162274e-05,0.15983308981634947,0.15971612518168243,0.00011696463466703833,0.613150115725158,0.006627856635064286
400,2346.56779661018,10158.648305084746,2979.284250118861,3037.26302184322,57.97877172435847,2632.1391602,2665.4790039,33.339843700000074,5.623274415112043,5.611327351629959,0.0119470634820837,0.5523104917749121,15,0.7601355318226004,0.7596408922749139,0.0004946395476865,0.0017686404019048,0.1054563162213251,0.1053951019861259,6.121423519920289e-05,0.0002139941822112,0.1869369884056634,0.186815393501639,0.0001215949040243,0.0004346753462789,19A,"(30.0, 35.0]",0.3667382807000008,"(0.35, 0.4]",0.652159242240355,0.651544010395318,0.0006152318450370897,0.08413121412672131,0.0840812149696904,4.999915703091107e-05,0.15961019051035677,0.15950288356621523,0.00010730694414154418,0.6132410267748946,0.007326429476697855
401,2347.5466101694983,10158.430084745763,2979.4379888773165,3037.608202065368,58.17021318805155,2632.2280273,2665.6755371,33.44750979999981,5.623274415112043,5.611327351629959,0.0119470634820837,0.5523104917749121,15,0.7601355318226004,0.7596408922749139,0.0004946395476865,0.0017686404019048,0.1054563162213251,0.1053951019861259,6.121423519920289e-05,0.0002139941822112,0.1869369884056634,0.186815393501639,0.0001215949040243,0.0004346753462789,19A,"(30.0, 35.0]",0.3679226077999979,"(0.35, 0.4]",0.652159242240355,0.651544010395318,0.0006152318450370897,0.08413121412672131,0.0840812149696904,4.999915703091107e-05,0.15961019051035677,0.15950288356621523,0.00010730694414154418,0.6132410267748946,0.007326429476697855
402,2348.5254237288245,10158.21186440678,2980.624700328196,3040.198407898972,59.57370757077615,2632.9145508,2667.1501465,34.235595699999976,5.623274415112043,5.611636457285533,0.01163795782651,0.544319882764014,15,0.7601355318226004,0.7596498602069407,0.0004856716156596,0.0017700493816152,0.1054563162213251,0.1053961710393694,6.0145181955717496e-05,0.0002140816966244,0.1869369884056634,0.1868175975516373,0.0001193908540259,0.0004350202250539,19A,"(30.0, 35.0]",0.3765915526999997,"(0.35, 0.4]",0.652159242240355,0.6515551614869861,0.0006040807533689296,0.08413121412672131,0.08408208814950047,4.9125977220843e-05,0.15961019051035677,0.15950482858846154,0.00010536192189522509,0.6132410267748946,0.007136873207091912
403,2349.5042372881435,10157.993644067798,2983.781191525121,3042.2204799858,58.43928846067911,2634.7419434,2668.2998047,33.55786130000024,5.623274415112043,5.611636457285533,0.01163795782651,0.544319882764014,15,0.7601355318226004,0.7596498602069407,0.0004856716156596,0.0017700493816152,0.1054563162213251,0.1053961710393694,6.0145181955717496e-05,0.0002140816966244,0.1869369884056634,0.1868175975516373,0.0001193908540259,0.0004350202250539,19A,"(30.0, 35.0]",0.3691364743000026,"(0.35, 0.4]",0.652159242240355,0.6515551614869861,0.0006040807533689296,0.08413121412672131,0.08408208814950047,4.9125977220843e-05,0.15961019051035677,0.15950482858846154,0.00010536192189522509,0.6132410267748946,0.007136873207091912
404,2350.4830508474697,10157.775423728814,2979.479629700686,3038.056882632178,58.577252931491785,2634.7419434,2668.2998047,33.55786130000024,5.623274415112043,5.612764486924256,0.0105099281877869,0.5177714534082541,15,0.7601355318226004,0.7596960278575118,0.0004395039650883,0.0015590588154735,0.1054563162213251,0.105401740427076,5.457579424906397e-05,0.0001892983114718,0.1869369884056634,0.1868289454701713,0.000108042935492,0.0003831754538143,19A,"(30.0, 35.0]",0.3691364743000026,"(0.35, 0.4]",0.652159242240355,0.6516125700966134,0.0005466721437416,0.08413121412672131,0.08408663711301295,4.457701370835787e-05,0.15961019051035677,0.15951484288386908,9.534762648769068e-05,0.6132410267748946,0.006445119153208846
405,2351.461864406796,10157.55720338983,2984.634752315525,3040.9122590834936,56.27750676796813,2637.7121582,2669.9194336,32.20727540000007,5.27482970690846,5.26416803881603,0.01066166809243,0.5330985095576746,14,0.7606055875882883,0.7601339214582798,0.0004716661300086,0.0017202806790941,0.1054265726609599,0.1053689510318165,5.762162914336415e-05,0.0002052238298999,0.1870523415258553,0.1869364113733155,0.0001159301525397,0.0004227261644025,19A,"(30.0, 35.0]",0.3542800294000007,"(0.35, 0.4]",0.6527442309224722,0.6521572386870831,0.000586992235389161,0.0841069197200318,0.08405985556130535,4.706415872644809e-05,0.1597119934457816,0.1596096812708811,0.00010231217490050404,0.6131996216553871,0.006537730840493389
406,2352.440677966115,10157.338983050848,2990.8529531288004,3043.1155219611533,52.26256883235283,2641.293457,2671.1679688,29.87451179999971,4.92634615043763,4.918095173276775,0.0082509771608547,0.5464957140053459,13,0.7611647292979822,0.7607383612904612,0.0004263680075209,0.0015320880407109,0.1053868393083485,0.105335965900851,5.087340749758525e-05,0.0001788621738971,0.1871895498472809,0.1870847820945599,0.0001047677527211,0.0003763954099316,19A,"(25.0, 30.0]",0.3286196297999968,"(0.3, 0.35]",0.653440512253386,0.6529095280150067,0.0005309842383792729,0.0840744662055509,0.08403291453818051,4.155166737038196e-05,0.15983308981634947,0.15974062407903397,9.246573731550023e-05,0.613150115725158,0.0050590876010236955
407,2353.419491525434,10157.120762711864,2999.2860256134063,3049.3188898510243,50.032864237618014,2646.1467285,2674.6779785,28.53125,4.92634615043763,4.918974651214318,0.0073714992233115,0.5263000145947917,13,0.7611647292979822,0.7607783633200037,0.0003863659779786,0.0014138993632712,0.1053868393083485,0.105340685012607,4.615429574150731e-05,0.0001652062243446,0.1871895498472809,0.1870946119048519,9.493794242905366e-05,0.0003473593849617,19A,"(25.0, 30.0]",0.31384375,"(0.3, 0.35]",0.653440512253386,0.6529593337813644,0.0004811784720215595,0.0840744662055509,0.08403676890779717,3.7697297753727654e-05,0.15983308981634947,0.1597492995074733,8.379030887617489e-05,0.613150115725158,0.004519835601841358
408,2354.398305084753,10156.902542372882,3020.3367403267725,3059.921903587938,39.58516326116524,2658.6132812,2680.9523926,22.339111400000093,3.5588333908251206,3.555814281280514,0.0030191095446068,0.4113860854221692,9,0.7661406729367477,0.7658907798870931,0.0002498930496544,0.0007323453163278,0.1052372334889529,0.1052114527800951,2.5780708857836565e-05,7.621043199856903e-05,0.1884111590194253,0.1883498507046512,6.130831477409633e-05,0.0001797095374029,19A,"(20.0, 25.0]",0.245730225400001,"(0.2, 0.25]",0.6596572797220173,0.6593441954197318,0.00031308430228549344,0.08395227599237222,0.08393122049175039,2.1055500621827705e-05,0.16091151265190845,0.16085737906782524,5.413358408321023e-05,0.6127214642192251,0.0018498732208097166
409,2355.377118644079,10156.684322033898,3037.869605295562,3079.018948872269,41.149343576707,2668.5454102,2691.6191406,23.07373039999993,3.89811105790194,3.8953096641303215,0.0028013937716186,0.3557283744058051,10,0.7644665158210218,0.7642562818702157,0.000210233950806,0.0007230264534445,0.1052881921127716,0.1052648786785879,2.3313434183680483e-05,8.041797280067264e-05,0.1880001487615642,0.187948536494678,5.161226688626952e-05,0.0001775263962834,19A,"(20.0, 25.0]",0.2538110343999992,"(0.25, 0.3]",0.6575615468576658,0.6572986675171095,0.0002628793405562435,0.08399389540453782,0.08397485451573376,1.9040888804056078e-05,0.16054862453033528,0.16050305895112452,4.55655792107601e-05,0.6128657495242313,0.0017168782935555466
410,2356.355932203398,10156.466101694916,3046.406182561388,3099.8381358482343,53.43195328684624,2673.359375,2703.1662598,29.806884799999807,4.92634615043763,4.923915679659245,0.0024304707783846,0.3286774177202106,13,0.7611647292979822,0.7610091467606689,0.0001555825373133,0.0006587071150311,0.1053868393083485,0.1053674329713122,1.9406337036334327e-05,7.90741107407067e-05,0.1871895498472809,0.1871513130919334,3.823675534754011e-05,0.00016185290284,19A,"(25.0, 30.0]",0.3278757327999979,"(0.3, 0.35]",0.653440512253386,0.6532467239574922,0.000193788295893782,0.0840744662055509,0.08405861565735863,1.5850548192267166e-05,0.15983308981634947,0.15979934248496871,3.3747331380756806e-05,0.613150115725158,0.0014902434390331324
411,2357.334745762724,10156.247881355932,3053.4108704886744,3118.973713477292,65.56284298861783,2677.2988281,2713.7023926,36.40356450000036,5.972014965399698,5.970291070051978,0.0017238953477196,0.2704413059688935,16,0.7597376814848974,0.7596425087593459,9.517272555160938e-05,0.0005134770551734,0.1054792866015329,0.1054652229127429,1.4063688789978102e-05,6.50378841834387e-05,0.1868393523694015,0.1868159286373269,2.3423732074687176e-05,0.0001262398689334,19A,"(35.0, 40.0]",0.4004392095000039,"(0.4, 0.45]",0.6516643682960257,0.651546020389102,0.00011834790692366592,0.08414997645381636,0.08413848913588214,1.1487317934225083e-05,0.15952402678578723,0.1595033558107225,2.0670975064723818e-05,0.6132759426975805,0.001057223544484711
412,2358.313559322043,10156.02966101695,3059.4002745935863,3127.567332285724,68.16705769213786,2680.7519531,2718.4934082,37.74145510000017,6.321196093422935,6.319791849139009,0.0014042442839254,0.2507974409770167,17,0.7594144379473303,0.7593387364848473,7.57014624830485e-05,0.0004586612491555,0.1055000595116926,0.1054878552316214,1.220428007119758e-05,5.870146175668278e-05,0.1867600336310134,0.1867413886224958,1.8645008517592e-05,0.0001127767673981,19A,"(35.0, 40.0]",0.4151560061000018,"(0.4, 0.45]",0.6512624671088594,0.6511683667804758,9.410032838352844e-05,0.08416694404362773,0.08415697540573783,9.96863788990665e-06,0.15945403028900126,0.15943757689703406,1.6453391967208297e-05,0.613304437300438,0.000861229250385224
413,2359.2923728813694,10155.811440677966,3063.0928727223454,3132.49051076626,69.39763804391441,2682.8198242,2721.1828613,38.36303709999993,6.670257665159539,6.668957383367131,0.0013002817924085,0.2353770551854865,18,0.7591358237260786,0.7590686739665017,6.714975957707499e-05,0.0004403273428058,0.1055181675069636,0.1055066291122372,1.1538394726469855e-05,5.638950126229947e-05,0.1866916681925715,0.1866751203274077,1.6547865163819688e-05,0.000108272104591,19A,"(35.0, 40.0]",0.4219934080999992,"(0.4, 0.45]",0.6509161786720542,0.6508327355987295,8.344307332475154e-05,0.08418173502545158,0.08417231021405876,9.424811392821919e-06,0.1593937013650563,0.15937909896241806,1.460240263823076e-05,0.6133290107532928,0.0007975005454384238
414,2360.2711864406883,10155.593220338984,3065.2173169733514,3135.60880644099,70.39148946763862,2684.0083008,2722.8837891,38.87548829999969,6.321196093422935,6.320039208124583,0.0011568852983518,0.2344319908274712,17,0.7594144379473303,0.7593466742982612,6.776364906920861e-05,0.0004110837163252,0.1055000595116926,0.1054887492607628,1.1310250929864793e-05,5.284065426325313e-05,0.1867600336310134,0.1867433389250381,1.6694705975297932e-05,0.0001010814268792,19A,"(35.0, 40.0]",0.4276303712999966,"(0.4, 0.45]",0.6512624671088594,0.6511782334443859,8.423366447352088e-05,0.08416694404362773,0.08415770566020062,9.238383427118135e-06,0.15945403028900126,0.15943929794724643,1.4732341754836176e-05,0.613304437300438,0.0007095228869268001
415,2361.250000000008,10155.375,3066.1701324789306,3135.9185323436755,69.7483998647449,2684.5410156,2723.0527344,38.51171880000038,6.321196093422935,6.320039208124583,0.0011568852983518,0.2344319908274712,17,0.7594144379473303,0.7593466742982612,6.776364906920861e-05,0.0004110837163252,0.1055000595116926,0.1054887492607628,1.1310250929864793e-05,5.284065426325313e-05,0.1867600336310134,0.1867433389250381,1.6694705975297932e-05,0.0001010814268792,19A,"(35.0, 40.0]",0.4236289068000041,"(0.4, 0.45]",0.6512624671088594,0.6511782334443859,8.423366447352088e-05,0.08416694404362773,0.08415770566020062,9.238383427118135e-06,0.15945403028900126,0.15943929794724643,1.4732341754836176e-05,0.613304437300438,0.0007095228869268001
416,2362.228813559333,10155.156779661016,3069.423453258754,3136.5655656130093,67.14211235425546,2685.9482422,2723.0527344,37.104492200000095,6.321196093422935,6.320027068318003,0.0011690251049314,0.2353062608174875,17,0.7594144379473303,0.7593463257182643,6.811222906604317e-05,0.0004138655171986,0.1055000595116926,0.1054887107311501,1.1348780542515505e-05,5.317114375869014e-05,0.1867600336310134,0.1867432533002117,1.6780330801703577e-05,0.0001017650140388,19A,"(35.0, 40.0]",0.408149414200001,"(0.4, 0.45]",0.6512624671088594,0.6511778001591793,8.466694968012334e-05,0.08416694404362773,0.08415767418871298,9.269854914756293e-06,0.15945403028900126,0.1594392223873413,1.4807901659974476e-05,0.613304437300438,0.0007169682841700378
417,2363.2076271186525,10154.938559322034,3071.867559376029,3135.4716705485075,63.60411117247895,2687.3149414,2722.4555664,35.140625,5.972014965399698,5.970785002030285,0.001229963369413,0.2423465832701744,16,0.7597376814848974,0.759661863531669,7.581795322852969e-05,0.0004209873191574,0.1054792866015329,0.1054674503917462,1.1836209786730834e-05,5.376686923797003e-05,0.1868393523694015,0.1868206845034153,1.866786598619941e-05,0.0001035068903912,19A,"(35.0, 40.0]",0.386546875,"(0.35, 0.4]",0.6516643682960257,0.6515700870947876,9.428120123811112e-05,0.08414997645381636,0.08414030855121626,9.667902600096756e-06,0.15952402678578723,0.15950755275333878,1.647403244844914e-05,0.6132759426975805,0.0007543069448602499
418,2364.1864406779787,10154.72033898305,3073.3495294482263,3136.5655656130093,63.21603616478296,2688.1425781,2723.0527344,34.91015630000038,5.972014965399698,5.970922297397692,0.0010926680020055,0.2340612063573081,16,0.7597376814848974,0.7596673280717214,7.035341317596089e-05,0.0003913754110955,0.1054792866015329,0.1054680729413762,1.1213660156647598e-05,5.013975823131567e-05,0.1868393523694015,0.186822027164145,1.73252052565534e-05,9.622831232880548e-05,19A,"(30.0, 35.0]",0.3840117193000042,"(0.35, 0.4]",0.6516643682960257,0.651576882080924,8.74862151016842e-05,0.08414997645381636,0.08414081705301184,9.159400804523155e-06,0.15952402678578723,0.15950873762190101,1.528916388621182e-05,0.6132759426975805,0.0006701069989854047
419,2365.1652542372976,10154.502118644068,3075.092264381424,3136.7884420207697,61.69617763934548,2689.1157227,2723.1743164,34.058593700000074,5.972014965399698,5.970922297397692,0.0010926680020055,0.2340612063573081,16,0.7597376814848974,0.7596673280717214,7.035341317596089e-05,0.0003913754110955,0.1054792866015329,0.1054680729413762,1.1213660156647598e-05,5.013975823131567e-05,0.1868393523694015,0.186822027164145,1.73252052565534e-05,9.622831232880548e-05,19A,"(30.0, 35.0]",0.3746445307000008,"(0.35, 0.4]",0.6516643682960257,0.651576882080924,8.74862151016842e-05,0.08414997645381636,0.08414081705301184,9.159400804523155e-06,0.15952402678578723,0.15950873762190101,1.528916388621182e-05,0.6132759426975805,0.0006701069989854047
420,2366.144067796624,10154.283898305084,3073.6704836226218,3135.6682621983955,61.99777857577374,2688.0510254,2722.3835449,34.33251949999976,5.623274415112043,5.62167139579714,0.0016030193149028,0.258611843854689,15,0.7601355318226004,0.7600396850346959,9.584678790445592e-05,0.0004833651670482,0.1054563162213251,0.1054426096687699,1.3706552555133497e-05,6.075597753862905e-05,0.1869369884056634,0.1869134061396428,2.3582266020535e-05,0.0001188231960269,19A,"(30.0, 35.0]",0.3776577144999974,"(0.35, 0.4]",0.652159242240355,0.6520400000124995,0.00011924222785553162,0.08413121412672131,0.08412001863548951,1.1195491231796861e-05,0.15961019051035677,0.1595893789022099,2.081160814687566e-05,0.6132410267748946,0.000983037210610981
421,2367.122881355943,10154.065677966102,3074.475871622704,3135.6682621983955,61.19239057569166,2688.5019531,2722.3835449,33.881591800000024,5.623274415112043,5.62167139579714,0.0016030193149028,0.258611843854689,15,0.7601355318226004,0.7600396850346959,9.584678790445592e-05,0.0004833651670482,0.1054563162213251,0.1054426096687699,1.3706552555133497e-05,6.075597753862905e-05,0.1869369884056634,0.1869134061396428,2.3582266020535e-05,0.0001188231960269,19A,"(30.0, 35.0]",0.3726975098000002,"(0.35, 0.4]",0.652159242240355,0.6520400000124995,0.00011924222785553162,0.08413121412672131,0.08412001863548951,1.1195491231796861e-05,0.15961019051035677,0.1595893789022099,2.081160814687566e-05,0.6132410267748946,0.000983037210610981
422,2368.101694915269,10153.847457627118,3074.324997727896,3135.6682621983955,61.34326447049944,2688.4174805,2722.3835449,33.96606440000005,5.623274415112043,5.62167139579714,0.0016030193149028,0.258611843854689,15,0.7601355318226004,0.7600396850346959,9.584678790445592e-05,0.0004833651670482,0.1054563162213251,0.1054426096687699,1.3706552555133497e-05,6.075597753862905e-05,0.1869369884056634,0.1869134061396428,2.3582266020535e-05,0.0001188231960269,19A,"(30.0, 35.0]",0.3736267084000005,"(0.35, 0.4]",0.652159242240355,0.6520400000124995,0.00011924222785553162,0.08413121412672131,0.08412001863548951,1.1195491231796861e-05,0.15961019051035677,0.1595893789022099,2.081160814687566e-05,0.6132410267748946,0.000983037210610981
423,2369.0805084745807,10153.629237288136,3073.926010089004,3135.6682621983955,61.7422521093913,2688.1940918,2722.3835449,34.18945309999981,5.623274415112043,5.62167139579714,0.0016030193149028,0.258611843854689,15,0.7601355318226004,0.7600396850346959,9.584678790445592e-05,0.0004833651670482,0.1054563162213251,0.1054426096687699,1.3706552555133497e-05,6.075597753862905e-05,0.1869369884056634,0.1869134061396428,2.3582266020535e-05,0.0001188231960269,19A,"(30.0, 35.0]",0.3760839840999979,"(0.35, 0.4]",0.652159242240355,0.6520400000124995,0.00011924222785553162,0.08413121412672131,0.08412001863548951,1.1195491231796861e-05,0.15961019051035677,0.1595893789022099,2.081160814687566e-05,0.6132410267748946,0.000983037210610981
424,2370.059322033907,10153.411016949152,3070.849508998957,3132.926948748426,62.0774397494697,2686.8291016,2721.3649902,34.53588860000036,5.972014965399698,5.970025727507421,0.0019892378922765,0.2838184414013125,16,0.7597376814848974,0.7596323849800606,0.0001052965048369,0.0005618596591356,0.1054792866015329,0.1054640515160609,1.5235085472006804e-05,7.085811533813491e-05,0.1868393523694015,0.1868134409709405,2.5911398461128665e-05,0.0001381304933238,19A,"(30.0, 35.0]",0.379894774600004,"(0.35, 0.4]",0.6516643682960257,0.6515334321881002,0.00013093610792547228,0.08414997645381636,0.08413753233429395,1.2444119522406205e-05,0.15952402678578723,0.15950116050511856,2.286628066866525e-05,0.6132759426975805,0.0012199517436356185
425,2371.038135593226,10153.19279661017,3071.5397929826263,3133.9083714534027,62.36857847077636,2687.2175293,2721.904541,34.68701169999986,5.972014965399698,5.970025727507421,0.0019892378922765,0.2838184414013125,16,0.7597376814848974,0.7596323849800606,0.0001052965048369,0.0005618596591356,0.1054792866015329,0.1054640515160609,1.5235085472006804e-05,7.085811533813491e-05,0.1868393523694015,0.1868134409709405,2.5911398461128665e-05,0.0001381304933238,19A,"(30.0, 35.0]",0.3815571286999984,"(0.35, 0.4]",0.6516643682960257,0.6515334321881002,0.00013093610792547228,0.08414997645381636,0.08413753233429395,1.2444119522406205e-05,0.15952402678578723,0.15950116050511856,2.286628066866525e-05,0.6132759426975805,0.0012199517436356185
426,2372.016949152552,10152.974576271186,3075.28015423117,3137.609490158071,62.32933592690097,2687.6108398,2722.112793,34.50195319999966,5.972014965399698,5.970637894447919,0.0013770709517784,0.2513890775274476,16,0.7597376814848974,0.7596560831000452,8.159838485236742e-05,0.0004506101509442,0.1054792866015329,0.1054667923895616,1.2494211971338098e-05,5.735940601137024e-05,0.1868393523694015,0.186819264256501,2.008811290060697e-05,0.0001107875078055,19A,"(30.0, 35.0]",0.3795214851999963,"(0.35, 0.4]",0.6516643682960257,0.6515628993551278,0.00010146894089790859,0.08414997645381636,0.08413977109174411,1.0205362072246427e-05,0.15952402678578723,0.15950629941729774,1.7727368489484086e-05,0.6132759426975805,0.0008445244861133526
427,2372.9957627118783,10152.756355932202,3076.0724065752056,3138.850883097606,62.77847652240053,2688.0544434,2722.7919922,34.73754880000024,5.623274415112043,5.621855527221848,0.0014188878901952,0.2505315347994583,15,0.7601355318226004,0.7600472115691707,8.832025342964863e-05,0.0004481178927465,0.1054563162213251,0.1054434861937719,1.2830027553256684e-05,5.6486709068881424e-05,0.1869369884056634,0.186915255644366,2.173276129740683e-05,0.0001101604116287,19A,"(30.0, 35.0]",0.3821130368000026,"(0.35, 0.4]",0.652159242240355,0.6520493632245526,0.00010987901580239434,0.08413121412672131,0.08412073457769846,1.0479549022848755e-05,0.15961019051035677,0.159591011104015,1.917940634177384e-05,0.6132410267748946,0.0008701202666617683
428,2373.9745762711973,10152.53813559322,3076.2238447761447,3139.1358295463133,62.9119847701686,2688.5202637,2723.5031738,34.98291009999957,5.623274415112043,5.62103289042284,0.0022415246892029,0.2853993671678876,15,0.7601355318226004,0.7600137087841223,0.0001218230384778,0.0005979311445379,0.1054563162213251,0.1054395761216657,1.6740099659358818e-05,7.453927591916099e-05,0.1869369884056634,0.1869070228583547,2.9965547308630212e-05,0.000146978773219,19A,"(30.0, 35.0]",0.3848120110999953,"(0.35, 0.4]",0.652159242240355,0.6520076854967015,0.00015155674365352478,0.08413121412672131,0.08411754084821582,1.3673278505488273e-05,0.15961019051035677,0.1595837456168831,2.6444893473670517e-05,0.6132410267748946,0.0013745949019480627
429,2374.9533898305235,10152.319915254237,3075.5884778319987,3138.1279039366423,62.53942610464355,2688.1628418,2722.9489746,34.786132799999905,5.972014965399698,5.970009605629697,0.0020053597700009,0.2850859093505848,16,0.7597376814848974,0.7596318017451212,0.0001058797397762,0.0005645678278967,0.1054792866015329,0.1054639870633466,1.5299538186276662e-05,7.116807800133795e-05,0.1868393523694015,0.1868132977090562,2.6054660345421757e-05,0.000138795755577,19A,"(30.0, 35.0]",0.3826474607999989,"(0.35, 0.4]",0.6516643682960257,0.6515327069814455,0.00013166131458020036,0.08414997645381636,0.0841374796890687,1.249676474765482e-05,0.15952402678578723,0.15950103408001975,2.29927057674717e-05,0.6132759426975805,0.001229838903395105
430,2375.9322033898425,10152.101694915254,3076.7390237496284,3139.1358295463133,62.39680579668493,2688.8098145,2723.5031738,34.693359299999884,5.623274415112043,5.62103289042284,0.0022415246892029,0.2853993671678876,15,0.7601355318226004,0.7600137087841223,0.0001218230384778,0.0005979311445379,0.1054563162213251,0.1054395761216657,1.6740099659358818e-05,7.453927591916099e-05,0.1869369884056634,0.1869070228583547,2.9965547308630212e-05,0.000146978773219,19A,"(30.0, 35.0]",0.3816269522999987,"(0.35, 0.4]",0.652159242240355,0.6520076854967015,0.00015155674365352478,0.08413121412672131,0.08411754084821582,1.3673278505488273e-05,0.15961019051035677,0.1595837456168831,2.6444893473670517e-05,0.6132410267748946,0.0013745949019480627
431,2376.9110169491687,10151.88347457627,3078.1690144678028,3139.9741395090628,61.80512504126,2689.6135254,2723.9641113,34.350585899999714,5.623274415112043,5.62103289042284,0.0022415246892029,0.2853993671678876,15,0.7601355318226004,0.7600137087841223,0.0001218230384778,0.0005979311445379,0.1054563162213251,0.1054395761216657,1.6740099659358818e-05,7.453927591916099e-05,0.1869369884056634,0.1869070228583547,2.9965547308630212e-05,0.000146978773219,19A,"(30.0, 35.0]",0.3778564448999968,"(0.35, 0.4]",0.652159242240355,0.6520076854967015,0.00015155674365352478,0.08413121412672131,0.08411754084821582,1.3673278505488273e-05,0.15961019051035677,0.1595837456168831,2.6444893473670517e-05,0.6132410267748946,0.0013745949019480627
432,2377.8898305084804,10151.665254237289,3079.409945693694,3140.065194460288,60.655248766593104,2690.2487793,2724.1281738,33.87939449999976,5.972014965399698,5.9694433978943815,0.0025715675053161,0.3125684025786223,16,0.7597376814848974,0.7596103483503456,0.0001273331345519,0.0006560357627281,0.1054792866015329,0.1054614877021468,1.779889938612056e-05,8.217304015223359e-05,0.1868393523694015,0.1868080257708124,3.132659858921111e-05,0.0001612752697591,19A,"(30.0, 35.0]",0.3726733394999974,"(0.35, 0.4]",0.6516643682960257,0.6515060317248128,0.00015833657121289146,0.08414997645381636,0.08413543820239888,1.4538251417478554e-05,0.15952402678578723,0.1594963817283655,2.764505742172685e-05,0.6132759426975805,0.0015770804860331966
433,2378.8686440678066,10151.447033898305,3079.4898870343054,3139.248353663776,59.75846662947061,2690.2939453,2723.6767578,33.3828125,5.623274415112043,5.6199539160221885,0.0033204990898543,0.3247971274765837,15,0.7601355318226004,0.759970805766077,0.0001647260565231,0.0007716083925765,0.1054563162213251,0.1054345220643231,2.179415700197899e-05,9.535010364536411e-05,0.1869369884056634,0.1868964793604235,4.050904523978568e-05,0.0001896604629861,19A,"(30.0, 35.0]",0.3672109375,"(0.35, 0.4]",0.652159242240355,0.6519543162198569,0.0002049260204981529,0.08413121412672131,0.08411341272505213,1.780140166918187e-05,0.15961019051035677,0.15957444094288323,3.5749567473541966e-05,0.6132410267748946,0.0020362662712673537
434,2379.8474576271256,10151.228813559324,3080.7440668095182,3140.338596783015,59.59452997349672,2691.0019531,2724.2790527,33.27709960000038,5.623274415112043,5.620276429366408,0.002997985745635,0.3136571287677218,15,0.7601355318226004,0.7599835240459262,0.0001520077766742,0.000723764961542,0.1054563162213251,0.1054360257022093,2.029051911585829e-05,8.961164794041299e-05,0.1869369884056634,0.1868996049998129,3.738340585037747e-05,0.0001779026438175,19A,"(30.0, 35.0]",0.3660480956000042,"(0.35, 0.4]",0.652159242240355,0.6519701368613171,0.0001891053790379349,0.08413121412672131,0.08411464088630659,1.6573240414721746e-05,0.15961019051035677,0.15957719932695671,3.2991183400055135e-05,0.6132410267748946,0.001838487856909705
435,2380.826271186452,10151.01059322034,3082.009782132225,3141.2070253287056,59.197243196480485,2691.7160645,2724.7583008,33.04223630000024,5.623274415112043,5.620276429366408,0.002997985745635,0.3136571287677218,15,0.7601355318226004,0.7599835240459262,0.0001520077766742,0.000723764961542,0.1054563162213251,0.1054360257022093,2.029051911585829e-05,8.961164794041299e-05,0.1869369884056634,0.1868996049998129,3.738340585037747e-05,0.0001779026438175,19A,"(30.0, 35.0]",0.3634645993000027,"(0.35, 0.4]",0.652159242240355,0.6519701368613171,0.0001891053790379349,0.08413121412672131,0.08411464088630659,1.6573240414721746e-05,0.15961019051035677,0.15957719932695671,3.2991183400055135e-05,0.6132410267748946,0.001838487856909705
436,2381.8050847457707,10150.792372881357,3083.4879642581604,3141.1256239412264,57.637659683065976,2692.5500488,2724.7133789,32.16333010000017,5.623274415112043,5.620276429366408,0.002997985745635,0.3136571287677218,15,0.7601355318226004,0.7599835240459262,0.0001520077766742,0.000723764961542,0.1054563162213251,0.1054360257022093,2.029051911585829e-05,8.961164794041299e-05,0.1869369884056634,0.1868996049998129,3.738340585037747e-05,0.0001779026438175,19A,"(30.0, 35.0]",0.3537966311000018,"(0.35, 0.4]",0.652159242240355,0.6519701368613171,0.0001891053790379349,0.08413121412672131,0.08411464088630659,1.6573240414721746e-05,0.15961019051035677,0.15957719932695671,3.2991183400055135e-05,0.6132410267748946,0.001838487856909705
437,2382.783898305097,10150.574152542373,3085.987622524049,3141.78447514117,55.79685261712075,2693.4379883,2724.7133789,31.27539059999981,5.27482970690846,5.270725746249728,0.0041039606587318,0.3596473856616766,14,0.7606055875882883,0.760398832841816,0.0002067547464725,0.0008954805178434,0.1054265726609599,0.1054004137298898,2.615893107003688e-05,0.0001085554584997,0.1870523415258553,0.1870015153037292,5.082622212607532e-05,0.0002200661009609,19A,"(30.0, 35.0]",0.3440292965999978,"(0.3, 0.35]",0.6527442309224722,0.6524868826293736,0.00025734829309864704,0.0841069197200318,0.08408555349247905,2.1366227552749306e-05,0.1597119934457816,0.1596671371070048,4.485633877679418e-05,0.6131996216553871,0.002516547123222933
438,2383.762711864416,10150.35593220339,3086.436018313111,3141.001375528194,54.56535721508271,2693.6918945,2724.2790527,30.587158199999976,5.27482970690846,5.270725746249728,0.0041039606587318,0.3596473856616766,14,0.7606055875882883,0.760398832841816,0.0002067547464725,0.0008954805178434,0.1054265726609599,0.1054004137298898,2.615893107003688e-05,0.0001085554584997,0.1870523415258553,0.1870015153037292,5.082622212607532e-05,0.0002200661009609,19A,"(30.0, 35.0]",0.3364587401999997,"(0.3, 0.35]",0.6527442309224722,0.6524868826293736,0.00025734829309864704,0.0841069197200318,0.08408555349247905,2.1366227552749306e-05,0.1597119934457816,0.1596671371070048,4.485633877679418e-05,0.6131996216553871,0.002516547123222933
439,2384.741525423742,10150.137711864409,3087.5251030587265,3140.77995958128,53.25485652255338,2694.3085938,2724.15625,29.847656200000078,5.27482970690846,5.270725746249728,0.0041039606587318,0.3596473856616766,14,0.7606055875882883,0.760398832841816,0.0002067547464725,0.0008954805178434,0.1054265726609599,0.1054004137298898,2.615893107003688e-05,0.0001085554584997,0.1870523415258553,0.1870015153037292,5.082622212607532e-05,0.0002200661009609,19A,"(25.0, 30.0]",0.3283242182000008,"(0.3, 0.35]",0.6527442309224722,0.6524868826293736,0.00025734829309864704,0.0841069197200318,0.08408555349247905,2.1366227552749306e-05,0.1597119934457816,0.1596671371070048,4.485633877679418e-05,0.6131996216553871,0.002516547123222933
440,2385.7203389830684,10149.919491525425,3088.604705472952,3140.5647061826244,51.96000070967239,2694.9194336,2724.0368652,29.117431600000145,4.92634615043763,4.923237324712969,0.0031088257246612,0.3613066989318378,13,0.7611647292979822,0.7609766076256712,0.000188121672311,0.0007862922575335,0.1053868393083485,0.1053637013588491,2.3137949499400043e-05,9.366511162856028e-05,0.1871895498472809,0.1871433193240119,4.623052326905382e-05,0.0001931931843386,19A,"(25.0, 30.0]",0.3202917476000016,"(0.3, 0.35]",0.653440512253386,0.6532061988395458,0.00023431341384017035,0.0840744662055509,0.08405556779759488,1.8898407956019492e-05,0.15983308981634947,0.1597922873337087,4.0802482640767135e-05,0.613150115725158,0.0019061768528453628
441,2386.69915254238,10149.70127118644,3090.4786444235274,3141.1336054001727,50.65496097664527,2695.6428223,2724.15625,28.513427700000197,4.92634615043763,4.922217527233874,0.0041286232037558,0.405417544202837,13,0.7611647292979822,0.7609283172491581,0.0002364120488241,0.0009520736673791,0.1053868393083485,0.1053581246951402,2.871461320830271e-05,0.0001126241641914,0.1871895498472809,0.1871314552530427,5.809459423821418e-05,0.0002339165297589,19A,"(25.0, 30.0]",0.3136477047000021,"(0.3, 0.35]",0.653440512253386,0.6531460595800216,0.00029445267336436487,0.0840744662055509,0.08405101296953106,2.345323601983529e-05,0.15983308981634947,0.15978181636216976,5.1273454179712186e-05,0.613150115725158,0.002531465795168441
442,2387.6779661017063,10149.483050847455,3090.97272428436,3141.052129759133,50.079405474773466,2695.923584,2724.1108398,28.187255800000003,4.92634615043763,4.922217527233874,0.0041286232037558,0.405417544202837,13,0.7611647292979822,0.7609283172491581,0.0002364120488241,0.0009520736673791,0.1053868393083485,0.1053581246951402,2.871461320830271e-05,0.0001126241641914,0.1871895498472809,0.1871314552530427,5.809459423821418e-05,0.0002339165297589,19A,"(25.0, 30.0]",0.3100598138,"(0.3, 0.35]",0.653440512253386,0.6531460595800216,0.00029445267336436487,0.0840744662055509,0.08405101296953106,2.345323601983529e-05,0.15983308981634947,0.15978181636216976,5.1273454179712186e-05,0.613150115725158,0.002531465795168441
443,2388.656779661025,10149.264830508477,3092.231886190699,3141.731092836391,49.49920664569208,2696.638916,2724.4892578,27.850341800000024,4.580070349118062,4.576628015261802,0.0034423338562596,0.3923700992847558,12,0.761959738261619,0.7617283982632369,0.000231339998382,0.0009006282161134,0.1053495740689764,0.1053222659458335,2.73081231429347e-05,0.0001045505301701,0.1873846910827461,0.187327860226976,5.683085577012914e-05,0.000221232168191,19A,"(25.0, 30.0]",0.3063537598000003,"(0.3, 0.35]",0.6544313063223156,0.6541428984010748,0.0002884079212408519,0.08404402913301667,0.08402172504464016,2.2304088376515208e-05,0.16000532650916252,0.15995516488110453,5.016162805798752e-05,0.6130808623877808,0.0021104290092222905
444,2389.6355932203514,10149.046610169493,3092.722080740897,3142.255523425125,49.53344268422779,2697.1523438,2724.951416,27.799072199999955,4.580070349118062,4.577049890593421,0.0030204585246407,0.3718746505438212,12,0.761959738261619,0.7617516924888212,0.0002080457727978,0.0008224741305301,0.1053495740689764,0.1053249131385726,2.466093040379147e-05,9.580485139737416e-05,0.1873846910827461,0.187333582070355,5.110901239107254e-05,0.0002020380247332,19A,"(25.0, 30.0]",0.3057897941999995,"(0.3, 0.35]",0.6544313063223156,0.6541719353627209,0.000259370959594718,0.08404402913301667,0.08402388714458937,2.014198842729964e-05,0.16000532650916252,0.15996021520698675,4.511130217577097e-05,0.6130808623877808,0.0018517853170932443
445,2390.6144067796704,10148.828389830507,3094.758861312364,3144.004201229169,49.24533991680528,2697.7111816,2725.4716797,27.76049809999995,4.92634615043763,4.921921884872474,0.0044242655651558,0.4170759369635768,13,0.7611647292979822,0.7609145885244116,0.0002501407735705,0.000998878817127,0.1053868393083485,0.1053565344725591,3.0304835789474183e-05,0.0001179638571777,0.1871895498472809,0.1871280822569451,6.146759033582177e-05,0.0002454138154855,19A,"(25.0, 30.0]",0.3053654790999994,"(0.3, 0.35]",0.653440512253386,0.6531289629023361,0.0003115493510498224,0.0840744662055509,0.08404971413225422,2.475207329667717e-05,0.15983308981634947,0.15977883943717733,5.4250379172143814e-05,0.613150115725158,0.00271273894327411
446,2391.5932203389966,10148.610169491523,3095.59867323084,3145.36527813727,49.76660490643008,2698.1889648,2726.2312012,28.042236400000093,4.92634615043763,4.921921884872474,0.0044242655651558,0.4170759369635768,13,0.7611647292979822,0.7609145885244116,0.0002501407735705,0.000998878817127,0.1053868393083485,0.1053565344725591,3.0304835789474183e-05,0.0001179638571777,0.1871895498472809,0.1871280822569451,6.146759033582177e-05,0.0002454138154855,19A,"(25.0, 30.0]",0.308464600400001,"(0.3, 0.35]",0.653440512253386,0.6531289629023361,0.0003115493510498224,0.0840744662055509,0.08404971413225422,2.475207329667717e-05,0.15983308981634947,0.15977883943717733,5.4250379172143814e-05,0.613150115725158,0.00271273894327411
447,2392.572033898316,10148.391949152545,3095.476370660788,3145.7905326525843,50.31416199179648,2698.1193848,2726.4685059,28.349121100000048,4.92634615043763,4.921921884872474,0.0044242655651558,0.4170759369635768,13,0.7611647292979822,0.7609145885244116,0.0002501407735705,0.000998878817127,0.1053868393083485,0.1053565344725591,3.0304835789474183e-05,0.0001179638571777,0.1871895498472809,0.1871280822569451,6.146759033582177e-05,0.0002454138154855,19A,"(25.0, 30.0]",0.3118403321000005,"(0.3, 0.35]",0.653440512253386,0.6531289629023361,0.0003115493510498224,0.0840744662055509,0.08404971413225422,2.475207329667717e-05,0.15983308981634947,0.15977883943717733,5.4250379172143814e-05,0.613150115725158,0.00271273894327411
448,2393.550847457642,10148.17372881356,3096.5245681271285,3145.95240930685,49.42784117972133,2698.715332,2726.5588379,27.84350589999985,4.580070349118062,4.576387389127493,0.0036829599905683,0.4037543193521697,12,0.761959738261619,0.7617151692568496,0.0002445690047693,0.0009440393283205,0.1053495740689764,0.1053207618215071,2.881224746931199e-05,0.0001093858341727,0.1873846910827461,0.1873246107230816,6.008035966449202e-05,0.0002318932738247,19A,"(25.0, 30.0]",0.3062785648999984,"(0.3, 0.35]",0.6544313063223156,0.6541264083987142,0.00030489792360144374,0.08404402913301667,0.08402049654924958,2.3532583767096882e-05,0.16000532650916252,0.15995229674472558,5.302976443694041e-05,0.6130808623877808,0.0022579522871573063
449,2394.529661016953,10147.955508474575,3098.4147122036547,3147.5341121796696,49.11939997601485,2699.3032227,2727.1164551,27.813232400000288,4.580070349118062,4.575219590287195,0.0048507588308668,0.455090105698057,12,0.761959738261619,0.7616518407642209,0.000307897497398,0.0011470125473874,0.1053495740689764,0.1053135344666562,3.603960232023695e-05,0.0001320068247652,0.1873846910827461,0.1873090544815261,7.563660122006377e-05,0.0002817410766509,19A,"(25.0, 30.0]",0.3059455564000031,"(0.3, 0.35]",0.6544313063223156,0.6540474727950659,0.00038383352724968844,0.08404402913301667,0.08401459360995117,2.94355230655019e-05,0.16000532650916252,0.159938566257578,6.676025158453003e-05,0.6130808623877808,0.0029739074072629612
450,2395.50847457628,10147.737288135591,3099.822785951957,3149.042106685205,49.21932073324797,2700.1079102,2727.9619141,27.854003899999952,4.92634615043763,4.920919667564572,0.0054264828730579,0.4566459251288746,13,0.7611647292979822,0.76086782363681,0.0002969056611722,0.0011512885747889,0.1053868393083485,0.1053511140694206,3.572523892793654e-05,0.0001352724756266,0.1871895498472809,0.1871165925974704,7.295724981058418e-05,0.0002828506766968,19A,"(25.0, 30.0]",0.3063940428999995,"(0.3, 0.35]",0.653440512253386,0.653070727664173,0.00036978458921299584,0.0840744662055509,0.08404528694666495,2.9179258885944637e-05,0.15983308981634947,0.15976869896797613,6.43908483733413e-05,0.613150115725158,0.003327248601596039
451,2396.487288135606,10147.51906779661,3099.822785951957,3149.042106685205,49.21932073324797,2700.1079102,2727.9619141,27.854003899999952,4.92634615043763,4.920919667564572,0.0054264828730579,0.4566459251288746,13,0.7611647292979822,0.76086782363681,0.0002969056611722,0.0011512885747889,0.1053868393083485,0.1053511140694206,3.572523892793654e-05,0.0001352724756266,0.1871895498472809,0.1871165925974704,7.295724981058418e-05,0.0002828506766968,19A,"(25.0, 30.0]",0.3063940428999995,"(0.3, 0.35]",0.653440512253386,0.653070727664173,0.00036978458921299584,0.0840744662055509,0.08404528694666495,2.9179258885944637e-05,0.15983308981634947,0.15976869896797613,6.43908483733413e-05,0.613150115725158,0.003327248601596039
452,2397.466101694925,10147.300847457627,3099.92446105984,3149.22944491383,49.30498385399005,2700.1660156,2728.0668945,27.900878900000407,4.92634615043763,4.920919667564572,0.0054264828730579,0.4566459251288746,13,0.7611647292979822,0.76086782363681,0.0002969056611722,0.0011512885747889,0.1053868393083485,0.1053511140694206,3.572523892793654e-05,0.0001352724756266,0.1871895498472809,0.1871165925974704,7.295724981058418e-05,0.0002828506766968,19A,"(25.0, 30.0]",0.3069096679000045,"(0.3, 0.35]",0.653440512253386,0.653070727664173,0.00036978458921299584,0.0840744662055509,0.08404528694666495,2.9179258885944637e-05,0.15983308981634947,0.15976869896797613,6.43908483733413e-05,0.613150115725158,0.003327248601596039
453,2398.444915254251,10147.082627118643,3106.996527692961,3155.2092753309066,48.21274763794554,2701.2416992,2728.6296387,27.38793950000036,4.580070349118062,4.574487244745347,0.0055831043727145,0.4842434584378636,12,0.761959738261619,0.761612626715641,0.0003471115459781,0.0012730041970249,0.1053495740689764,0.1053090392111191,4.053485785731245e-05,0.0001460294029258,0.1873846910827461,0.1872994213623749,8.526972037124307e-05,0.0003126830812696,19A,"(25.0, 30.0]",0.3012673345000039,"(0.3, 0.35]",0.6544313063223156,0.6539985975363568,0.0004327087859588019,0.08404402913301667,0.08401092212144691,3.310701156976348e-05,0.16000532650916252,0.159930063765561,7.526274360153407e-05,0.6130808623877808,0.003422894443624796
454,2399.42372881357,10146.86440677966,3109.24031366851,3156.1452523464222,46.904938677912014,2702.5273438,2729.1564941,26.62915030000022,4.580070349118062,4.574819793185792,0.0052505559322701,0.4708260822298389,12,0.761959738261619,0.7616304633538994,0.0003292749077196,0.0012219953565394,0.1053495740689764,0.1053110819882829,3.8492080693490006e-05,0.0001403807298012,0.1873846910827461,0.1873038029639739,8.088811877226172e-05,0.0003001564899426,19A,"(25.0, 30.0]",0.2929206533000024,"(0.25, 0.3]",0.6544313063223156,0.6540208283259524,0.00041047799636317883,0.08404402913301667,0.0840125905535647,3.1438579451967263e-05,0.16000532650916252,0.15993393110041432,7.139540874820383e-05,0.6130808623877808,0.0032190153589714316
455,2400.4025423728963,10146.646186440676,3112.176542075354,3157.143711236748,44.96716916139394,2704.2084961,2729.7177734,25.50927730000012,4.237902848737978,4.232639091175583,0.0052637575623943,0.4522605963441194,11,0.7630762859761467,0.7627329715905119,0.0003433143856348,0.0011993047420931,0.1053206809294075,0.1052813213262382,3.9359603169243264e-05,0.000135377037562,0.1876588186008886,0.1875744981744829,8.432042640566466e-05,0.0002945313794977,19A,"(25.0, 30.0]",0.2806020503000013,"(0.25, 0.3]",0.6558244017717771,0.6553958584637166,0.000428543308060525,0.08402043048055158,0.08398828377445344,3.214670609813508e-05,0.16024729895070713,0.16017286674506084,7.443220564629094e-05,0.612984968280239,0.003226604262419138
456,2401.3813559322152,10146.427966101695,3113.481854264402,3157.2396918818085,43.757837617406494,2704.954834,2729.7717285,24.81689449999976,4.237902848737978,4.232639091175583,0.0052637575623943,0.4522605963441194,11,0.7630762859761467,0.7627329715905119,0.0003433143856348,0.0011993047420931,0.1053206809294075,0.1052813213262382,3.9359603169243264e-05,0.000135377037562,0.1876588186008886,0.1875744981744829,8.432042640566466e-05,0.0002945313794977,19A,"(20.0, 25.0]",0.2729858394999974,"(0.25, 0.3]",0.6558244017717771,0.6553958584637166,0.000428543308060525,0.08402043048055158,0.08398828377445344,3.214670609813508e-05,0.16024729895070713,0.16017286674506084,7.443220564629094e-05,0.612984968280239,0.003226604262419138
457,2402.360169491534,10146.209745762711,3122.410704888408,3163.990504044665,41.5797991562572,2706.6826172,2730.329834,23.647216800000024,3.89811105790194,3.89238110060542,0.0057299572965199,0.4813462932440321,10,0.7644665158210218,0.764088770435649,0.0003777453853727,0.0012281925757852,0.1052881921127716,0.1052463098551869,4.188225758470221e-05,0.000134516705972,0.1880001487615642,0.1879074021807807,9.274658078352038e-05,0.0003015431195442,19A,"(20.0, 25.0]",0.2601193848000002,"(0.25, 0.3]",0.6575615468576658,0.6570892559479076,0.00047229090975819954,0.08399389540453782,0.08395968885839268,3.420654614513796e-05,0.16054862453033528,0.16046674437531544,8.18801550198367e-05,0.6128657495242313,0.0035116945732735065
458,2403.338983050853,10145.99152542373,3124.526290154477,3165.069558345942,40.54326819146445,2707.8952637,2730.9379883,23.04272459999993,3.89811105790194,3.892723946225696,0.005387111676244,0.4678173258278576,10,0.7644665158210218,0.7641079896564094,0.0003585261646123,0.0011766369438923,0.1052881921127716,0.1052484437789313,3.974833384031706e-05,0.0001290563840833,0.1880001487615642,0.187912121750164,8.802701140023795e-05,0.0002888873918434,19A,"(20.0, 25.0]",0.2534699705999992,"(0.25, 0.3]",0.6575615468576658,0.6571132804146947,0.0004482664429710237,0.08399389540453782,0.08396143168481593,3.246371972188966e-05,0.16054862453033528,0.16047091092196775,7.771360836753005e-05,0.6128657495242313,0.0033015762352320175
459,2404.31779661018,10145.773305084746,3125.491287140329,3165.740565460618,40.24927832028925,2708.4477539,2731.3161621,22.868408199999976,3.89811105790194,3.892723946225696,0.005387111676244,0.4678173258278576,10,0.7644665158210218,0.7641079896564094,0.0003585261646123,0.0011766369438923,0.1052881921127716,0.1052484437789313,3.974833384031706e-05,0.0001290563840833,0.1880001487615642,0.187912121750164,8.802701140023795e-05,0.0002888873918434,19A,"(20.0, 25.0]",0.2515524901999997,"(0.25, 0.3]",0.6575615468576658,0.6571132804146947,0.0004482664429710237,0.08399389540453782,0.08396143168481593,3.246371972188966e-05,0.16054862453033528,0.16047091092196775,7.771360836753005e-05,0.6128657495242313,0.0033015762352320175
460,2405.2966101694983,10145.555084745763,3126.1053374037338,3166.4921454951505,40.3868080914167,2708.7993164,2731.7397461,22.94042970000009,3.89811105790194,3.892723946225696,0.005387111676244,0.4678173258278576,10,0.7644665158210218,0.7641079896564094,0.0003585261646123,0.0011766369438923,0.1052881921127716,0.1052484437789313,3.974833384031706e-05,0.0001290563840833,0.1880001487615642,0.187912121750164,8.802701140023795e-05,0.0002888873918434,19A,"(20.0, 25.0]",0.252344726700001,"(0.25, 0.3]",0.6575615468576658,0.6571132804146947,0.0004482664429710237,0.08399389540453782,0.08396143168481593,3.246371972188966e-05,0.16054862453033528,0.16047091092196775,7.771360836753005e-05,0.6128657495242313,0.0033015762352320175
461,2406.2754237288245,10145.33686440678,3131.36131408375,3172.449433204665,41.08811912091505,2709.0012207,2732.3818359,23.380615200000197,4.237902848737978,4.231784790467216,0.0061180582707613,0.4827744028599705,11,0.7630762859761467,0.7626857654479511,0.0003905205281957,0.0013458164982393,0.1053206809294075,0.1052759403312711,4.474059813635628e-05,0.0001514441086093,0.1876588186008886,0.1875629026582628,9.591594262581272e-05,0.0003305079640142,19A,"(20.0, 25.0]",0.2571867672000021,"(0.25, 0.3]",0.6558244017717771,0.6553369468895356,0.00048745488224155586,0.08402043048055158,0.08398388892541153,3.654155514004609e-05,0.16024729895070713,0.16016263120665952,8.466774404761179e-05,0.612984968280239,0.0037502777550392687
462,2407.2542372881435,10145.118644067798,3130.4788809062607,3172.215958668387,41.73707776212632,2709.0437012,2732.824707,23.781005800000003,4.237902848737978,4.231525071251102,0.0063777774868754,0.4921799008206524,11,0.7630762859761467,0.7626714017438144,0.0004048842323321,0.0013880136948123,0.1053206809294075,0.1052743038823599,4.637704704751384e-05,0.000156047536331,0.1876588186008886,0.1875593744426036,9.944415828493977e-05,0.0003408692368875,19A,"(20.0, 25.0]",0.2615910638,"(0.25, 0.3]",0.6558244017717771,0.6553190221561048,0.0005053796156723189,0.08402043048055158,0.08398255238178622,3.787809876536208e-05,0.16024729895070713,0.16015951680554313,8.77821451640004e-05,0.612984968280239,0.003909481730490739
463,2408.2330508474697,10144.900423728814,3130.342898755229,3172.632350467084,42.28945171185524,2708.9655762,2733.0598145,24.094238299999688,4.237902848737978,4.231525071251102,0.0063777774868754,0.4921799008206524,11,0.7630762859761467,0.7626714017438144,0.0004048842323321,0.0013880136948123,0.1053206809294075,0.1052743038823599,4.637704704751384e-05,0.000156047536331,0.1876588186008886,0.1875593744426036,9.944415828493977e-05,0.0003408692368875,19A,"(20.0, 25.0]",0.2650366212999965,"(0.25, 0.3]",0.6558244017717771,0.6553190221561048,0.0005053796156723189,0.08402043048055158,0.08398255238178622,3.787809876536208e-05,0.16024729895070713,0.16015951680554313,8.77821451640004e-05,0.612984968280239,0.003909481730490739
464,2409.211864406796,10144.68220338983,3130.0994056779627,3173.0357704190683,42.936364741105535,2708.8256836,2733.2875977,24.46191409999983,4.237902848737978,4.231525071251102,0.0063777774868754,0.4921799008206524,11,0.7630762859761467,0.7626714017438144,0.0004048842323321,0.0013880136948123,0.1053206809294075,0.1052743038823599,4.637704704751384e-05,0.000156047536331,0.1876588186008886,0.1875593744426036,9.944415828493977e-05,0.0003408692368875,19A,"(20.0, 25.0]",0.2690810550999981,"(0.25, 0.3]",0.6558244017717771,0.6553190221561048,0.0005053796156723189,0.08402043048055158,0.08398255238178622,3.787809876536208e-05,0.16024729895070713,0.16015951680554313,8.77821451640004e-05,0.612984968280239,0.003909481730490739
465,2410.190677966108,10144.463983050848,3136.9990875784083,3180.9434848695173,43.944397291109,2709.0722656,2734.130127,25.057861400000093,4.237902848737978,4.231388542869682,0.0065143058682961,0.4980019857236061,11,0.7630762859761467,0.7626637035895147,0.0004125823866318,0.0014121564910841,0.1053206809294075,0.1052734373066604,4.724362274710625e-05,0.0001586474241533,0.1876588186008886,0.1875574837449965,0.000101334855892,0.0003467967076723,19A,"(25.0, 30.0]",0.275636475400001,"(0.25, 0.3]",0.6558244017717771,0.6553094156119367,0.0005149861598404692,0.08402043048055158,0.08398184462026444,3.858586028714084e-05,0.16024729895070713,0.16015784786419446,8.94510865126763e-05,0.612984968280239,0.0039931715760452595
466,2411.169491525434,10144.245762711864,3136.897588605197,3181.660409628118,44.76282102292089,2709.013916,2734.5351562,25.521240200000197,4.237902848737978,4.231388542869682,0.0065143058682961,0.4980019857236061,11,0.7630762859761467,0.7626637035895147,0.0004125823866318,0.0014121564910841,0.1053206809294075,0.1052734373066604,4.724362274710625e-05,0.0001586474241533,0.1876588186008886,0.1875574837449965,0.000101334855892,0.0003467967076723,19A,"(25.0, 30.0]",0.2807336422000021,"(0.25, 0.3]",0.6558244017717771,0.6553094156119367,0.0005149861598404692,0.08402043048055158,0.08398184462026444,3.858586028714084e-05,0.16024729895070713,0.16015784786419446,8.94510865126763e-05,0.612984968280239,0.0039931715760452595
467,2412.148305084753,10144.027542372882,3136.8988626130395,3181.9270418058145,45.02817919277504,2709.0146484,2734.685791,25.671142599999712,4.237902848737978,4.231388542869682,0.0065143058682961,0.4980019857236061,11,0.7630762859761467,0.7626637035895147,0.0004125823866318,0.0014121564910841,0.1053206809294075,0.1052734373066604,4.724362274710625e-05,0.0001586474241533,0.1876588186008886,0.1875574837449965,0.000101334855892,0.0003467967076723,19A,"(25.0, 30.0]",0.2823825685999968,"(0.25, 0.3]",0.6558244017717771,0.6553094156119367,0.0005149861598404692,0.08402043048055158,0.08398184462026444,3.858586028714084e-05,0.16024729895070713,0.16015784786419446,8.94510865126763e-05,0.612984968280239,0.0039931715760452595
468,2413.127118644079,10143.809322033898,3136.9744561223133,3182.3501096714767,45.37565354916342,2709.0581055,2734.9248047,25.866699200000312,4.237902848737978,4.231388542869682,0.0065143058682961,0.4980019857236061,11,0.7630762859761467,0.7626637035895147,0.0004125823866318,0.0014121564910841,0.1053206809294075,0.1052734373066604,4.724362274710625e-05,0.0001586474241533,0.1876588186008886,0.1875574837449965,0.000101334855892,0.0003467967076723,19A,"(25.0, 30.0]",0.2845336912000034,"(0.25, 0.3]",0.6558244017717771,0.6553094156119367,0.0005149861598404692,0.08402043048055158,0.08398184462026444,3.858586028714084e-05,0.16024729895070713,0.16015784786419446,8.94510865126763e-05,0.612984968280239,0.0039931715760452595
469,2414.105932203398,10143.591101694916,3142.5649884303816,3188.0612754909102,45.49628706052863,2709.1538086,2735.1162109,25.96240230000012,4.580070349118062,4.573616313495808,0.0064540356222533,0.5192114110673319,12,0.761959738261619,0.7615663056908448,0.0003934325707741,0.0014282761649299,0.1053495740689764,0.1053037380197368,4.583604923956893e-05,0.000163216891033,0.1873846910827461,0.1872880425744436,9.664850830254368e-05,0.0003508144550402,19A,"(25.0, 30.0]",0.2855864253000013,"(0.25, 0.3]",0.6544313063223156,0.6539408672744589,0.0004904390478567278,0.08404402913301667,0.08400659239648305,3.743673653362756e-05,0.16000532650916252,0.15992002052966653,8.530597949599206e-05,0.6130808623877808,0.003956845725172511
470,2415.084745762724,10143.372881355932,3143.957134807042,3188.820953981922,44.86381917487961,2709.9555664,2735.5454102,25.58984379999993,4.580070349118062,4.573616313495808,0.0064540356222533,0.5192114110673319,12,0.761959738261619,0.7615663056908448,0.0003934325707741,0.0014282761649299,0.1053495740689764,0.1053037380197368,4.583604923956893e-05,0.000163216891033,0.1873846910827461,0.1872880425744436,9.664850830254368e-05,0.0003508144550402,19A,"(25.0, 30.0]",0.2814882817999992,"(0.25, 0.3]",0.6544313063223156,0.6539408672744589,0.0004904390478567278,0.08404402913301667,0.08400659239648305,3.743673653362756e-05,0.16000532650916252,0.15992002052966653,8.530597949599206e-05,0.6130808623877808,0.003956845725172511
471,2416.063559322043,10143.15466101695,3144.4398156048937,3188.820953981922,44.38113837702804,2710.2331543,2735.5454102,25.31225589999985,4.237902848737978,4.231357837623373,0.0065450111146043,0.4984586792078518,11,0.7630762859761467,0.7626620993206984,0.0004141866554482,0.0014180181903316,0.1053206809294075,0.1052732486797751,4.743224963237919e-05,0.0001593091336695,0.1876588186008886,0.1875570895469518,0.0001017290539367,0.000348236456787,19A,"(25.0, 30.0]",0.2784348148999984,"(0.25, 0.3]",0.6558244017717771,0.6553074136522963,0.0005169881194808656,0.08402043048055158,0.08398169056237934,3.873991817224254e-05,0.16024729895070713,0.1601574999010175,8.979904968964281e-05,0.612984968280239,0.004011993430479528
472,2417.0423728813694,10142.936440677966,3144.988373323988,3188.305859088159,43.31748576417112,2710.548584,2735.2543945,24.705810500000094,4.237902848737978,4.231357837623373,0.0065450111146043,0.4984586792078518,11,0.7630762859761467,0.7626620993206984,0.0004141866554482,0.0014180181903316,0.1053206809294075,0.1052732486797751,4.743224963237919e-05,0.0001593091336695,0.1876588186008886,0.1875570895469518,0.0001017290539367,0.000348236456787,19A,"(20.0, 25.0]",0.271763915500001,"(0.25, 0.3]",0.6558244017717771,0.6553074136522963,0.0005169881194808656,0.08402043048055158,0.08398169056237934,3.873991817224254e-05,0.16024729895070713,0.1601574999010175,8.979904968964281e-05,0.612984968280239,0.004011993430479528
473,2418.021186440681,10142.718220338984,3151.9223780023503,3194.234377378728,42.31199937637757,2710.6845703,2734.9414062,24.25683590000017,4.237902848737978,4.229703231658876,0.0081996170791018,0.549253623773065,11,0.7630762859761467,0.762573159548024,0.0005031264281227,0.0016746977564205,0.1053206809294075,0.1052630571139834,5.762381542407834e-05,0.0001874577787529,0.1876588186008886,0.1875352416295043,0.0001235769713843,0.0004112659259333,19A,"(20.0, 25.0]",0.2668251949000018,"(0.25, 0.3]",0.6558244017717771,0.6551964320809036,0.000627969690873531,0.08402043048055158,0.08397336678931192,4.70636912396627e-05,0.16024729895070713,0.16013821456852206,0.00010908438218507066,0.612984968280239,0.0050262420151433234
474,2419.000000000008,10142.5,3152.605770540003,3194.234377378728,41.62860683872486,2711.0791016,2734.9414062,23.862304600000243,3.89811105790194,3.8905831154636528,0.0075279424382874,0.5443551539102266,10,0.7644665158210218,0.7639894863596027,0.0004770294614189,0.001512192136613,0.1052881921127716,0.1052351875979212,5.30045148504521e-05,0.000164871805554,0.1880001487615642,0.1878830191489344,0.0001171296126297,0.000371264797335,19A,"(20.0, 25.0]",0.2624853506000026,"(0.25, 0.3]",0.6575615468576658,0.6569651573050908,0.0005963895525750162,0.08399389540453782,0.08395060507280039,4.3290331737430576e-05,0.16054862453033528,0.16044521857501565,0.00010340595531962982,0.6128657495242313,0.004613618084816277
475,2419.978813559333,10142.281779661016,3152.824852781064,3193.005313820721,40.18046103965662,2711.2055664,2734.2426758,23.03710940000019,3.89811105790194,3.8905831154636528,0.0075279424382874,0.5443551539102266,10,0.7644665158210218,0.7639894863596027,0.0004770294614189,0.001512192136613,0.1052881921127716,0.1052351875979212,5.30045148504521e-05,0.000164871805554,0.1880001487615642,0.1878830191489344,0.0001171296126297,0.000371264797335,19A,"(20.0, 25.0]",0.2534082034000021,"(0.25, 0.3]",0.6575615468576658,0.6569651573050908,0.0005963895525750162,0.08399389540453782,0.08395060507280039,4.3290331737430576e-05,0.16054862453033528,0.16044521857501565,0.00010340595531962982,0.6128657495242313,0.004613618084816277
476,2420.9576271186525,10142.063559322034,3153.375096287411,3191.953256700726,38.57816041331489,2711.5231934,2733.6445312,22.12133780000022,3.5588333908251206,3.5529951830664093,0.0058382077587113,0.5559336688884536,9,0.7661406729367477,0.7657107607805375,0.00042991215621,0.0011945462306024,0.1052372334889529,0.1051923807580126,4.4852730940323246e-05,0.000123008237249,0.1884111590194253,0.1883056649454976,0.0001054940739277,0.0002931236649296,19A,"(20.0, 25.0]",0.2433347158000024,"(0.2, 0.25]",0.6596572797220173,0.6591187119194639,0.0005385678025533469,0.08395227599237222,0.08391564423651061,3.663175586160472e-05,0.16091151265190845,0.1608183649775113,9.314767439713711e-05,0.6127214642192251,0.0035771952063336286
477,2421.9364406779787,10141.84533898305,3160.142026723376,3196.6260556496995,36.48402892632339,2711.7866211,2732.829834,21.04321290000007,3.5588333908251206,3.5521430514845487,0.0066903393405719,0.5985208938928248,9,0.7661406729367477,0.7656551266161976,0.00048554632055,0.0012646598654699,0.1052372334889529,0.1051865573888226,5.067610013038188e-05,0.0001292266501391,0.1884111590194253,0.1882920110874971,0.0001191479319282,0.0003103100936742,19A,"(20.0, 25.0]",0.2314753419000008,"(0.2, 0.25]",0.6596572797220173,0.6590490369280096,0.0006082427940076185,0.08395227599237222,0.08391088827649631,4.138771587590406e-05,0.16091151265190845,0.160806309344237,0.00010520330767144204,0.6127214642192251,0.004099314516878699
478,2422.9152542372976,10141.627118644068,3161.148024926088,3195.550071714669,34.402046788581174,2712.369873,2732.2133789,19.84350589999985,3.2177001531365117,3.21199336772865,0.0057067854078614,0.6051544631132877,8,0.7681446316136777,0.7675853481608622,0.0005592834528155,0.0011317688438468,0.1051443748128733,0.1050876557691731,5.671904370017911e-05,0.0001090460469513,0.1889030555768176,0.1887658452044964,0.0001372103723211,0.0002775641803721,19A,"(15.0, 20.0]",0.2182785648999984,"(0.2, 0.25]",0.6621713529332691,0.6614690990124589,0.0007022539208102474,0.08387643803626615,0.083830116991265,4.6321045001157524e-05,0.16134588722507057,0.16122471439314814,0.00012117283192242256,0.6125468969037416,0.003495673692881054
479,2423.894067796624,10141.408898305084,3162.22855730577,3196.910054685497,34.68149737972726,2712.9963379,2732.9924316,19.996093700000078,3.5588333908251206,3.5521430514845487,0.0066903393405719,0.5985208938928248,9,0.7661406729367477,0.7656551266161976,0.00048554632055,0.0012646598654699,0.1052372334889529,0.1051865573888226,5.067610013038188e-05,0.0001292266501391,0.1884111590194253,0.1882920110874971,0.0001191479319282,0.0003103100936742,19A,"(15.0, 20.0]",0.2199570307000008,"(0.2, 0.25]",0.6596572797220173,0.6590490369280096,0.0006082427940076185,0.08395227599237222,0.08391088827649631,4.138771587590406e-05,0.16091151265190845,0.160806309344237,0.00010520330767144204,0.6127214642192251,0.004099314516878699
480,2424.872881355943,10141.190677966102,3163.799245254337,3198.9035922869143,35.10434703257715,2713.9069824,2734.1337891,20.2268067,3.5588333908251206,3.5521430514845487,0.0066903393405719,0.5985208938928248,9,0.7661406729367477,0.7656551266161976,0.00048554632055,0.0012646598654699,0.1052372334889529,0.1051865573888226,5.067610013038188e-05,0.0001292266501391,0.1884111590194253,0.1882920110874971,0.0001191479319282,0.0003103100936742,19A,"(20.0, 25.0]",0.2224948736999999,"(0.2, 0.25]",0.6596572797220173,0.6590490369280096,0.0006082427940076185,0.08395227599237222,0.08391088827649631,4.138771587590406e-05,0.16091151265190845,0.160806309344237,0.00010520330767144204,0.6127214642192251,0.004099314516878699
481,2425.851694915269,10140.972457627118,3165.7548057520694,3199.169193645339,33.41438789326958,2714.8449707,2734.1337891,19.28881839999985,3.2177001531365117,3.211840045204854,0.0058601079316571,0.6127365297648883,8,0.7681446316136777,0.7675722110784452,0.0005724205352326,0.0011887026941214,0.1051443748128733,0.1050862441152056,5.8130697667704845e-05,0.0001149626955952,0.1889030555768176,0.1887626201192357,0.0001404354575818,0.0002915382297268,19A,"(15.0, 20.0]",0.2121770023999984,"(0.2, 0.25]",0.6621713529332691,0.6614526092944429,0.0007187436388261803,0.08387643803626615,0.08382896414341195,4.747389285419956e-05,0.16134588722507057,0.16122186633700475,0.0001240208880658178,0.6125468969037416,0.0035895909290575606
482,2426.8305084745807,10140.754237288136,3174.43896439348,3203.4673521033446,29.028387709864543,2716.0744629,2732.9924316,16.917968700000074,2.874815649022407,2.864648528671076,0.0101671203513307,0.7021558183454963,7,0.7707926826713427,0.7696179147215242,0.0011747679498186,0.0020958150213308,0.1050105268837218,0.1048840393069899,0.0001264875767318,0.0002059829558678,0.1895530240754094,0.189264628099209,0.0002883959762005,0.0005141282891182,19A,"(15.0, 20.0]",0.1860976557000008,"(0.15, 0.2]",0.6655026848156889,0.6640234929017141,0.00147919191397472,0.08376712963724559,0.08366383823016194,0.00010329140708364992,0.1619199668233751,0.16166522676465947,0.000254740058715619,0.6123155741683034,0.006225486135563301
483,2427.809322033907,10140.536016949152,3176.273048878544,3203.4673521033446,27.19430322480048,2717.1481934,2732.9924316,15.84423820000029,2.533677941915254,2.5179162754184143,0.0157616664968398,0.7053950626591247,6,0.7748377994602471,0.7729711079303702,0.0018666915298769,0.0039107727009707,0.1048819880391615,0.1046729176612689,0.0002090703778926,0.0004067377773437,0.1905460968255919,0.1900876433584085,0.0004584534671834,0.0009598896359586,19A,"(15.0, 20.0]",0.1742866202000031,"(0.15, 0.2]",0.6706119176100033,0.6682511057449716,0.0023608118650316756,0.08366216318673066,0.08349144669240469,0.00017071649432597036,0.16279734984622612,0.1623922657534767,0.00040508409274941926,0.6119663766741801,0.009645609936417868
484,2428.788135593226,10140.31779661017,3177.2342341911967,3205.899091579336,28.664857388139357,2717.7106934,2734.4003906,16.689697199999955,2.874815649022407,2.8652225474623862,0.0095931015600205,0.6887491128085332,7,0.7707926826713427,0.7696781719355493,0.0011145107357933,0.0020061812375791,0.1050105268837218,0.1048909948971908,0.0001195319865309,0.0001967503740786,0.1895530240754094,0.1892794319004997,0.0002735921749097,0.000492129104805,19A,"(15.0, 20.0]",0.1835866691999995,"(0.15, 0.2]",0.6655026848156889,0.6640993145316058,0.0014033702840831053,0.08376712963724559,0.08366951810249956,9.761153474602269e-05,0.1619199668233751,0.16167830231336072,0.00024166451001436662,0.6123155741683034,0.0058740054897788
485,2429.766949152552,10140.099576271186,3178.185407114124,3205.38025556169,27.194848447566528,2718.267334,2734.1000977,15.83276369999976,2.874815649022407,2.8652225474623862,0.0095931015600205,0.6887491128085332,7,0.7707926826713427,0.7696781719355493,0.0011145107357933,0.0020061812375791,0.1050105268837218,0.1048909948971908,0.0001195319865309,0.0001967503740786,0.1895530240754094,0.1892794319004997,0.0002735921749097,0.000492129104805,19A,"(15.0, 20.0]",0.1741604006999973,"(0.15, 0.2]",0.6655026848156889,0.6640993145316058,0.0014033702840831053,0.08376712963724559,0.08366951810249956,9.761153474602269e-05,0.1619199668233751,0.16167830231336072,0.00024166451001436662,0.6123155741683034,0.0058740054897788
486,2430.7457627118783,10139.881355932202,3182.802358344231,3207.570294233723,24.76793588949204,2718.5852051,2733.1271973,14.54199219999964,2.533677941915254,2.51466505375763,0.0190128881576243,0.7788956395984346,6,0.7748377994602471,0.7726113780888513,0.0022264213713958,0.0044796946496911,0.1048819880391615,0.1046311699883186,0.0002508180508429,0.0004669765998946,0.1905460968255919,0.1899992596692263,0.0005468371563656,0.0010995613100167,19A,"(10.0, 15.0]",0.159961914199996,"(0.15, 0.2]",0.6706119176100033,0.6677967583654535,0.002815159244549781,0.08366216318673066,0.08345735954708788,0.0002048036396427727,0.16279734984622612,0.16231417864725162,0.000483171198974508,0.6119663766741801,0.01163524827593277
487,2431.7245762711973,10139.66313559322,3182.9968314308185,3204.504260738258,21.50742930743945,2718.699707,2731.3327637,12.633056699999996,2.533677941915254,2.51466505375763,0.0190128881576243,0.7788956395984346,6,0.7748377994602471,0.7726113780888513,0.0022264213713958,0.0044796946496911,0.1048819880391615,0.1046311699883186,0.0002508180508429,0.0004669765998946,0.1905460968255919,0.1899992596692263,0.0005468371563656,0.0010995613100167,19A,"(10.0, 15.0]",0.1389636236999999,"(0.1, 0.15]",0.6706119176100033,0.6677967583654535,0.002815159244549781,0.08366216318673066,0.08345735954708788,0.0002048036396427727,0.16279734984622612,0.16231417864725162,0.000483171198974508,0.6119663766741801,0.01163524827593277
488,2432.7033898305235,10139.444915254237,3182.6078850878007,3209.2346930819804,26.62680799417967,2718.4707031,2734.1000977,15.629394600000069,2.874815649022407,2.862972003030175,0.0118436459922319,0.7612100633371256,7,0.7707926826713427,0.7694363394318684,0.0013563432394744,0.0022967152949557,0.1050105268837218,0.1048636571919787,0.000146869691743,0.0002226697692652,0.1895530240754094,0.1892200319517169,0.0003329921236925,0.0005633482420407,19A,"(15.0, 20.0]",0.1719233406000007,"(0.15, 0.2]",0.6655026848156889,0.6637950496848414,0.0017076351308474846,0.08376712963724559,0.08364719448138477,0.00011993515586081194,0.1619199668233751,0.1616258373634559,0.00029412945991919015,0.6123155741683034,0.007252048895979602
489,2433.6822033898425,10139.226694915254,3180.4724120693204,3207.685426898325,27.21301482900481,2717.2133789,2733.1945801,15.981201200000214,2.533677941915254,2.51466505375763,0.0190128881576243,0.7788956395984346,6,0.7748377994602471,0.7726113780888513,0.0022264213713958,0.0044796946496911,0.1048819880391615,0.1046311699883186,0.0002508180508429,0.0004669765998946,0.1905460968255919,0.1899992596692263,0.0005468371563656,0.0010995613100167,19A,"(15.0, 20.0]",0.1757932132000023,"(0.15, 0.2]",0.6706119176100033,0.6677967583654535,0.002815159244549781,0.08366216318673066,0.08345735954708788,0.0002048036396427727,0.16279734984622612,0.16231417864725162,0.000483171198974508,0.6119663766741801,0.01163524827593277
490,2434.6610169491687,10139.00847457627,3185.124714293031,3212.7120849997564,27.587370706725324,2716.4013672,2732.6845703,16.28320309999981,2.874815649022407,2.859497150173571,0.0153184988488357,0.8147668296758848,7,0.7707926826713427,0.76905404097426,0.0017386416970827,0.0030893568987635,0.1050105268837218,0.1048185444331964,0.0001919824505254,0.0003068611012304,0.1895530240754094,0.1891260881135602,0.0004269359618492,0.000757944590213,19A,"(15.0, 20.0]",0.1791152340999979,"(0.15, 0.2]",0.6655026848156889,0.663314234417236,0.0021884503984528347,0.08376712963724559,0.0836103565816705,0.00015677305557508514,0.1619199668233751,0.16154286384370078,0.00037710297967430417,0.6123155741683034,0.009379755418021326
491,2435.6398305084804,10138.790254237289,3184.2544306353698,3212.365188804672,28.11075816930179,2715.8918457,2732.4794922,16.58764650000012,2.874815649022407,2.859497150173571,0.0153184988488357,0.8147668296758848,7,0.7707926826713427,0.76905404097426,0.0017386416970827,0.0030893568987635,0.1050105268837218,0.1048185444331964,0.0001919824505254,0.0003068611012304,0.1895530240754094,0.1891260881135602,0.0004269359618492,0.000757944590213,19A,"(15.0, 20.0]",0.1824641115000013,"(0.15, 0.2]",0.6655026848156889,0.663314234417236,0.0021884503984528347,0.08376712963724559,0.0836103565816705,0.00015677305557508514,0.1619199668233751,0.16154286384370078,0.00037710297967430417,0.6123155741683034,0.009379755418021326
492,2436.6186440678066,10138.572033898305,3183.891681991159,3212.4329160595807,28.541234068421545,2715.6796875,2732.5195312,16.839843700000074,3.2177001531365117,3.207104078690256,0.0105960744462558,0.7975396729107437,8,0.7681446316136777,0.7671273391629942,0.0010172924506835,0.0019385734014714,0.1051443748128733,0.1050371385286285,0.0001072362842447,0.0001889587136362,0.1889030555768176,0.1886533770214082,0.0002496785554093,0.0004755091121938,19A,"(15.0, 20.0]",0.1852382807000008,"(0.15, 0.2]",0.6621713529332691,0.6608943563882437,0.001276996545025444,0.08387643803626615,0.08378886180605669,8.757623020946848e-05,0.16134588722507057,0.16112539627265632,0.00022049095241424843,0.6125468969037416,0.006490592521415023
493,2437.5974576271256,10138.353813559324,3182.846403974057,3213.772596311724,30.926192337666635,2715.0698242,2733.3115234,18.241699200000312,3.2177001531365117,3.207104078690256,0.0105960744462558,0.7975396729107437,8,0.7681446316136777,0.7671273391629942,0.0010172924506835,0.0019385734014714,0.1051443748128733,0.1050371385286285,0.0001072362842447,0.0001889587136362,0.1889030555768176,0.1886533770214082,0.0002496785554093,0.0004755091121938,19A,"(15.0, 20.0]",0.2006586912000034,"(0.2, 0.25]",0.6621713529332691,0.6608943563882437,0.001276996545025444,0.08387643803626615,0.08378886180605669,8.757623020946848e-05,0.16134588722507057,0.16112539627265632,0.00022049095241424843,0.6125468969037416,0.006490592521415023
494,2438.576271186452,10138.13559322034,3189.599183266216,3220.347256451662,30.74807318544572,2715.4138184,2733.5036621,18.089843700000078,3.2177001531365117,3.2064307590445797,0.0112693940919319,0.8066790159690903,8,0.7681446316136777,0.7670635011534506,0.0010811304602271,0.0023633673251169,0.1051443748128733,0.1050292557022928,0.0001151191105805,0.000234650673907,0.1889030555768176,0.1886376805517419,0.0002653750250756,0.0005798087162883,19A,"(15.0, 20.0]",0.1989882807000008,"(0.15, 0.2]",0.6621713529332691,0.6608142727222444,0.0013570802110247637,0.08387643803626615,0.08378242433710438,9.401369916177404e-05,0.16134588722507057,0.1611115353931685,0.00023435183190206876,0.6125468969037416,0.006903032380998245
0,1999.9999999999416,10150.0,3217.8354125849,3288.141341415742,70.30592883084182,2738.253418,2775.3591309,37.10571290000007,6.660773288980358,6.655746388133368,0.0050269008469898,0.3646554202993435,18,0.758796632790956,0.7586383982698381,0.0001582345211178,0.0009955015331402,0.1054424013486442,0.1054185395209338,2.386182771033393e-05,0.0001373306603857,0.1866081799819808,0.1865692222047877,3.895777719308146e-05,0.0002450050514356,BT2,"(35.0, 40.0]",0.4081628419000008,"(0.4, 0.45]",0.6524773763203678,0.6522813559985496,0.00019602032181820217,0.077907497921914,0.07788932474598949,1.81731759245074e-05,0.1556988000185402,0.15566506018634196,3.3739832198231845e-05,0.6144596173698812,0.003088827570997684
1,2001.0138888888173,10149.944444444443,3218.753524129076,3288.0487977681178,69.29527363904162,2738.7451172,2775.3110352,36.56591799999978,6.660773288980358,6.655746388133368,0.0050269008469898,0.3646554202993435,18,0.758796632790956,0.7586383982698381,0.0001582345211178,0.0009955015331402,0.1054424013486442,0.1054185395209338,2.386182771033393e-05,0.0001373306603857,0.1866081799819808,0.1865692222047877,3.895777719308146e-05,0.0002450050514356,BT2,"(35.0, 40.0]",0.4022250979999976,"(0.4, 0.45]",0.6524773763203678,0.6522813559985496,0.00019602032181820217,0.077907497921914,0.07788932474598949,1.81731759245074e-05,0.1556988000185402,0.15566506018634196,3.3739832198231845e-05,0.6144596173698812,0.003088827570997684
2,2002.0277777777228,10149.888888888889,3219.459202764422,3287.944132015248,68.4849292508261,2739.1230469,2775.2565918,36.13354489999983,6.316286320044307,6.312146473198152,0.0041398468461553,0.3508976250093617,17,0.7592295888245495,0.7590863144222647,0.0001432744022847,0.0008946217595381,0.1054594897944195,0.1054378599596908,2.162983472862296e-05,0.0001246391374175,0.1867145368276216,0.186679263698414,3.527312920761099e-05,0.0002201964735368,BT2,"(35.0, 40.0]",0.3974689938999982,"(0.35, 0.4]",0.6530139048448748,0.6528363262100054,0.00017757863486933534,0.07792051264348096,0.0779040391790688,1.6473464412164462e-05,0.1557909143170041,0.15576036427045556,3.0550046548533105e-05,0.6144313645639462,0.00254365174676895
3,2003.0416666665988,10149.833333333334,3219.540346629157,3288.0671184305997,68.52677180144246,2739.1665039,2775.3205566,36.15405270000019,6.660773288980358,6.655746388133368,0.0050269008469898,0.3646554202993435,18,0.758796632790956,0.7586383982698381,0.0001582345211178,0.0009955015331402,0.1054424013486442,0.1054185395209338,2.386182771033393e-05,0.0001373306603857,0.1866081799819808,0.1865692222047877,3.895777719308146e-05,0.0002450050514356,BT2,"(35.0, 40.0]",0.3976945797000021,"(0.35, 0.4]",0.6524773763203678,0.6522813559985496,0.00019602032181820217,0.077907497921914,0.07788932474598949,1.81731759245074e-05,0.1556988000185402,0.15566506018634196,3.3739832198231845e-05,0.6144596173698812,0.003088827570997684
4,2004.055555555504,10149.777777777776,3216.054171823382,3284.3886424246684,68.33447060128628,2739.0480957,2775.4309082,36.3828125,6.316286320044307,6.313500869993533,0.0027854500507746,0.2939826797880546,17,0.7592295888245495,0.7591237229449603,0.0001058658795892,0.0006226919941824,0.1054594897944195,0.1054425982854041,1.689150901540426e-05,8.842768276828838e-05,0.1867145368276216,0.1866884624131316,2.607441449004371e-05,0.0001532927754451,BT2,"(35.0, 40.0]",0.4002109375,"(0.4, 0.45]",0.6530139048448748,0.6528826886144719,0.00013121623040290853,0.07792051264348096,0.07790764791006924,1.2864733411721563e-05,0.1557909143170041,0.15576833123218947,2.2583084814620236e-05,0.6144313645639462,0.0017114678756221507
5,2005.06944444438,10149.722222222224,3214.6997903655906,3284.4161057794504,69.71631541385977,2738.315918,2775.4453125,37.12939450000022,6.665579173153475,6.662572083239624,0.0030070899138507,0.2964025199417878,18,0.7589674590679193,0.7588596454049342,0.000107813662985,0.0006357061733033,0.1054806028136889,0.105463141376674,1.746143701487747e-05,8.966490161477214e-05,0.1866502271712356,0.1866236687018859,2.655846934963692e-05,0.0001564877800183,BT2,"(35.0, 40.0]",0.4084233395000024,"(0.4, 0.45]",0.6526890357167893,0.6525554461393029,0.00013358957748632605,0.07793659269752062,0.07792329373982393,1.3298957696694647e-05,0.155735216072386,0.15571221435175844,2.3001720627552347e-05,0.6144496288504455,0.0018477052814854808
6,2006.0833333332848,10149.666666666666,3212.7006448688294,3283.897265456839,71.19662058800941,2737.2351074,2775.1730957,37.93798830000014,6.321196093422935,6.318667509103564,0.0025285843193705,0.2825465178239444,17,0.7594144379473303,0.7593155937979458,9.884414938462548e-05,0.0005698233003808,0.1055000595116926,0.1054840529273913,1.6006584301316263e-05,8.131551700385486e-05,0.1867600336310134,0.186735685862942,2.434776807141012e-05,0.0001402841256724,BT2,"(35.0, 40.0]",0.4173178713000015,"(0.4, 0.45]",0.6532430561332461,0.6531205162163758,0.000122539916870279,0.07795141144308525,0.07793922038481982,1.2191058265428878e-05,0.1558303197328187,0.15580923170056937,2.1088032249316768e-05,0.6144205214438919,0.0015536140960224713
7,2007.0972222221608,10149.611111111111,3210.6077010494555,3283.8875066569058,73.27980560745027,2736.1022949,2775.1679688,39.06567390000009,6.670257665159539,6.667553271140709,0.0027043940188304,0.285335046194202,18,0.7591358237260786,0.7590355108506187,0.00010031287546,0.0005793540931838,0.1055181675069636,0.105501657263876,1.6510243087599877e-05,8.212444101129979e-05,0.1866916681925715,0.1866669543499629,2.471384260864055e-05,0.0001426226950125,BT2,"(35.0, 40.0]",0.429722412900001,"(0.4, 0.45]",0.6528976861980794,0.6527733658241118,0.00012432037396759021,0.07796520313153904,0.07795262834168748,1.2574789851560464e-05,0.15577110774906444,0.15574970325078494,2.1404498279503636e-05,0.6144397780504994,0.0016616872606912492
8,2008.1111111110656,10149.555555555557,3206.6762859172804,3282.1884997191137,75.51221380183324,2734.6391602,2775.2001953,40.561035100000026,7.019109320969807,7.017348434585206,0.0017608863846012,0.2523461549095485,19,0.7588841799256796,0.7588071355283301,7.704439734941633e-05,0.0003782372120604,0.1055337936905759,0.1055200300368576,1.3763653718231564e-05,5.45732013881306e-05,0.1866299190728512,0.1866109241389496,1.899493390153238e-05,9.312873724687254e-05,BT2,"(40.0, 45.0]",0.4461713861000003,"(0.4, 0.45]",0.65258584486246,0.6524903883467268,9.545651573317215e-05,0.07797710470182348,0.07796662170832813,1.0482993495347648e-05,0.15571762764159483,0.155701176647511,1.645099408381645e-05,0.6144571426967703,0.0010819892164956996
9,2009.1249999999416,10149.5,3207.0254937212403,3285.057599475006,78.03210575376579,2734.829834,2776.7160645,41.88623049999978,7.363173734091523,7.36119080473441,0.0019829293571129,0.2637726426775844,20,0.758508014413898,0.7584258988369813,8.211557691656379e-05,0.0004248018486772,0.1055146877383316,0.1055000461901083,1.4641548223304212e-05,6.0109722139767285e-05,0.1865375016869545,0.1865172557535888,2.0245933365670157e-05,0.0001045736985038,BT2,"(40.0, 45.0]",0.4607485354999976,"(0.45, 0.5]",0.6521198640502263,0.6520181691908171,0.00010169485940914047,0.07796255280558707,0.07795140129695004,1.1151508637036178e-05,0.155637588661465,0.15562005487530883,1.7533786156154196e-05,0.6144815318548872,0.0012184734689187615
10,2010.1388888888173,10149.444444444443,3204.3708880217155,3284.617228866945,80.2463408452295,2733.3803711,2776.4836426,43.10327150000012,7.363173734091523,7.36119080473441,0.0019829293571129,0.2637726426775844,20,0.758508014413898,0.7584258988369813,8.211557691656379e-05,0.0004248018486772,0.1055146877383316,0.1055000461901083,1.4641548223304212e-05,6.0109722139767285e-05,0.1865375016869545,0.1865172557535888,2.0245933365670157e-05,0.0001045736985038,BT2,"(40.0, 45.0]",0.4741359865000012,"(0.45, 0.5]",0.6521198640502263,0.6520181691908171,0.00010169485940914047,0.07796255280558707,0.07795140129695004,1.1151508637036178e-05,0.155637588661465,0.15562005487530883,1.7533786156154196e-05,0.6144815318548872,0.0012184734689187615
11,2011.1527777777228,10149.388888888889,3198.566982992966,3284.617228866945,86.05024587397884,2730.204834,2776.4836426,46.27880860000005,8.060637343412104,8.058588196826701,0.0020491465854028,0.2676787587944056,22,0.7581275884196768,0.7580472530401475,8.033537952932924e-05,0.0004351748759322,0.1055443363365604,0.1055296816181316,1.4654718428839455e-05,5.943742169778332e-05,0.1864441653486716,0.1864243529837605,1.9812364911073946e-05,0.0001070877948188,BT2,"(45.0, 50.0]",0.5090668946000005,"(0.5, 0.55]",0.6516488125402643,0.6515493661877687,9.94463524955913e-05,0.0779851344936027,0.07797397276091424,1.1161732688461101e-05,0.15555675687124698,0.15553959922337987,1.7157647867110937e-05,0.6145079983970588,0.0012592169666180424
12,2012.1666666665988,10149.333333333334,3193.9225790529645,3281.437764476641,87.51518542367648,2728.5280762,2775.9401855,47.41210929999989,8.065203013192326,8.063655969648748,0.001547043543578,0.240543779465763,22,0.7582605754077982,0.7581938973680414,6.667803975690667e-05,0.0002679734709479,0.1055745186545071,0.1055618131295208,1.2705524986298602e-05,3.710452525440555e-05,0.1864768998149646,0.186460450809356,1.6449005608583494e-05,6.59504590907467e-05,BT2,"(45.0, 50.0]",0.5215332022999988,"(0.5, 0.55]",0.6518134561793338,0.651730902705607,8.255347372687627e-05,0.07800812308775834,0.07799844577774688,9.67731001146055e-06,0.15558510545346133,0.15557086029882675,1.4245154634578983e-05,0.6145002435037134,0.0009506586342395286
13,2013.180555555504,10149.277777777776,3190.223988735317,3278.37224509826,88.14825636294245,2726.4846191,2774.309082,47.82446290000007,8.065203013192326,8.063722145400664,0.0014808677916615,0.2366322111752942,22,0.7582605754077982,0.7581958666684249,6.470873937340007e-05,0.0002497458274354,0.1055745186545071,0.1055621244416735,1.2394212833661216e-05,3.258128070715571e-05,0.1864768998149646,0.1864609363555928,1.5963459371780665e-05,6.137264869088277e-05,BT2,"(45.0, 50.0]",0.5260690919000008,"(0.5, 0.55]",0.6518134561793338,0.651733340786858,8.011539247587685e-05,0.07800812308775834,0.07799868289138953,9.44019636880955e-06,0.15558510545346133,0.15557128078982213,1.3824663639194767e-05,0.6145002435037134,0.000909993618572798
14,2014.19444444438,10149.222222222224,3187.073413314161,3275.066799948686,87.993386634525,2724.7414551,2772.5480957,47.80664059999981,8.065203013192326,8.063768948377387,0.0014340648149389,0.2337319505496292,22,0.7582605754077982,0.7581973785738559,6.319683394221095e-05,0.0002777035412733,0.1055745186545071,0.1055623809144817,1.2137740025432796e-05,3.338784811068862e-05,0.1864768998149646,0.1864613094681336,1.559034683094747e-05,6.824311522635185e-05,BT2,"(45.0, 50.0]",0.5258730465999979,"(0.5, 0.55]",0.6518134561793338,0.6517352125966475,7.824358268637699e-05,0.07800812308775834,0.07799887823619489,9.24485156345023e-06,0.15558510545346133,0.15557160391145136,1.3501542009963785e-05,0.6145002435037134,0.0008812331779800617
15,2015.2083333332848,10149.166666666666,3184.7327949958885,3275.066799948686,90.3340049527974,2723.4448242,2772.5480957,49.10327150000012,8.065203013192326,8.063768948377387,0.0014340648149389,0.2337319505496292,22,0.7582605754077982,0.7581973785738559,6.319683394221095e-05,0.0002777035412733,0.1055745186545071,0.1055623809144817,1.2137740025432796e-05,3.338784811068862e-05,0.1864768998149646,0.1864613094681336,1.559034683094747e-05,6.824311522635185e-05,BT2,"(45.0, 50.0]",0.5401359865000014,"(0.5, 0.55]",0.6518134561793338,0.6517352125966475,7.824358268637699e-05,0.07800812308775834,0.07799887823619489,9.24485156345023e-06,0.15558510545346133,0.15557160391145136,1.3501542009963785e-05,0.6145002435037134,0.0008812331779800617
16,2016.2222222221608,10149.111111111111,3177.722902918477,3271.073551118378,93.35064819990112,2721.2485352,2772.375,51.12646480000012,8.413684727997884,8.412215613399963,0.0014691145979206,0.2382830497124787,23,0.7580857807833631,0.7580252523601286,6.052842323463505e-05,0.0004171530564152,0.1055861725096307,0.1055746874455325,1.1485064098151392e-05,4.9043082959943085e-05,0.1864340088887768,0.1864190814387371,1.492745003974493e-05,0.0001024923978617,BT2,"(50.0, 55.0]",0.5623911128000013,"(0.55, 0.6]",0.6515970581329925,0.6515221333871338,7.492474585868436e-05,0.07801699944438047,0.07800825164987765,8.747794502814155e-06,0.15554796128799012,0.15553503405149646,1.2927236493653904e-05,0.6145123322054382,0.0009027890378452425
17,2017.2361111110656,10149.055555555557,3175.3514382195285,3270.6261879060867,95.27474968655817,2719.9226074,2772.1347656,52.212158199999976,8.761919291283586,8.76037351248304,0.0015457788005459,0.2454584477836136,24,0.7579167921367335,0.7578572465667621,5.954556997124494e-05,0.0004413908414833,0.1055956053510881,0.105584320479382,1.12848717060271e-05,5.098683086546263e-05,0.1863925379582317,0.1863778539810542,1.468397717746539e-05,0.0001084284212801,BT2,"(50.0, 55.0]",0.5743337401999997,"(0.55, 0.6]",0.651387889722489,0.6513141960164931,7.369370599585867e-05,0.07802418417246162,0.07801558881006006,8.59536240156722e-06,0.1555120474763426,0.15549933130254442,1.2716173798166253e-05,0.6145239511260489,0.0009499180960783511
18,2018.2499999999416,10149.0,3173.1509187372617,3267.531358291936,94.38043955467448,2718.6906738,2770.4724121,51.78173830000014,8.413684727997884,8.412150396131443,0.0015343318664413,0.2412770948147977,23,0.7580857807833631,0.7580242644467982,6.151633656510487e-05,0.0004548677051207,0.1055861725096307,0.105574652301203,1.1520208427651111e-05,5.3460216676848304e-05,0.1864340088887768,0.1864188402932919,1.516859548488864e-05,0.0001117592022901,BT2,"(50.0, 55.0]",0.5695991213000016,"(0.55, 0.6]",0.6515970581329925,0.6515209105482199,7.61475847725901e-05,0.07801699944438047,0.07800822488169108,8.774562689384258e-06,0.15554796128799012,0.1555348252191398,1.3136068850311267e-05,0.6145123322054382,0.0009428658536239663
19,2019.2638888888173,10148.944444444443,3171.5164333939742,3267.531358291936,96.01492489796192,2717.7751465,2770.4724121,52.69726559999981,8.761919291283586,8.760292966283044,0.0016263250005419,0.2490944201578735,24,0.7579167921367335,0.7578560058564724,6.078628026115011e-05,0.0004817326393412,0.1055956053510881,0.1055842646452317,1.1340705856381176e-05,5.563278806497429e-05,0.1863925379582317,0.1863775509567969,1.49870014348417e-05,0.0001183391536073,BT2,"(50.0, 55.0]",0.5796699215999979,"(0.55, 0.6]",0.651387889722489,0.6513126605653662,7.522915712276923e-05,0.07802418417246162,0.0780155462829335,8.63788952812361e-06,0.1555120474763426,0.15549906888744294,1.2978588899648091e-05,0.6145239511260489,0.0009994156651480818
20,2020.2777777777228,10148.888888888889,3169.09692300376,3265.678842628313,96.58191962455294,2717.173584,2770.4724121,53.29882809999981,8.761919291283586,8.759980321058794,0.001938970224792,0.2630987872709567,24,0.7579167921367335,0.7578504858759212,6.630626081215174e-05,0.00059369094735,0.1055956053510881,0.10558384432458,1.1761026508095664e-05,6.852343205432376e-05,0.1863925379582317,0.1863761991753837,1.633878284796238e-05,0.0001458439960929,BT2,"(50.0, 55.0]",0.5862871090999979,"(0.55, 0.6]",0.651387889722489,0.6513058292952784,8.206042721059514e-05,0.07802418417246162,0.07801522613787935,8.958034582270957e-06,0.1555120474763426,0.1554978982625551,1.4149213787478798e-05,0.6145239511260489,0.001191543643654943
21,2021.2916666665988,10148.833333333334,3167.615263247272,3258.4346942672923,90.8194310200206,2716.3383789,2766.5517578,50.21337889999995,8.413684727997884,8.411583385516591,0.0021013424812927,0.2674047914209356,23,0.7580857807833631,0.7580136838335018,7.209694986126428e-05,0.0006458160019724,0.1055861725096307,0.1055737629323961,1.2409577234637563e-05,7.581467663142494e-05,0.1864340088887768,0.18641624717587,1.7761712906784528e-05,0.0001586770917724,BT2,"(50.0, 55.0]",0.5523471678999995,"(0.55, 0.6]",0.6515970581329925,0.6515078139552659,8.924417772659954e-05,0.07801699944438047,0.0780075474812666,9.451963113860096e-06,0.15554796128799012,0.15553257957643518,1.538171155493484e-05,0.6145123322054382,0.0012913008689415396
22,2022.305555555504,10148.777777777776,3165.181389206776,3249.5894947447987,84.40810553802248,2714.9645996,2761.7480469,46.78344730000026,7.716498811393528,7.7144054318560915,0.0020933795374364,0.2665789794660495,21,0.7584476216959257,0.7583696300083509,7.799168757459198e-05,0.0006512610984631,0.1055614686351749,0.1055483631210462,1.310551412875547e-05,7.91490385823046e-05,0.1865227953096874,0.1865035826623199,1.921264736754707e-05,0.0001600690081174,BT2,"(45.0, 50.0]",0.5146179203000029,"(0.5, 0.55]",0.652045070610555,0.6519484894668683,9.658114368671367e-05,0.07799818339064478,0.07798820150149921,9.981889145568856e-06,0.15562485233756468,0.1556082135144704,1.663882309427267e-05,0.6144872855777022,0.0012863551096431991
23,2023.31944444438,10148.722222222224,3163.355947903643,3248.7754272480074,85.41947934436439,2713.9335938,2761.3051758,47.37158200000022,8.065203013192326,8.062915761211864,0.0022872519804622,0.2744531379328985,22,0.7582605754077982,0.7581816932172483,7.888219055010329e-05,0.0006941930206415,0.1055745186545071,0.1055613448998961,1.3173754611068238e-05,8.294697566191278e-05,0.1864768998149646,0.1864574702742731,1.942954069153205e-05,0.0001705938546462,BT2,"(45.0, 50.0]",0.5210874020000024,"(0.5, 0.55]",0.6518134561793338,0.6517157935497931,9.766262954069571e-05,0.07800812308775834,0.07799808914661092,1.0033941147416514e-05,0.15558510545346133,0.155568279108439,1.6826345022313838e-05,0.6145002435037134,0.0014055168989483724
24,2024.3333333332848,10148.666666666666,3157.964468048672,3244.1479166819618,86.18344863328957,2712.7387695,2760.7861328,48.04736329999969,8.065203013192326,8.062356195522538,0.0028468176697877,0.300014273879296,22,0.7582605754077982,0.7581694290148623,9.11463929358672e-05,0.0008131130909246,0.1055745186545071,0.1055600596129792,1.4459041527980045e-05,9.707480845144724e-05,0.1864768998149646,0.1864544591850709,2.244062989364465e-05,0.0001998181252256,BT2,"(45.0, 50.0]",0.5285209962999966,"(0.5, 0.55]",0.6518134561793338,0.6517006102637903,0.00011284591554350243,0.07800812308775834,0.07799711019723571,1.1012890522632546e-05,0.15558510545346133,0.15556567146088363,1.9433992577699843e-05,0.6145002435037134,0.0017493701512952154
25,2025.3472222221608,10148.611111111111,3156.1603591377307,3244.1479166819618,87.9875575442311,2711.713623,2760.7861328,49.07250979999981,8.065203013192326,8.062356195522538,0.0028468176697877,0.300014273879296,22,0.7582605754077982,0.7581694290148623,9.11463929358672e-05,0.0008131130909246,0.1055745186545071,0.1055600596129792,1.4459041527980045e-05,9.707480845144724e-05,0.1864768998149646,0.1864544591850709,2.244062989364465e-05,0.0001998181252256,BT2,"(45.0, 50.0]",0.5397976077999979,"(0.5, 0.55]",0.6518134561793338,0.6517006102637903,0.00011284591554350243,0.07800812308775834,0.07799711019723571,1.1012890522632546e-05,0.15558510545346133,0.15556567146088363,1.9433992577699843e-05,0.6145002435037134,0.0017493701512952154
26,2026.3611111110656,10148.555555555557,3154.5063128197944,3240.3571569358623,85.85084411606795,2710.7722168,2758.7106934,47.93847659999983,8.065203013192326,8.062119692568894,0.0030833206234319,0.3103650572907479,22,0.7582605754077982,0.7581641800807838,9.639532701430617e-05,0.0008582350618054,0.1055745186545071,0.1055594962375149,1.5022416992279988e-05,0.0001024337765784,0.1864768998149646,0.1864531702149952,2.3729599969394982e-05,0.0002109067331068,BT2,"(45.0, 50.0]",0.5273232425999981,"(0.5, 0.55]",0.6518134561793338,0.6516941120624128,0.00011934411692104963,0.07800812308775834,0.07799668109790082,1.1441989857516321e-05,0.15558510545346133,0.1555645551948091,2.0550258652218822e-05,0.6145002435037134,0.0018947012738989237
27,2027.3749999999416,10148.5,3152.7281799898246,3239.6470218392965,86.91884184947185,2709.7600098,2758.3215332,48.56152340000017,7.716498811393528,7.713339953417418,0.0031588579761097,0.3120324251921066,21,0.7584476216959257,0.75834380458893,0.0001038171069956,0.0008562064565358,0.1055614686351749,0.1055455170099615,1.5951625213442684e-05,0.0001038552901846,0.1865227953096874,0.1864972391210796,2.55561886077782e-05,0.0002104406215291,BT2,"(45.0, 50.0]",0.5341767574000018,"(0.5, 0.55]",0.652045070610555,0.651916510441426,0.0001285601691290994,0.07799818339064478,0.07798603375494845,1.2149635696331873e-05,0.15562485233756468,0.1556027198149723,2.213252259236631e-05,0.6144872855777022,0.0019410780632651236
28,2028.3888888888173,10148.444444444443,3148.697459637576,3232.490971260172,83.79351162259536,2709.1350098,2756.1535645,47.018554700000095,7.716498811393528,7.712759255510451,0.0037395558830768,0.3349136689638565,21,0.7584476216959257,0.7583295580197918,0.0001180636761338,0.0009502788343053,0.1055614686351749,0.1055439062353476,1.7562399827324754e-05,0.0001151872803022,0.1865227953096874,0.1864937389592619,2.9056350425536e-05,0.0002335617779664,BT2,"(45.0, 50.0]",0.5172041017000011,"(0.5, 0.55]",0.652045070610555,0.651898869651661,0.00014620095889406048,0.07799818339064478,0.07798480690663986,1.3376484004914979e-05,0.15562485233756468,0.15559968857454232,2.516376302236223e-05,0.6144872855777022,0.0022979095438579898
29,2029.4027777777228,10148.388888888889,3147.3663017521258,3232.113967877253,84.74766612512713,2708.3737793,2755.9460449,47.57226559999981,8.065203013192326,8.06130169668268,0.0039013165096459,0.3445130159533466,22,0.7582605754077982,0.7581458411337253,0.0001147342740728,0.0009999330057676,0.1055745186545071,0.1055574913973206,1.7027257186537486e-05,0.0001192570475132,0.1864768998149646,0.1864486660457558,2.8233769208831717e-05,0.000245728657225,BT2,"(45.0, 50.0]",0.5232949215999979,"(0.5, 0.55]",0.6518134561793338,0.6516714086835984,0.00014204749573543118,0.07800812308775834,0.07799515409680935,1.2968990948991621e-05,0.15558510545346133,0.1555606545259889,2.445092747241362e-05,0.6145002435037134,0.0023973599451624626
30,2030.4166666665988,10148.333333333334,3145.609030239095,3227.096657427662,81.48762718856779,2707.3679199,2753.1787109,45.810791000000336,7.367804655049277,7.363233759047582,0.0045708960016943,0.3515538625887169,20,0.7586553398086986,0.7585099167825137,0.0001454230261849,0.0010377247049524,0.1055480005143075,0.1055271402027174,2.086031159004298e-05,0.0001273724146535,0.1865737652264361,0.1865379817064049,3.5783520031129615e-05,0.000255085033911,BT2,"(45.0, 50.0]",0.5039187010000037,"(0.5, 0.55]",0.6523023413899083,0.6521222201263415,0.00018012126356681257,0.07798792532110654,0.0779720371074084,1.588821369814808e-05,0.15566899469505688,0.15563800437921751,3.099031583936318e-05,0.6144729326940584,0.0028086918712006423
31,2031.430555555504,10148.277777777776,3144.963275637246,3227.096657427662,82.13338179041648,2706.998291,2753.1787109,46.18041990000029,7.367804655049277,7.363233759047582,0.0045708960016943,0.3515538625887169,20,0.7586553398086986,0.7585099167825137,0.0001454230261849,0.0010377247049524,0.1055480005143075,0.1055271402027174,2.086031159004298e-05,0.0001273724146535,0.1865737652264361,0.1865379817064049,3.5783520031129615e-05,0.000255085033911,BT2,"(45.0, 50.0]",0.5079846189000032,"(0.5, 0.55]",0.6523023413899083,0.6521222201263415,0.00018012126356681257,0.07798792532110654,0.0779720371074084,1.588821369814808e-05,0.15566899469505688,0.15563800437921751,3.099031583936318e-05,0.6144729326940584,0.0028086918712006423
32,2032.44444444438,10148.222222222224,3143.3857900059884,3224.8652532738824,81.47946326789406,2707.2617188,2753.1787109,45.91699210000024,7.716498811393528,7.711860238077334,0.0046385733161944,0.3684184059981345,21,0.7584476216959257,0.7583073761462232,0.0001402455497024,0.0010827122948599,0.1055614686351749,0.105541368457145,2.010017802990208e-05,0.0001311329925876,0.1865227953096874,0.1864882886638631,3.450664582434138e-05,0.0002661113279468,BT2,"(45.0, 50.0]",0.5050869131000026,"(0.5, 0.55]",0.652045070610555,0.651871403565882,0.0001736670446730315,0.07799818339064478,0.07798287400733918,1.530938330560061e-05,0.15562485233756468,0.1555949684711537,2.9883866410979065e-05,0.6144872855777022,0.002850344326021457
33,2033.4583333332848,10148.166666666666,3142.6809243145094,3218.62291367256,75.94198935805025,2706.8569336,2749.7192383,42.862304700000095,7.019109320969807,7.013298123296203,0.0058111976736041,0.3843860275962457,19,0.7588841799256796,0.7587026752958381,0.0001815046298414,0.001176035039113,0.1055337936905759,0.1055086521603688,2.5141530207004486e-05,0.0001453598801908,0.1866299190728512,0.1865852654045505,4.465366830070109e-05,0.0002891020097157,BT2,"(40.0, 45.0]",0.471485351700001,"(0.45, 0.5]",0.65258584486246,0.652360977787667,0.00022486707479296708,0.07797710470182348,0.07795795588947912,1.914881234435506e-05,0.15571762764159483,0.15567895451967137,3.8673121923460396e-05,0.6144571426967703,0.0035707319181688944
34,2034.4722222221608,10148.111111111111,3140.857966679774,3220.789106905887,79.9311402261128,2705.8100586,2750.9208984,45.11083980000012,7.367804655049277,7.362496437461242,0.005308217588035,0.3736932955365744,20,0.7586553398086986,0.7584909795564697,0.0001643602522287,0.0011353116211927,0.1055480005143075,0.1055249070978627,2.309341644478602e-05,0.0001392570837003,0.1865737652264361,0.1865333274183476,4.0437808088461535e-05,0.0002790725555198,BT2,"(45.0, 50.0]",0.4962192378000013,"(0.45, 0.5]",0.6523023413899083,0.6520987666777499,0.00020357471215837197,0.07798792532110654,0.07797033627912504,1.758904198150002e-05,0.15566899469505688,0.15563397356645675,3.502112860012674e-05,0.6144729326940584,0.0032617560286980476
35,2035.4861111110656,10148.055555555557,3139.7119153124486,3220.789106905887,81.07719159343833,2705.1516113,2750.9208984,45.76928710000038,7.716498811393528,7.711511817427735,0.0049869939657929,0.3808898876662278,21,0.7584476216959257,0.758298751257453,0.0001488704384726,0.0011308850501642,0.1055614686351749,0.1055403745840852,2.1094051089758687e-05,0.0001369315525852,0.1865227953096874,0.1864861693155493,3.6625994138196815e-05,0.0002779512480746,BT2,"(45.0, 50.0]",0.5034621581000042,"(0.5, 0.55]",0.652045070610555,0.6518607242291733,0.0001843463813817614,0.07799818339064478,0.07798211702449499,1.6066366149786182e-05,0.15562485233756468,0.15559313306095918,3.171927660550189e-05,0.6144872855777022,0.003064444385232459
36,2036.4999999999416,10148.0,3138.563440368081,3217.8184445020643,79.25500413398322,2705.5361328,2750.3747559,44.83862309999995,7.367804655049277,7.361746903409342,0.0060577516399344,0.3953795149286323,20,0.7586553398086986,0.7584717074075836,0.0001836324011148,0.0012297903596155,0.1055480005143075,0.1055226251215033,2.5375392804122264e-05,0.000150759108815,0.1865737652264361,0.186528590651662,4.517457477406506e-05,0.0003022960492339,BT2,"(40.0, 45.0]",0.4932248540999994,"(0.45, 0.5]",0.6523023413899083,0.6520748989623057,0.00022744242760253108,0.07798792532110654,0.07796859823050178,1.9327090604759345e-05,0.15566899469505688,0.15562987133151696,3.912336353992241e-05,0.6144729326940584,0.0037223244157227327
37,2037.5138888888173,10147.944444444443,3136.0125257067,3212.732125404781,76.71959969808131,2704.0666504,2747.5446777,43.47802730000012,7.019109320969807,7.012457428853968,0.0066518921158396,0.4068550637744716,19,0.7588841799256796,0.7586811667529804,0.0002030131726993,0.0012788115432538,0.1055337936905759,0.1055060786719417,2.7715018634171485e-05,0.000157925802698,0.1866299190728512,0.1865799784862847,4.9940586566505673e-05,0.0003143660908553,BT2,"(40.0, 45.0]",0.4782583003000014,"(0.45, 0.5]",0.65258584486246,0.6523343338790347,0.0002515109834252405,0.07797710470182348,0.07795599583184326,2.110886998021866e-05,0.15571762764159483,0.15567437573447526,4.3251907119568056e-05,0.6144571426967703,0.004087302623025975
38,2038.5277777777228,10147.888888888889,3135.791676873297,3212.554532097754,76.76285522445687,2703.939209,2747.4458008,43.50659180000002,7.367804655049277,7.361286558555465,0.0065180964938118,0.4083405721168822,20,0.7586553398086986,0.7584598616446732,0.0001954781640255,0.0012859010461023,0.1055480005143075,0.1055212186204716,2.6781893835847724e-05,0.0001575886539423,0.1865737652264361,0.1865256790971011,4.808612933502876e-05,0.0003160884224658,BT2,"(40.0, 45.0]",0.4785725098000002,"(0.45, 0.5]",0.6523023413899083,0.6520602287669759,0.0002421126229323889,0.07798792532110654,0.07796752698165231,2.0398339454233416e-05,0.15566899469505688,0.1556273498093396,4.164488571728464e-05,0.6144729326940584,0.004005193868135397
39,2039.5416666665988,10147.833333333334,3136.0642304758626,3212.771590683904,76.70736020804134,2704.0964355,2747.5666504,43.47021489999997,7.019109320969807,7.012457428853968,0.0066518921158396,0.4068550637744716,19,0.7588841799256796,0.7586811667529804,0.0002030131726993,0.0012788115432538,0.1055337936905759,0.1055060786719417,2.7715018634171485e-05,0.000157925802698,0.1866299190728512,0.1865799784862847,4.9940586566505673e-05,0.0003143660908553,BT2,"(40.0, 45.0]",0.4781723638999997,"(0.45, 0.5]",0.65258584486246,0.6523343338790347,0.0002515109834252405,0.07797710470182348,0.07795599583184326,2.110886998021866e-05,0.15571762764159483,0.15567437573447526,4.3251907119568056e-05,0.6144571426967703,0.004087302623025975
40,2040.555555555504,10147.777777777776,3133.695088864657,3207.7842312741745,74.08914240951799,2703.6518555,2745.7814941,42.12963860000036,6.670257665159539,6.663184751596432,0.0070729135631069,0.4504724814243419,18,0.7591358237260786,0.7589139459693963,0.0002218777566824,0.0013052766077955,0.1055181675069636,0.1054884405028964,2.972700406725062e-05,0.000161232833875,0.1866916681925715,0.1866370932547111,5.4574937860399045e-05,0.0003208687354639,BT2,"(40.0, 45.0]",0.4634260246000039,"(0.45, 0.5]",0.6528976861980794,0.6526227267023675,0.0002749594957118795,0.07796520313153904,0.07794256207260238,2.2641058936664904e-05,0.15577110774906444,0.1557238410379085,4.726671115592995e-05,0.6144397780504994,0.004345879439885771
41,2041.56944444438,10147.722222222224,3134.15749645835,3207.9081140628023,73.75061760445215,2703.9191895,2745.8508301,41.93164060000026,6.670257665159539,6.663184751596432,0.0070729135631069,0.4504724814243419,18,0.7591358237260786,0.7589139459693963,0.0002218777566824,0.0013052766077955,0.1055181675069636,0.1054884405028964,2.972700406725062e-05,0.000161232833875,0.1866916681925715,0.1866370932547111,5.4574937860399045e-05,0.0003208687354639,BT2,"(40.0, 45.0]",0.4612480466000029,"(0.45, 0.5]",0.6528976861980794,0.6526227267023675,0.0002749594957118795,0.07796520313153904,0.07794256207260238,2.2641058936664904e-05,0.15577110774906444,0.1557238410379085,4.726671115592995e-05,0.6144397780504994,0.004345879439885771
42,2042.5833333332848,10147.666666666666,3134.559516423112,3208.6398923609254,74.08037593781319,2704.1516113,2746.2597656,42.10815430000002,7.019109320969807,7.011428906461347,0.0076804145084601,0.4333667849027547,19,0.7588841799256796,0.7586548569228949,0.0002293230027846,0.0013996141892002,0.1055337936905759,0.1055029219400655,3.087175051037271e-05,0.0001726878346278,0.1866299190728512,0.1865735112430515,5.640782979963645e-05,0.0003440612151207,BT2,"(40.0, 45.0]",0.4631896973000003,"(0.45, 0.5]",0.65258584486246,0.6523017432361908,0.0002841016262691287,0.07797710470182348,0.0779535915598819,2.351314194158627e-05,0.15571762764159483,0.15566877473116716,4.885291042766582e-05,0.6144571426967703,0.004719285553595213
43,2043.5972222221608,10147.611111111111,3135.608062579553,3208.279384004337,72.6713214247834,2704.7578125,2746.0583496,41.30053709999993,7.019109320969807,7.011428906461347,0.0076804145084601,0.4333667849027547,19,0.7588841799256796,0.7586548569228949,0.0002293230027846,0.0013996141892002,0.1055337936905759,0.1055029219400655,3.087175051037271e-05,0.0001726878346278,0.1866299190728512,0.1865735112430515,5.640782979963645e-05,0.0003440612151207,BT2,"(40.0, 45.0]",0.4543059080999992,"(0.45, 0.5]",0.65258584486246,0.6523017432361908,0.0002841016262691287,0.07797710470182348,0.0779535915598819,2.351314194158627e-05,0.15571762764159483,0.15566877473116716,4.885291042766582e-05,0.6144571426967703,0.004719285553595213
44,2044.6111111110656,10147.555555555557,3137.21489714918,3213.319725484805,76.10482833562492,2706.1027832,2749.3754883,43.27270510000017,7.019109320969807,7.0113782169113055,0.0077311040585019,0.4346583038466465,19,0.7588841799256796,0.7586535595300251,0.0002306203956544,0.0014054207684025,0.1055337936905759,0.1055027660598048,3.1027630770990256e-05,0.0001733967972696,0.1866299190728512,0.1865731923264705,5.672674638067473e-05,0.0003454885512501,BT2,"(40.0, 45.0]",0.4759997561000019,"(0.45, 0.5]",0.65258584486246,0.6523001361490498,0.0002857087134101599,0.07797710470182348,0.07795347283640697,2.363186541651241e-05,0.15571762764159483,0.15566849853151107,4.912911008375653e-05,0.6144571426967703,0.004750432109678482
45,2045.6249999999416,10147.5,3137.065854852151,3206.4384163272657,69.37256147511471,2706.0166016,2745.5231934,39.50659180000002,6.321196093422935,6.314980500548538,0.0062155928743967,0.4680839406849816,17,0.7594144379473303,0.7591886626600478,0.0002257752872825,0.0011849402112514,0.1055000595116926,0.1054703218631211,2.9737648571471302e-05,0.0001456219958859,0.1867600336310134,0.1867045080350158,5.552559599766696e-05,0.0002912659539304,BT2,"(35.0, 40.0]",0.4345725098000003,"(0.4, 0.45]",0.6532430561332461,0.6529631767001661,0.0002798794330799437,0.07795141144308525,0.07792876251646731,2.2648926617935272e-05,0.1558303197328187,0.1557822283381057,4.8091394712984625e-05,0.6144205214438919,0.0038189878149697595
46,2046.6388888888173,10147.444444444443,3141.559817824063,3205.286888824184,63.727071000121214,2708.6135254,2744.8774414,36.26391599999988,5.972014965399698,5.965437258210453,0.0065777071892449,0.4672634754746115,16,0.7597376814848974,0.7594622381787764,0.000275443306121,0.0012655586001285,0.1054792866015329,0.1054440064582038,3.528014332908336e-05,0.0001542336342621,0.1868393523694015,0.186771626261293,6.772610810859558e-05,0.000311053296362,BT2,"(35.0, 40.0]",0.3989030759999987,"(0.35, 0.4]",0.6536438886952562,0.6533023204962788,0.00034156819897745994,0.07793559024094919,0.0779087203829767,2.6869857972483535e-05,0.15589902054436208,0.15584036038828006,5.866015608202435e-05,0.6143981874656855,0.004041331374752075
47,2047.6527777777228,10147.388888888889,3153.4195567357506,3207.137604542522,53.71804780677121,2715.4416504,2745.9152832,30.473632799999905,4.92634615043763,4.920263972207224,0.0060821782304065,0.4823636412389767,13,0.7611647292979822,0.7608369877306065,0.0003277415673756,0.0013110577185182,0.1053868393083485,0.10534755374916,3.928555918850321e-05,0.0001532212728764,0.1871895498472809,0.1871090167761403,8.053307114066829e-05,0.0003220920197101,BT2,"(30.0, 35.0]",0.3352099607999989,"(0.3, 0.35]",0.6554152763738906,0.6550081922196263,0.00040708415426438105,0.07786518224511585,0.07783526345541614,2.9918789699712178e-05,0.15620236570593302,0.15613260318429986,6.976252163315433e-05,0.6142995423930779,0.0037362793036918537
48,2048.6666666665988,10147.333333333334,3160.6813926047016,3201.512339687902,40.8309470832005,2720.3884277,2743.5859375,23.197509799999807,3.89811105790194,3.892762451950317,0.0053486059516232,0.4670980955709874,10,0.7644665158210218,0.7641093247230215,0.0003571910980002,0.0012099683067633,0.1052881921127716,0.10524858197353,3.961013924155266e-05,0.0001328088827664,0.1880001487615642,0.1879124492460419,8.769951552238809e-05,0.0002970741136251,BT2,"(20.0, 25.0]",0.2551726077999979,"(0.25, 0.3]",0.6595250640425039,0.6590796995874879,0.000445364455015973,0.0777900565852497,0.07775989234451927,3.0164240730434777e-05,0.15690468201345062,0.15682868651392573,7.599549952488904e-05,0.6140753155815005,0.0032844468876641083
49,2049.680555555504,10147.277777777776,3166.8300043282907,3200.365010463568,33.535006135276944,2723.9089355,2742.9401855,19.03125,3.5588333908251206,3.5549175972230023,0.0039157936021183,0.4614434440695162,9,0.7661406729367477,0.7658312031129674,0.0003094698237801,0.0009370656616933,0.1052372334889529,0.1052051315651504,3.210192380256574e-05,9.746232311258483e-05,0.1884111590194253,0.1883352272621036,7.593175732172824e-05,0.0002299538409733,BT2,"(15.0, 20.0]",0.20934375,"(0.2, 0.25]",0.6616149640325427,0.6612283361592226,0.00038662787332011117,0.0777512502812663,0.07772680443252412,2.4445848742171705e-05,0.15726087671925917,0.15719506732495223,6.580939430694821e-05,0.6139614697675561,0.002404146395262944
50,2050.69444444438,10147.222222222224,3171.369272402138,3199.219076083103,27.849803680965124,2726.5019531,2742.2944336,15.792480500000238,2.874815649022407,2.870610265098007,0.0042053839243996,0.4561675046370276,7,0.7707926826713427,0.7702651890990765,0.0005274935722662,0.0010971369143631,0.1050105268837218,0.1049557718941319,5.475498958986057e-05,0.0001071058009093,0.1895530240754094,0.1894235814931025,0.0001294425823069,0.0002691061275866,BT2,"(15.0, 20.0]",0.1737172855000026,"(0.15, 0.2]",0.6674436964894362,0.6667811796216471,0.0006625168677891757,0.07757862135661209,0.07753693082695556,4.169052965652398e-05,0.1582507668112051,0.1581385290635654,0.00011223774763968741,0.6136417276603392,0.002580599056843588
51,2051.708333333285,10147.166666666666,3174.751311098798,3200.8603790489933,26.109067950195367,2728.4301758,2743.2189941,14.788818300000004,2.874815649022407,2.870931194930961,0.0038844540914459,0.4398673602754993,7,0.7707926826713427,0.7703009653843836,0.0004917172869592,0.0010361172291917,0.1050105268837218,0.1049596748140073,5.085206971449414e-05,0.0001010791270704,0.1895530240754094,0.1894323657206023,0.0001206583548071,0.0002541358720266,BT2,"(10.0, 15.0]",0.1626770013,"(0.15, 0.2]",0.6674436964894362,0.6668261006933591,0.0006175957960771195,0.07757862135661209,0.07753990247178527,3.871888482681607e-05,0.1582507668112051,0.1581461455499878,0.00010462126121729698,0.6136417276603392,0.0023836631196921354
52,2052.722222222161,10147.111111111111,3180.6974816354286,3198.838795484134,18.14131384870552,2732.6604004,2742.9401855,10.279785100000026,1.90319522640884,1.898218227303344,0.0049769991054957,0.4328031150745096,4,0.793108362973572,0.7923469185586824,0.0007614444148894,0.0016444081009902,0.1051690225066961,0.10508977837242,7.92441342761796e-05,0.0001685289964078,0.1950337029403557,0.1948468190760544,0.0001868838643012,0.0004035704627499,BT2,"(10.0, 15.0]",0.1130776361000003,"(0.1, 0.15]",0.6958510376424705,0.6948693588774126,0.0009816787650578362,0.0776993076690466,0.07763896591701387,6.0341752032733176e-05,0.16300842078810213,0.16284601593064413,0.00016240485745799838,0.6121393330713673,0.003046616913134929
53,2053.736111111066,10147.055555555557,3183.1408776067,3202.2335247639608,19.09264715726067,2734.0498047,2744.8544922,10.8046875,2.205589877742554,2.1985316636712517,0.0070582140713026,0.4356191526332759,5,0.7820823742529133,0.7811823043439583,0.0009000699089549,0.0023461195149816,0.1049283878874415,0.1048306429480673,9.774493937420026e-05,0.0002446538928819,0.192325332580364,0.1921043470620168,0.0002209855183472,0.0005758594074317,BT2,"(10.0, 15.0]",0.1188515625,"(0.1, 0.15]",0.6817218987722671,0.6805766093109029,0.0011452894613641629,0.07751608110382802,0.07744166246530002,7.441863852800101e-05,0.1606560165884931,0.16046419023513508,0.00019182635335801557,0.6128790340236452,0.004325831421952037
54,2054.749999999942,10147.0,3184.472693508721,3209.668784341012,25.196090832290334,2734.8066406,2749.0373535,14.230712900000071,2.533677941915254,2.528396500132172,0.0052814417830822,0.4110103282242494,6,0.7748377994602471,0.7741606724786497,0.0006771269815974,0.0015580635596795,0.1048819880391615,0.104809207616263,7.278042289854403e-05,0.0001574965803697,0.1905460968255919,0.1903798726277893,0.0001662241978026,0.0003823022106752,BT2,"(10.0, 15.0]",0.1565378419000007,"(0.15, 0.2]",0.6725378697961287,0.6716834540121028,0.000854415784025897,0.07748075379884296,0.07742534312711351,5.5410671729455574e-05,0.15911204248711533,0.15896785467947017,0.00014418780764516304,0.613365624129641,0.0032394548355845778
55,2055.7638888888177,10146.944444444443,3185.1101273100376,3213.619686261417,28.50955895137986,2735.168457,2751.2543945,16.0859375,2.874815649022407,2.8716206660903065,0.0031949829321002,0.402981049284674,7,0.7707926826713427,0.7703783623634574,0.0004143203078855,0.0009016338341694,0.1050105268837218,0.1049680883851404,4.243849858135259e-05,8.780450501222337e-05,0.1895530240754094,0.1894513684368366,0.0001016556385728,0.0002211428084295,BT2,"(15.0, 20.0]",0.1769453125,"(0.15, 0.2]",0.6674436964894362,0.6669232875683135,0.0005204089211227059,0.07757862135661209,0.07754630850517454,3.2312851437552026e-05,0.1582507668112051,0.15816262221223729,8.814459896780424e-05,0.6136417276603392,0.001960574846299263
56,2056.777777777723,10146.888888888889,3184.3517916921905,3222.3481057486706,37.99631405648006,2735.3061523,2756.703125,21.39697269999988,3.5588333908251206,3.5561091845847748,0.0027242062403458,0.3926992891569246,9,0.7661406729367477,0.7659086442704808,0.0002320286662667,0.0007392709760445,0.1052372334889529,0.1052132503965572,2.3983092395732067e-05,7.753106047503344e-05,0.1884111590194253,0.1883542331030321,5.6925916393230696e-05,0.0001814218462516,BT2,"(20.0, 25.0]",0.2353666996999986,"(0.2, 0.25]",0.6616149640325427,0.6613250721101258,0.0002898919224169072,0.0777512502812663,0.07773298693848017,1.8263342786123404e-05,0.15726087671925917,0.15721153933112636,4.9337388132814075e-05,0.6139614697675561,0.0016725576672726554
57,2057.7916666665988,10146.833333333334,3184.2192931382438,3230.260624743797,46.04133160555375,2735.230957,2761.1137695,25.8828125,4.237902848737978,4.234476097879684,0.0034267508582939,0.3799952385974079,11,0.7630762859761467,0.7628356106059979,0.0002406753701487,0.0009203958470542,0.1053206809294075,0.105292967054384,2.771387502344756e-05,0.0001048284122414,0.1876588186008886,0.1875997086003738,5.9110000514809e-05,0.0002260460540595,BT2,"(25.0, 30.0]",0.2847109375,"(0.25, 0.3]",0.6577926959049263,0.6574930746521626,0.00029962125276372653,0.07781479825821765,0.0777936928853775,2.1105372840141134e-05,0.15660891964952764,0.15655770504971225,5.1214599815385675e-05,0.6141694379401296,0.002104605648599221
58,2058.805555555504,10146.777777777776,3183.5794972223275,3237.925628670845,54.34613144851755,2734.8674316,2765.3718262,30.50439460000007,5.27482970690846,5.270185193392413,0.0046445135160473,0.3810310404047901,14,0.7606055875882883,0.7603759140082299,0.0002296735800586,0.0010280897014314,0.1054265726609599,0.1053977534371224,2.881922383748562e-05,0.0001236123750736,0.1870523415258553,0.1869958841030698,5.645742278538789e-05,0.0002526397299104,BT2,"(30.0, 35.0]",0.3355483406000007,"(0.3, 0.35]",0.6547208661315098,0.6544357603428879,0.00028510578862195324,0.07789544275983715,0.07787349426396857,2.1948495868576168e-05,0.15608350909369642,0.15603460481969655,4.8904273999866854e-05,0.614338325137704,0.002853302654527927
59,2059.81944444438,10146.722222222224,3181.468913544617,3243.786066037518,62.31715249290119,2733.6674805,2768.6181641,34.95068360000005,5.623274415112043,5.618940780243546,0.0043336348684972,0.3625404298246567,15,0.7601355318226004,0.759930399097901,0.0002051327246991,0.000981706115225,0.1054563162213251,0.1054297832911834,2.653293014169093e-05,0.0001197469714065,0.1869369884056634,0.1868865500565082,5.0438349155101926e-05,0.0002412787904265,BT2,"(30.0, 35.0]",0.3844575196000005,"(0.35, 0.4]",0.6541374429470912,0.6538829365143132,0.0002545064327780233,0.07791809561044513,0.07789788797361098,2.0207636834149167e-05,0.15598358967379217,0.15593990121161477,4.368846217739364e-05,0.6143707916350274,0.0026624586848157826
60,2060.833333333285,10146.666666666666,3180.328693398675,3253.856917166745,73.52822376807035,2733.1638184,2774.2597656,41.09594719999996,6.670257665159539,6.667218479408425,0.0030391857511142,0.3167220331638707,18,0.7591358237260786,0.7590195631299723,0.0001162605961064,0.000788835396018,0.1055181675069636,0.1055009790008112,1.718850615244226e-05,9.83428582902457e-05,0.1866916681925715,0.186663052940819,2.8615251752486496e-05,0.0001939258872751,BT2,"(40.0, 45.0]",0.4520554191999995,"(0.45, 0.5]",0.6528976861980794,0.6527536027311941,0.00014408346688532525,0.07796520313153904,0.07795211175494415,1.3091376594887016e-05,0.15577110774906444,0.15574632428540056,2.4783463663885508e-05,0.6144397780504994,0.0018673966183688495
61,2061.847222222161,10146.611111111111,3180.3123507207533,3261.3208567542515,81.00850603349818,2733.154541,2778.3579102,45.2033692,7.367804655049277,7.364836728716761,0.0029679263325155,0.2996473008859812,20,0.7586553398086986,0.7585509718010998,0.0001043680075988,0.0008009377260452,0.1055480005143075,0.1055319325322334,1.6067982074069453e-05,9.852027704315702e-05,0.1865737652264361,0.1865480711314879,2.569409494816988e-05,0.0001968812303208,BT2,"(45.0, 50.0]",0.4972370611999999,"(0.45, 0.5]",0.6523023413899083,0.6521730678754724,0.0001292735144359236,0.07798792532110654,0.07797568715827076,1.2238162835784272e-05,0.15566899469505688,0.15564674227961692,2.2252415439960593e-05,0.6144729326940584,0.0018237103975607205
62,2062.861111111066,10146.555555555557,3178.9698138362046,3266.1110289958,87.1412151595955,2732.3913574,2780.980957,48.58959960000038,8.065203013192326,8.062249023508988,0.0029539896833377,0.3047446375784655,22,0.7582605754077982,0.75816705479279,9.35206150080379e-05,0.0008336587382612,0.1055745186545071,0.1055598053847058,1.4713269801362602e-05,9.95191395228856e-05,0.1864768998149646,0.1864538761647151,2.3023650249516653e-05,0.0002048672460094,BT2,"(45.0, 50.0]",0.5344855956000042,"(0.5, 0.55]",0.6518134561793338,0.6516976709624646,0.00011578521686927967,0.07800812308775834,0.0779969165622626,1.1206525495743858e-05,0.15558510545346133,0.15556516655704625,1.9938896415078178e-05,0.6145002435037134,0.0018152273797184737
63,2063.874999999942,10146.5,3177.4342265639125,3265.1140473292094,87.67982076529688,2731.5180664,2780.4355469,48.91748050000024,8.065203013192326,8.062249023508988,0.0029539896833377,0.3047446375784655,22,0.7582605754077982,0.75816705479279,9.35206150080379e-05,0.0008336587382612,0.1055745186545071,0.1055598053847058,1.4713269801362602e-05,9.95191395228856e-05,0.1864768998149646,0.1864538761647151,2.3023650249516653e-05,0.0002048672460094,BT2,"(45.0, 50.0]",0.5380922855000025,"(0.5, 0.55]",0.6518134561793338,0.6516976709624646,0.00011578521686927967,0.07800812308775834,0.0779969165622626,1.1206525495743858e-05,0.15558510545346133,0.15556516655704625,1.9938896415078178e-05,0.6145002435037134,0.0018152273797184737
64,2064.8888888888177,10146.444444444443,3176.366068435347,3263.773113145423,87.40704471007575,2731.027832,2779.6923828,48.66455079999969,7.716498811393528,7.713841516414846,0.0026572949786816,0.2912574301347312,21,0.7584476216959257,0.7583560284033636,9.159329256205222e-05,0.0007665573201878,0.1055614686351749,0.1055468799290868,1.4588706088074816e-05,9.3057507505101e-05,0.1865227953096874,0.1865002419677511,2.2553341936369985e-05,0.000188406718819,BT2,"(45.0, 50.0]",0.5353100587999965,"(0.5, 0.55]",0.652045070610555,0.6519316467913364,0.00011342381921863876,0.07799818339064478,0.07798707182474464,1.1111565900140397e-05,0.15562485233756468,0.15560532036967903,1.9531967885649815e-05,0.6144872855777022,0.0016328739784293143
65,2065.902777777723,10146.388888888889,3174.1509393663573,3262.4135290622185,88.26258969586115,2729.7695312,2778.9492188,49.17968759999985,8.065203013192326,8.062358828529993,0.002844184662333,0.299900123226171,22,0.7582605754077982,0.7581694885591336,9.1086848664596e-05,0.0008124412038997,0.1055745186545071,0.1055600659147323,1.4452739774896038e-05,9.699905184401558e-05,0.1864768998149646,0.1864544738058163,2.2426009148318095e-05,0.0001996530909832,BT2,"(45.0, 50.0]",0.5409765635999984,"(0.5, 0.55]",0.6518134561793338,0.6517006839800635,0.00011277219927030568,0.07800812308775834,0.07799711499701609,1.100809074225384e-05,0.15558510545346133,0.15556568412265653,1.9421330804791914e-05,0.6145002435037134,0.0017477521675731552
66,2066.9166666665988,10146.333333333334,3173.054874741005,3262.703400868641,89.64852612763616,2729.1467285,2779.107666,49.9609375,8.065203013192326,8.062358828529993,0.002844184662333,0.299900123226171,22,0.7582605754077982,0.7581694885591336,9.1086848664596e-05,0.0008124412038997,0.1055745186545071,0.1055600659147323,1.4452739774896038e-05,9.699905184401558e-05,0.1864768998149646,0.1864544738058163,2.2426009148318095e-05,0.0001996530909832,BT2,"(45.0, 50.0]",0.5495703125,"(0.5, 0.55]",0.6518134561793338,0.6517006839800635,0.00011277219927030568,0.07800812308775834,0.07799711499701609,1.100809074225384e-05,0.15558510545346133,0.15556568412265653,1.9421330804791914e-05,0.6145002435037134,0.0017477521675731552
67,2067.930555555504,10146.277777777776,3170.833911126348,3262.11919064474,91.28527951839168,2727.8835449,2778.7883301,50.90478520000033,8.413684727997884,8.410566623458877,0.0031181045390074,0.3107870748101241,23,0.7580857807833631,0.7579929645273834,9.281625597994778e-05,0.0008675979995297,0.1055861725096307,0.1055716556011224,1.4516908508220997e-05,0.0001017668889408,0.1864340088887768,0.186411161807165,2.2847081611859536e-05,0.0002131716182461,BT2,"(50.0, 55.0]",0.5599526372000037,"(0.55, 0.6]",0.6515970581329925,0.6514821682408408,0.00011488989215169276,0.07801699944438047,0.07800594240377853,1.1057040601933354e-05,0.15554796128799012,0.15552817564810542,1.9785639884695172e-05,0.6145123322054382,0.0019161136923258
68,2068.94444444438,10146.222222222224,3168.893417941857,3260.516422279506,91.62300433764858,2727.0310059,2778.0195312,50.98852530000022,8.413684727997884,8.410960528351412,0.0027241996464724,0.294490243309094,23,0.7580857807833631,0.7580011065340805,8.467424928276549e-05,0.0007893600770146,0.1055861725096307,0.1055725053576189,1.3667152011825648e-05,9.261424771267456e-05,0.1864340088887768,0.1864131606307354,2.0848258041345176e-05,0.0001939475903548,BT2,"(50.0, 55.0]",0.5608737783000024,"(0.55, 0.6]",0.6515970581329925,0.651492246090578,0.00010481204241452602,0.07801699944438047,0.07800658963211857,1.040981226189952e-05,0.15554796128799012,0.15552990662784869,1.805466014143109e-05,0.6145123322054382,0.0016740542781469847
69,2069.958333333285,10146.166666666666,3167.0872185293947,3258.4842926904275,91.39707416103283,2726.0048828,2776.9104004,50.90551760000017,8.413684727997884,8.410721237350053,0.002963490647831,0.3044602979224338,23,0.7580857807833631,0.7579961742152477,8.960656811562512e-05,0.000837655873234,0.1055861725096307,0.1055719928633684,1.41796462623269e-05,9.826417716174428e-05,0.1864340088887768,0.1864119498158757,2.205907290110725e-05,0.0002058144588991,BT2,"(50.0, 55.0]",0.5599606936000018,"(0.55, 0.6]",0.6515970581329925,0.6514861410525279,0.00011091708046462312,0.07801699944438047,0.07800619928401643,1.0800160364032863e-05,0.15554796128799012,0.15552885806290165,1.910322508846818e-05,0.6145123322054382,0.0018211015494676327
70,2070.972222222161,10146.111111111111,3166.5269055429326,3259.240363951319,92.71345840838649,2725.6862793,2777.3232422,51.63696290000007,8.413684727997884,8.410721237350053,0.002963490647831,0.3044602979224338,23,0.7580857807833631,0.7579961742152477,8.960656811562512e-05,0.000837655873234,0.1055861725096307,0.1055719928633684,1.41796462623269e-05,9.826417716174428e-05,0.1864340088887768,0.1864119498158757,2.205907290110725e-05,0.0002058144588991,BT2,"(50.0, 55.0]",0.5680065919000008,"(0.55, 0.6]",0.6515970581329925,0.6514861410525279,0.00011091708046462312,0.07801699944438047,0.07800619928401643,1.0800160364032863e-05,0.15554796128799012,0.15552885806290165,1.910322508846818e-05,0.6145123322054382,0.0018211015494676327
71,2071.986111111066,10146.055555555557,3166.2088913068865,3258.5171142710296,92.30822296414316,2725.2160645,2776.4821777,51.26611320000029,8.413684727997884,8.411124768291879,0.002559959706005,0.2875060385071574,23,0.7580857807833631,0.7580044701014804,8.131068188262394e-05,0.0007543860256276,0.1055861725096307,0.1055728501453832,1.3322364247500913e-05,8.852229172917614e-05,0.1864340088887768,0.1864139862423305,2.0022646446308293e-05,0.0001853540449533,BT2,"(50.0, 55.0]",0.5639272452000031,"(0.55, 0.6]",0.6515970581329925,0.6514964094073808,0.00010064872561166283,0.07801699944438047,0.0780068522443976,1.0147199982865618e-05,0.15554796128799012,0.1555306216072946,1.7339680695505066e-05,0.6145123322054382,0.0015731268092890804
72,2072.999999999942,10146.0,3167.3678555058805,3258.315763259672,90.9479077537917,2725.1105957,2775.5595703,50.44897459999993,8.413684727997884,8.411244459397997,0.0024402685998872,0.2823395217004417,23,0.7580857807833631,0.7580068937353,7.888704806300135e-05,0.0007279368126873,0.1055861725096307,0.1055730950784131,1.3077431217579988e-05,8.54268739161057e-05,0.1864340088887768,0.186414581071119,1.9427817657890067e-05,0.0001788551495216,BT2,"(50.0, 55.0]",0.5549387205999992,"(0.55, 0.6]",0.6515970581329925,0.651499409314358,9.764881863449926e-05,0.07801699944438047,0.07800703880099537,9.9606433850985e-06,0.15554796128799012,0.15553113672903363,1.682455895649082e-05,0.6145123322054382,0.0014995751485243826
73,2072.9999999999995,10145.0,3166.434435626977,3258.315763259672,91.88132763269503,2724.5820312,2775.5595703,50.97753909999983,8.413684727997884,8.411244459397997,0.0024402685998872,0.2823395217004417,23,0.7580857807833631,0.7580068937353,7.888704806300135e-05,0.0007279368126873,0.1055861725096307,0.1055730950784131,1.3077431217579988e-05,8.54268739161057e-05,0.1864340088887768,0.186414581071119,1.9427817657890067e-05,0.0001788551495216,BT2,"(50.0, 55.0]",0.5607529300999982,"(0.55, 0.6]",0.6515970581329925,0.651499409314358,9.764881863449926e-05,0.07801699944438047,0.07800703880099537,9.9606433850985e-06,0.15554796128799012,0.15553113672903363,1.682455895649082e-05,0.6145123322054382,0.0014995751485243826
74,2073.0000000000027,10145.0,3166.434435626977,3258.315763259672,91.88132763269503,2724.5820312,2775.5595703,50.97753909999983,8.413684727997884,8.411244459397997,0.0024402685998872,0.2823395217004417,23,0.7580857807833631,0.7580068937353,7.888704806300135e-05,0.0007279368126873,0.1055861725096307,0.1055730950784131,1.3077431217579988e-05,8.54268739161057e-05,0.1864340088887768,0.186414581071119,1.9427817657890067e-05,0.0001788551495216,BT2,"(50.0, 55.0]",0.5607529300999982,"(0.55, 0.6]",0.6515970581329925,0.651499409314358,9.764881863449926e-05,0.07801699944438047,0.07800703880099537,9.9606433850985e-06,0.15554796128799012,0.15553113672903363,1.682455895649082e-05,0.6145123322054382,0.0014995751485243826
75,2074.0,10145.999999999993,3169.2973710732945,3259.0497364418743,89.75236536857983,2725.1933594,2774.7539062,49.56054679999989,8.065203013192326,8.063309238059036,0.0018937751332899,0.2554659020447214,22,0.7582605754077982,0.7581901038426625,7.047156513579294e-05,0.0005927671337316,0.1055745186545071,0.1055621811111748,1.2337543332337344e-05,7.089539136162504e-05,0.1864768998149646,0.1864595343555017,1.736545946282788e-05,0.000145668836283,BT2,"(45.0, 50.0]",0.5451660147999987,"(0.5, 0.55]",0.6518134561793338,0.6517262061685891,8.72500107447216e-05,0.07800812308775834,0.0779987260542189,9.397033539443322e-06,0.15558510545346133,0.15557006663500195,1.50388184593786e-05,0.6145002435037134,0.0011637252805479208
76,2075.0,10146.000000000002,3168.760935338878,3253.3474174022854,84.5864820634074,2724.8913574,2771.6621094,46.77075200000036,7.716498811393528,7.714651812906034,0.001846998487494,0.2552268537326729,21,0.7584476216959257,0.7583754995783059,7.212211761970748e-05,0.0005919927535612,0.1055614686351749,0.1055489830168324,1.2485618342449903e-05,7.200384932892767e-05,0.1865227953096874,0.1865050239128599,1.777139682751241e-05,0.0001455020820009,BT2,"(45.0, 50.0]",0.514478272000004,"(0.5, 0.55]",0.652045070610555,0.6519557577547113,8.931285584379278e-05,0.07799818339064478,0.07798867364691874,9.509743726043851e-06,0.15562485233756468,0.15560946168321713,1.539065434755238e-05,0.6144872855777022,0.0011349570870463094
77,2076.0,10145.999999999996,3166.81548989006,3256.8420686769664,90.02657878690661,2723.7949219,2773.5578613,49.7629393999996,8.413684727997884,8.411659563958082,0.0020251640398019,0.2639387829902422,23,0.7580857807833631,0.7580151989112867,7.058187207643473e-05,0.0006255739297836,0.1055861725096307,0.1055739079754504,1.226453418032171e-05,7.344804066433674e-05,0.1864340088887768,0.1864166188541458,1.739003463107697e-05,0.0001537034439618,BT2,"(45.0, 50.0]",0.5473923333999955,"(0.5, 0.55]",0.6515970581329925,0.6515096892957628,8.736883722970656e-05,0.07801699944438047,0.07800765795535163,9.341489028841243e-06,0.15554796128799012,0.1555329014501089,1.5059837881220561e-05,0.6145123322054382,0.0012444882771972523
78,2077.0,10145.999999999998,3166.907261613649,3247.274125989127,80.36686437547769,2723.8466797,2768.361084,44.51440430000002,7.367804655049277,7.36580193828164,0.0020027167676364,0.2649014288777978,20,0.7586553398086986,0.7585755513394566,7.978846924189265e-05,0.0006282878785869,0.1055480005143075,0.1055347426103303,1.3257903977209606e-05,7.745057963304269e-05,0.1865737652264361,0.1865541106191067,1.96546073293169e-05,0.0001544424892071,BT2,"(40.0, 45.0]",0.4896584473000003,"(0.45, 0.5]",0.6523023413899083,0.6522035114579882,9.882993192011913e-05,0.07798792532110654,0.07797782744322203,1.009787788451566e-05,0.15566899469505688,0.15565197276739684,1.7021927660038072e-05,0.6144729326940584,0.0012306152455651038
79,2078.0,10146.0,3168.5551259035387,3251.084574900839,82.52944899730028,2723.3276367,2768.8254395,45.497802800000045,7.367804655049277,7.36637099634313,0.0014336587061469,0.2425499406449595,20,0.7586553398086986,0.758589889708055,6.54501006437047e-05,0.0004987478960083,0.1055480005143075,0.1055363255293655,1.1674984942017242e-05,6.162360834205405e-05,0.1865737652264361,0.1865576327499369,1.6132476499131077e-05,0.0001226004280391,BT2,"(45.0, 50.0]",0.5004758308000005,"(0.5, 0.55]",0.6523023413899083,0.6522212709931134,8.107039679483563e-05,0.07798792532110654,0.0779790330688374,8.892252269146472e-06,0.15566899469505688,0.15565502310863438,1.3971586422495408e-05,0.6144729326940584,0.000880944469648455
80,2079.0,10146.0,3169.078250188828,3251.5198983648543,82.44164817602632,2723.6210938,2769.0612793,45.4401855000001,7.367804655049277,7.36637099634313,0.0014336587061469,0.2425499406449595,20,0.7586553398086986,0.758589889708055,6.54501006437047e-05,0.0004987478960083,0.1055480005143075,0.1055363255293655,1.1674984942017242e-05,6.162360834205405e-05,0.1865737652264361,0.1865576327499369,1.6132476499131077e-05,0.0001226004280391,BT2,"(45.0, 50.0]",0.4998420405000011,"(0.45, 0.5]",0.6523023413899083,0.6522212709931134,8.107039679483563e-05,0.07798792532110654,0.0779790330688374,8.892252269146472e-06,0.15566899469505688,0.15565502310863438,1.3971586422495408e-05,0.6144729326940584,0.000880944469648455
81,2080.0,10145.999999999993,3167.117884260791,3247.358832615016,80.24094835422511,2722.5205078,2766.8063965,44.28588870000021,7.367804655049277,7.366205488413959,0.0015991666353176,0.2492267651555147,20,0.7586553398086986,0.758585739588019,6.960022067964422e-05,0.0005403945182149,0.1055480005143075,0.1055358756491975,1.2124865109980342e-05,6.671390657753129e-05,0.1865737652264361,0.1865566134424826,1.715178395345629e-05,0.0001328375396795,BT2,"(40.0, 45.0]",0.4871447757000023,"(0.45, 0.5]",0.6523023413899083,0.6522161306148199,8.621077508841335e-05,0.07798792532110654,0.07797869041882075,9.234902285798485e-06,0.15566899469505688,0.15565414033701228,1.4854358044602556e-05,0.6144729326940584,0.0009826446122700955
82,2081.0,10145.999999999996,3165.538262224285,3244.287525718287,78.7492634940013,2721.6328125,2765.1396484,43.50683590000017,7.367804655049277,7.366205488413959,0.0015991666353176,0.2492267651555147,20,0.7586553398086986,0.758585739588019,6.960022067964422e-05,0.0005403945182149,0.1055480005143075,0.1055358756491975,1.2124865109980342e-05,6.671390657753129e-05,0.1865737652264361,0.1865566134424826,1.715178395345629e-05,0.0001328375396795,BT2,"(40.0, 45.0]",0.4785751949000019,"(0.45, 0.5]",0.6523023413899083,0.6522161306148199,8.621077508841335e-05,0.07798792532110654,0.07797869041882075,9.234902285798485e-06,0.15566899469505688,0.15565414033701228,1.4854358044602556e-05,0.6144729326940584,0.0009826446122700955
83,2082.0,10145.999999999998,3166.8669627728214,3249.450835884283,82.5838731114618,2720.7878418,2766.2358398,45.4479980000001,7.716498811393528,7.714971372705536,0.0015274386879919,0.2399843628760816,21,0.7584476216959257,0.7583829418720395,6.46798238860639e-05,0.0004982716401571,0.1055614686351749,0.1055497289037296,1.1739731445287963e-05,6.0691018561431775e-05,0.1865227953096874,0.1865068505998095,1.594470987795854e-05,0.000122467223422,BT2,"(45.0, 50.0]",0.4999279780000011,"(0.45, 0.5]",0.652045070610555,0.6519649736174875,8.009699306754658e-05,0.07799818339064478,0.07798924175405904,8.941636585740875e-06,0.15562485233756468,0.1556110436531902,1.3808684374477798e-05,0.6144872855777022,0.0009385916532705094
84,2083.0,10145.999999999996,3165.0002416251523,3244.983739515317,79.98349789016493,2719.7414551,2763.8188477,44.07739259999971,7.367804655049277,7.366435009410833,0.0013696456384435,0.2399297560818813,20,0.7586553398086986,0.7585915091468782,6.383066182037433e-05,0.0004810816074124,0.1055480005143075,0.1055364988649,1.1501649407436032e-05,5.9464359259076005e-05,0.1865737652264361,0.1865580304585841,1.5734767851904864e-05,0.0001182579045589,BT2,"(40.0, 45.0]",0.4848513185999968,"(0.45, 0.5]",0.6523023413899083,0.652223276852221,7.906453768724564e-05,0.07798792532110654,0.07797916508940378,8.760231702764631e-06,0.15566899469505688,0.15565536754446427,1.3627150592609993e-05,0.6144729326940584,0.0008416101722060035
85,2084.0,10146.000000000004,3161.930320677982,3245.115423245556,83.18510256757372,2718.0185547,2763.8901367,45.87158199999976,7.716498811393528,7.714853644088514,0.0016451673050141,0.2456570172716076,21,0.7584476216959257,0.758380228503984,6.739319194162157e-05,0.0005361291804969,0.1055614686351749,0.1055494646910983,1.2003944076611708e-05,6.52625176524868e-05,0.1865227953096874,0.1865061847548036,1.6610554883867924e-05,0.0001317719003127,BT2,"(45.0, 50.0]",0.5045874019999974,"(0.5, 0.55]",0.652045070610555,0.6519616136189128,8.345699164225007e-05,0.07799818339064478,0.07798904051563527,9.14287500951294e-06,0.15562485233756468,0.15561046700974548,1.4385327819194105e-05,0.6144872855777022,0.0010109343915792979
86,2085.0,10145.999999999996,3160.125170912459,3240.326069970102,80.2008990576428,2717.0048828,2761.2939453,44.2890625,7.367804655049277,7.366278881794297,0.00152577325498,0.2462792125403057,20,0.7586553398086986,0.7585875932279661,6.774658073245287e-05,0.0005223955417745,0.1055480005143075,0.1055360777540368,1.1922760270716147e-05,6.451552467834354e-05,0.1865737652264361,0.1865570687321668,1.6696494269302642e-05,0.000128413255246,BT2,"(40.0, 45.0]",0.4871796874999999,"(0.45, 0.5]",0.6523023413899083,0.6522184265478908,8.391484201752952e-05,0.07798792532110654,0.0779788443514154,9.080969691141472e-06,0.15566899469505688,0.15565453464077725,1.4460054279630263e-05,0.6144729326940584,0.00093754636661372
87,2086.0,10146.0,3162.6288583829546,3237.9777891355943,75.34893075263972,2716.1555176,2757.6862793,41.53076169999986,7.019109320969807,7.017815935356635,0.001293385613172,0.2404652456714295,19,0.7588841799256796,0.7588184997731782,6.56801525014946e-05,0.0004692775519176,0.1055337936905759,0.1055222398013915,1.1553889184314304e-05,5.870129639184984e-05,0.1866299190728512,0.1866137313018314,1.618777101977226e-05,0.0001153677783337,BT2,"(40.0, 45.0]",0.4568383786999984,"(0.45, 0.5]",0.65258584486246,0.652504467888719,8.137697374099861e-05,0.07797710470182348,0.07796830475481979,8.79994700368758e-06,0.15571762764159483,0.15570360784669116,1.4019794903674665e-05,0.6144571426967703,0.0007947300282747774
88,2087.0,10146.0,3158.574368702364,3236.704864273016,78.13049557065187,2714.8371582,2758.0322266,43.195068399999855,7.367804655049277,7.366099298999641,0.0017053560496353,0.2533941093279006,20,0.7586553398086986,0.7585830803094449,7.225949925366293e-05,0.0005648982047978,0.1055480005143075,0.1055355833033956,1.2417210911913612e-05,6.971154924939604e-05,0.1865737652264361,0.1865559602246636,1.7805001772419617e-05,0.0001388608275402,BT2,"(40.0, 45.0]",0.4751457523999984,"(0.45, 0.5]",0.6523023413899083,0.6522128368200198,8.950456988843225e-05,0.07798792532110654,0.07797846775447739,9.45756662915076e-06,0.15566899469505688,0.15565357461765564,1.5420077401240295e-05,0.6144729326940584,0.0010478951331069572
89,2088.0,10145.999999999998,3156.923452040231,3231.5440131930263,74.62056115279529,2713.9084473,2755.2241211,41.31567380000024,6.670257665159539,6.668554498733602,0.001703166425937,0.2613345312690369,18,0.7591358237260786,0.7590551256085382,8.069811754059087e-05,0.0005598206681777,0.1055181675069636,0.1055051059311956,1.3061575768037584e-05,7.031137874236038e-05,0.1866916681925715,0.1866717924171361,1.987577543547145e-05,0.0001376315997753,BT2,"(40.0, 45.0]",0.4544724118000027,"(0.45, 0.5]",0.6528976861980794,0.6527976737676283,0.00010001243045110186,0.07796520313153904,0.07795525495967409,9.948171864948563e-06,0.15577110774906444,0.15575389345232415,1.7214296740286628e-05,0.6144397780504994,0.0010464932007357927
90,2089.0,10145.999999999998,3154.2288885448797,3235.068757536392,80.83986899151205,2712.3908691,2757.1425781,44.751708999999664,7.367804655049277,7.36589667947257,0.0019079755767066,0.2612396218291009,20,0.7586553398086986,0.7585779622971165,7.737751158222172e-05,0.0006087618476042,0.1055480005143075,0.1055350136025131,1.2986911794377054e-05,7.507036810172618e-05,0.1865737652264361,0.1865547029347649,1.906229167117912e-05,0.0001496429050547,BT2,"(40.0, 45.0]",0.4922687989999963,"(0.45, 0.5]",0.6523023413899083,0.6522064976548015,9.58437351067376e-05,0.07798792532110654,0.07797803384353989,9.891477566650875e-06,0.15566899469505688,0.15565248574203835,1.650895301852362e-05,0.6144729326940584,0.001172399348127542
91,2090.0,10146.0,3154.3785483497863,3236.7849416034096,82.40639325362326,2711.7858887,2757.340332,45.5544433,7.716498811393528,7.714654093206894,0.0018447181866338,0.2550639914940352,21,0.7584476216959257,0.7583755674556026,7.205424032310397e-05,0.0005912956095502,0.1055614686351749,0.1055489908321841,1.247780299076134e-05,7.192502043984472e-05,0.1865227953096874,0.186505040585018,1.775472466950904e-05,0.0001453308367963,BT2,"(45.0, 50.0]",0.5010988763,"(0.5, 0.55]",0.652045070610555,0.6519558418074505,8.922880310457959e-05,0.07799818339064478,0.07798867959950505,9.5037911397311e-06,0.15562485233756468,0.15560947612183992,1.5376215724755005e-05,0.6144872855777022,0.0011335558711604247
92,2091.0,10145.999999999996,3154.2451868941203,3235.696736872464,81.45154997834379,2710.2348633,2755.1494141,44.91455079999969,7.367804655049277,7.366303589108232,0.0015010659410448,0.2452395942208203,20,0.7586553398086986,0.7585881965823281,6.714322637046966e-05,0.0005162989529423,0.1055480005143075,0.1055361427143661,1.1857799941344947e-05,6.37730890987731e-05,0.1865737652264361,0.1865572169112448,1.65483151912893e-05,0.0001269147122411,BT2,"(40.0, 45.0]",0.4940600587999966,"(0.45, 0.5]",0.6523023413899083,0.6522191738684329,8.316752147541351e-05,0.07798792532110654,0.07797889382827528,9.031492831268473e-06,0.15566899469505688,0.15565466297132713,1.4331723729749113e-05,0.6144729326940584,0.0009223643909609649
93,2092.0,10145.999999999996,3153.416719584128,3239.4885048968144,86.07178531268664,2709.7697754,2757.2019043,47.43212889999995,7.716498811393528,7.714872425835891,0.0016263855576372,0.2447112222437714,21,0.7584476216959257,0.7583806487471383,6.697294878738311e-05,0.00053057188472,0.1055614686351749,0.1055495056818669,1.1962953307996318e-05,6.459446442408368e-05,0.1865227953096874,0.1865062878790887,1.650743059871964e-05,0.0001304060782536,BT2,"(45.0, 50.0]",0.5217534178999995,"(0.5, 0.55]",0.652045070610555,0.6519621340107248,8.293659983027446e-05,0.07799818339064478,0.07798907173638761,9.111654257168422e-06,0.15562485233756468,0.15561055631872225,1.4296018842424596e-05,0.6144872855777022,0.0009993932466152604
94,2093.0,10145.999999999998,3151.581350997783,3238.0716415873662,86.49029058958331,2708.7390137,2756.4350586,47.69604489999983,8.065203013192326,8.063386199892015,0.0018168133003104,0.2515501427421781,22,0.7582605754077982,0.7581916932921402,6.888211565805122e-05,0.0005697958311247,0.1055745186545071,0.1055623298356592,1.218881884790246e-05,6.816898500394686e-05,0.1864768998149646,0.1864599242416797,1.6975573284879047e-05,0.0001400238094205,BT2,"(45.0, 50.0]",0.5246564938999981,"(0.5, 0.55]",0.6518134561793338,0.6517281739684613,8.528221087256149e-05,0.07800812308775834,0.07799883933155113,9.283756207206784e-06,0.15558510545346133,0.1555704042826867,1.4701170774622518e-05,0.6145002435037134,0.0011164322154415258
95,2094.0,10145.999999999996,3151.9685103900715,3238.4995981324773,86.53108774240582,2708.3547363,2755.973877,47.61914070000012,8.065203013192326,8.063516689936996,0.0016863232553294,0.2450588154307112,22,0.7582605754077982,0.7581944035374284,6.617187036974467e-05,0.0005262625207063,0.1055745186545071,0.1055625762399821,1.1942414525057853e-05,6.299203467352577e-05,0.1864768998149646,0.1864605889181634,1.6310896801283928e-05,0.0001293256465483,BT2,"(45.0, 50.0]",0.5238105477000012,"(0.5, 0.55]",0.6518134561793338,0.6517315293652338,8.192681410001956e-05,0.07800812308775834,0.0779990270076267,9.09608013163754e-06,0.15558510545346133,0.155570979903308,1.4125550153315514e-05,0.6145002435037134,0.0010362460510258908
96,2095.0,10145.999999999998,3147.054756699013,3234.394439036865,87.33968233785163,2707.3666992,2755.6896973,48.32299809999995,8.065203013192326,8.063123704630312,0.0020793085620134,0.264448339930835,22,0.7582605754077982,0.7581862068648597,7.436854293845825e-05,0.000643140071224,0.1055745186545071,0.1055618031986143,1.2715455892819971e-05,7.689157016199655e-05,0.1864768998149646,0.186458578158485,1.832165647959082e-05,0.0001580479774239,BT2,"(45.0, 50.0]",0.5315529790999994,"(0.5, 0.55]",0.6518134561793338,0.6517213815748549,9.207460447890892e-05,0.07800812308775834,0.07799843821378519,9.684873973153652e-06,0.15558510545346133,0.155569238553273,1.5866900188316047e-05,0.6145002435037134,0.0012777356176765903
97,2096.0,10146.0,3145.194583252208,3237.72439724625,92.5298139940428,2706.3171387,2757.4960938,51.17895509999971,8.413684727997884,8.411619435668593,0.0020652923292914,0.2656579951575726,23,0.7580857807833631,0.7580144421757461,7.133860761711896e-05,0.0006362483705775,0.1055861725096307,0.1055738388081224,1.2333701508268986e-05,7.470431370426578e-05,0.1864340088887768,0.1864164332678267,1.7575620950104486e-05,0.0001563264026267,BT2,"(50.0, 55.0]",0.5629685060999968,"(0.55, 0.6]",0.6515970581329925,0.6515087526194788,8.830551351368676e-05,0.07801699944438047,0.078007605273081,9.39417129947051e-06,0.15554796128799012,0.15553274073220724,1.5220555782874401e-05,0.6145123322054382,0.0012691476059588601
98,2097.0,10146.0,3142.457912183983,3238.049154839852,95.59124265586888,2704.7714844,2757.6721191,52.90063469999996,8.761919291283586,8.759680976674954,0.0022383146086326,0.2759887536855274,24,0.7579167921367335,0.7578448589667565,7.193316997703796e-05,0.0006758108310658,0.1055956053510881,0.1055833377454041,1.226760568397156e-05,7.79830571896456e-05,0.1863925379582317,0.1863748195543877,1.771840384398593e-05,0.0001660186683897,BT2,"(50.0, 55.0]",0.5819069816999995,"(0.55, 0.6]",0.651387889722489,0.6512988657403994,8.902398208954221e-05,0.07802418417246162,0.07801484029251786,9.34387994376562e-06,0.1555120474763426,0.15549670352962,1.5343946722590207e-05,0.6145239511260489,0.001375497937160061
99,2098.0,10145.999999999998,3144.2681753531824,3242.2771192046844,98.00894385150195,2704.1628418,2758.2397461,54.07690430000002,8.761919291283586,8.760006898248294,0.0019123930352922,0.2617612315767684,24,0.7579167921367335,0.7578510298011029,6.576233563064526e-05,0.000585939986208,0.1055956053510881,0.1055838968720807,1.1708479007374596e-05,6.76381155992889e-05,0.1863925379582317,0.1863763326002092,1.6205358022496525e-05,0.0001439399454031,BT2,"(50.0, 55.0]",0.5948459473000003,"(0.55, 0.6]",0.651387889722489,0.6513065024297313,8.138729275763978e-05,0.07802418417246162,0.07801526616165781,8.918010803812826e-06,0.1555120474763426,0.15549801380666686,1.4033669675728166e-05,0.6145239511260489,0.0011752113241537002
100,2099.0,10146.0,3144.560940321951,3239.1071290848126,94.54618876286168,2703.3869629,2755.4001465,52.01318360000005,8.413684727997884,8.41202736916641,0.0016573588314745,0.2468576143711155,23,0.7580857807833631,0.7580222005698959,6.358021346748551e-05,0.0005097217210792,0.1055861725096307,0.1055745227952045,1.1649714426199408e-05,5.989223982194592e-05,0.1864340088887768,0.1864183353582897,1.5673530487133554e-05,0.0001252375011139,BT2,"(50.0, 55.0]",0.5721450196000005,"(0.55, 0.6]",0.6515970581329925,0.6515183558863487,7.870224664385805e-05,0.07801699944438047,0.07800812624158011,8.87320280035242e-06,0.15554796128799012,0.15553438794465443,1.3573343335682164e-05,0.6145123322054382,0.0010184674408306748
101,2100.0,10146.000000000002,3144.019343255135,3240.079743191991,96.0603999368559,2703.0830078,2755.9245605,52.84155270000019,8.761919291283586,8.760258378043893,0.0016609132396929,0.2504863761261784,24,0.7579167921367335,0.7578554884218233,6.130371491014826e-05,0.0004981247622777,0.1055956053510881,0.1055842420908272,1.1363260260827124e-05,5.7526170956556655e-05,0.1863925379582317,0.186377424588888,1.5113369343691674e-05,0.000122366313943,BT2,"(50.0, 55.0]",0.5812570797000021,"(0.55, 0.6]",0.651387889722489,0.6513120202105542,7.586951193472302e-05,0.07802418417246162,0.07801552910394917,8.655068512455899e-06,0.1555120474763426,0.15549895945447204,1.3088021870555355e-05,0.6145239511260489,0.0010206709665336472
102,2101.0,10145.999999999996,3144.2359820105885,3240.2584247249865,96.02244271439804,2703.2045898,2756.020752,52.81616219999978,8.761919291283586,8.760258378043893,0.0016609132396929,0.2504863761261784,24,0.7579167921367335,0.7578554884218233,6.130371491014826e-05,0.0004981247622777,0.1055956053510881,0.1055842420908272,1.1363260260827124e-05,5.7526170956556655e-05,0.1863925379582317,0.186377424588888,1.5113369343691674e-05,0.000122366313943,BT2,"(50.0, 55.0]",0.5809777841999976,"(0.55, 0.6]",0.651387889722489,0.6513120202105542,7.586951193472302e-05,0.07802418417246162,0.07801552910394917,8.655068512455899e-06,0.1555120474763426,0.15549895945447204,1.3088021870555355e-05,0.6145239511260489,0.0010206709665336472
103,2102.0,10145.0,3146.219395839283,3243.5430704612445,97.32367462196136,2702.7243652,2756.0976562,53.37329099999988,8.761919291283586,8.7603541043498,0.0015651869337869,0.2461504337426012,24,0.7579167921367335,0.7578570471553765,5.974498135686198e-05,0.000454491433492,0.1055956053510881,0.105584330752498,1.1274598590085838e-05,5.250212407259536e-05,0.1863925379582317,0.1863778056715414,1.4732286690276784e-05,0.0001116469552132,BT2,"(50.0, 55.0]",0.5871062009999987,"(0.55, 0.6]",0.651387889722489,0.6513139492331589,7.394048933007102e-05,0.07802418417246162,0.07801559663477145,8.587537690174507e-06,0.1555120474763426,0.1554992894671268,1.2758009215796395e-05,0.6145239511260489,0.0009618448588015911
104,2102.0,10144.999999999998,3146.219395839283,3243.5430704612445,97.32367462196136,2702.7243652,2756.0976562,53.37329099999988,8.761919291283586,8.7603541043498,0.0015651869337869,0.2461504337426012,24,0.7579167921367335,0.7578570471553765,5.974498135686198e-05,0.000454491433492,0.1055956053510881,0.105584330752498,1.1274598590085838e-05,5.250212407259536e-05,0.1863925379582317,0.1863778056715414,1.4732286690276784e-05,0.0001116469552132,BT2,"(50.0, 55.0]",0.5871062009999987,"(0.55, 0.6]",0.651387889722489,0.6513139492331589,7.394048933007102e-05,0.07802418417246162,0.07801559663477145,8.587537690174507e-06,0.1555120474763426,0.1554992894671268,1.2758009215796395e-05,0.6145239511260489,0.0009618448588015911
105,2103.0,10144.999999999998,3145.585253033142,3240.343748531556,94.7584954984136,2702.3691406,2754.378418,52.00927739999997,8.761919291283586,8.7603541043498,0.0015651869337869,0.2461504337426012,24,0.7579167921367335,0.7578570471553765,5.974498135686198e-05,0.000454491433492,0.1055956053510881,0.105584330752498,1.1274598590085838e-05,5.250212407259536e-05,0.1863925379582317,0.1863778056715414,1.4732286690276784e-05,0.0001116469552132,BT2,"(50.0, 55.0]",0.5721020513999997,"(0.55, 0.6]",0.651387889722489,0.6513139492331589,7.394048933007102e-05,0.07802418417246162,0.07801559663477145,8.587537690174507e-06,0.1555120474763426,0.1554992894671268,1.2758009215796395e-05,0.6145239511260489,0.0009618448588015911
106,2104.0,10144.999999999998,3146.6508746060804,3241.8684466871987,95.2175720811183,2702.9660645,2755.1977539,52.23168940000005,8.761919291283586,8.7603541043498,0.0015651869337869,0.2461504337426012,24,0.7579167921367335,0.7578570471553765,5.974498135686198e-05,0.000454491433492,0.1055956053510881,0.105584330752498,1.1274598590085838e-05,5.250212407259536e-05,0.1863925379582317,0.1863778056715414,1.4732286690276784e-05,0.0001116469552132,BT2,"(50.0, 55.0]",0.5745485834000006,"(0.55, 0.6]",0.651387889722489,0.6513139492331589,7.394048933007102e-05,0.07802418417246162,0.07801559663477145,8.587537690174507e-06,0.1555120474763426,0.1554992894671268,1.2758009215796395e-05,0.6145239511260489,0.0009618448588015911
107,2105.0,10144.999999999996,3151.5846298928145,3250.371079796722,98.7864499039074,2703.3198242,2757.2265625,53.90673830000014,9.110104155843873,9.108439420310669,0.001664735533204,0.2488647827394353,25,0.7577558557982207,0.7576953410303235,6.051476789717736e-05,0.0003631961857504,0.105603140404657,0.105591542153578,1.1598251079001363e-05,4.146028485263464e-05,0.1863530397859271,0.1863381132383526,1.4926547574538596e-05,8.920620922381328e-05,BT2,"(50.0, 55.0]",0.5929741213000016,"(0.55, 0.6]",0.6511887263403844,0.651113847189316,7.48791510684077e-05,0.07802992343770646,0.07802108934518782,8.834092518630876e-06,0.15547784263661946,0.15546491660790962,1.2926028709836501e-05,0.6145349623535726,0.0010230381882261746
108,2106.0,10145.000000000004,3150.9504406269475,3246.5982107051336,95.64777007818611,2703.8134766,2756.2512207,52.43774410000015,8.761919291283586,8.760370478127939,0.0015488131556473,0.2453750632021588,24,0.7579167921367335,0.7578573028425805,5.948929415299879e-05,0.0004462479649552,0.1055956053510881,0.1055843424434209,1.1262907667189404e-05,5.15537113957576e-05,0.1863925379582317,0.1863778681229168,1.466983531496028e-05,0.0001096218115241,BT2,"(50.0, 55.0]",0.5768151851000016,"(0.55, 0.6]",0.651387889722489,0.6513142656611429,7.362406134603372e-05,0.07802418417246162,0.07801560553938212,8.578633079500686e-06,0.1555120474763426,0.15549934354921602,1.2703927126572756e-05,0.6145239511260489,0.0009517827799643829
109,2107.0,10145.000000000002,3153.561761502667,3248.907984465399,95.34622296273164,2705.2741699,2757.4912109,52.217041000000336,8.761919291283586,8.760432155583231,0.0014871357003549,0.2426358470230692,24,0.7579167921367335,0.7578581249079602,5.866722877314693e-05,0.0004075044924416,0.1055956053510881,0.1055843485559236,1.1256795164449327e-05,4.709004675162998e-05,0.1863925379582317,0.1863780682520387,1.4469706193033042e-05,0.0001001037419851,BT2,"(50.0, 55.0]",0.5743874510000038,"(0.55, 0.6]",0.651387889722489,0.6513152830161357,7.260670635322874e-05,0.07802418417246162,0.07801561019508448,8.573977377149267e-06,0.1555120474763426,0.1554995168584751,1.253061786748999e-05,0.6145239511260489,0.0009138805064426971
110,2108.0,10145.0,3158.625863990099,3249.417848271169,90.79198428107064,2708.1022949,2757.7646484,49.662353500000336,8.413684727997884,8.412262257837863,0.0014224701600209,0.2360389814087936,23,0.7580857807833631,0.7580259428351261,5.983794823715283e-05,0.000385491921752,0.1055861725096307,0.1055747007627948,1.147174683585847e-05,4.534297925418152e-05,0.1864340088887768,0.1864192497402543,1.475914852254396e-05,9.47131784577726e-05,BT2,"(45.0, 50.0]",0.5462858885000037,"(0.5, 0.55]",0.6515970581329925,0.6515229880577743,7.407007521820219e-05,0.07801699944438047,0.07800826179316311,8.737651217352593e-06,0.15554796128799012,0.15553517980090248,1.2781487087637489e-05,0.6145123322054382,0.0008741254555270862
111,2109.0,10145.000000000002,3167.9887031461094,3257.964601180852,89.97589803474193,2711.8388672,2760.7546387,48.91577150000012,8.413684727997884,8.412270983405673,0.0014137445922113,0.236750374807778,23,0.7580857807833631,0.758024549869716,6.123091364709425e-05,0.0002760804782913,0.1055861725096307,0.1055742586913185,1.191381831216307e-05,3.252033266076815e-05,0.1864340088887768,0.1864189017376674,1.5107151109392824e-05,6.783008415001124e-05,BT2,"(45.0, 50.0]",0.5380734865000013,"(0.5, 0.55]",0.6515970581329925,0.6515212638445038,7.57942884886953e-05,0.07801699944438047,0.0780079250830706,9.074361309868717e-06,0.15554796128799012,0.15553487843006925,1.3082857920870827e-05,0.6145123322054382,0.0008687634865025922
112,2110.0,10145.000000000002,3175.934251701902,3263.341727567669,87.40747586576663,2714.689209,2761.8886719,47.19946290000007,8.065203013192326,8.063539182691027,0.0016638305012985,0.2471463328356359,22,0.7582605754077982,0.7581905841583317,6.999124946638347e-05,0.0003184914034519,0.1055745186545071,0.1055613076290603,1.3211025446844474e-05,4.385251283622882e-05,0.1864768998149646,0.1864596342571312,1.7265557833389224e-05,7.837959003442752e-05,BT2,"(45.0, 50.0]",0.5191940919000008,"(0.5, 0.55]",0.6518134561793338,0.6517268008175648,8.665536176899469e-05,0.07800812308775834,0.07799806075896125,1.0062328797091902e-05,0.15558510545346133,0.1555701531514106,1.4952302050730282e-05,0.6145002435037134,0.0010224242481968336
113,2111.0,10144.999999999998,3186.4662842491084,3265.482305872389,79.01602162328072,2720.4699707,2763.0227051,42.55273440000019,7.367804655049277,7.366208204698826,0.0015964503504504,0.2485468820082995,20,0.7586553398086986,0.7585836153633785,7.172444532022038e-05,0.000337182715054,0.1055480005143075,0.1055347320791963,1.326843511112452e-05,4.830558141177832e-05,0.1865737652264361,0.186556075831675,1.76893947611112e-05,8.301420435052886e-05,BT2,"(40.0, 45.0]",0.468080078400002,"(0.45, 0.5]",0.6523023413899083,0.6522134995394908,8.884185041746484e-05,0.07798792532110654,0.07797781942221858,1.010589888796043e-05,0.15566899469505688,0.15565367473910832,1.5319955948556174e-05,0.6144729326940584,0.0009809755287417147
114,2112.0,10144.999999999998,3194.4502104386224,3274.9575726085336,80.50736216991118,2724.8349609,2768.03125,43.19628909999983,7.367804655049277,7.365808370746984,0.0019962843022929,0.2639321703075868,20,0.7586553398086986,0.7585729147453105,8.242506338796973e-05,0.0004306481825289,0.1055480005143075,0.1055332996598023,1.4700854505156346e-05,6.085073169570521e-05,0.1865737652264361,0.1865534429271706,2.032229926547946e-05,0.0001060114529258,BT2,"(40.0, 45.0]",0.4751591800999982,"(0.45, 0.5]",0.6523023413899083,0.6522002457988333,0.000102095591074991,0.07798792532110654,0.07797672842517821,1.1196895928336503e-05,0.15566899469505688,0.15565139451332083,1.760018173604938e-05,0.6144729326940584,0.0012266626697210305
115,2113.0,10144.999999999998,3206.409895278366,3281.1129743494994,74.70307907113329,2730.8112793,2770.6774902,39.86621090000017,7.019109320969807,7.016230671291099,0.0028786496787081,0.2890937928965098,19,0.7588841799256796,0.758778825739262,0.0001053541864174,0.0005964372426762,0.1055337936905759,0.1055163313784764,1.7462312099378757e-05,8.375033998819781e-05,0.1866299190728512,0.1866039603636538,2.595870919733965e-05,0.0001468152760114,BT2,"(35.0, 40.0]",0.4385283199000018,"(0.4, 0.45]",0.65258584486246,0.6524553152131201,0.00013052964933990552,0.07797710470182348,0.07796380466462058,1.3300037202901294e-05,0.15571762764159483,0.15569514554357589,2.2482098018944408e-05,0.6144571426967703,0.001768806856403955
116,2114.0,10144.999999999998,3215.2452315364726,3279.828192411804,64.58296087533154,2737.0043945,2771.5505371,34.54614259999971,5.972014965399698,5.970071629171369,0.0019433362283285,0.2452476852648992,16,0.7597376814848974,0.7596512120961249,8.646938877262395e-05,0.0004221486652218,0.1054792866015329,0.1054651929385107,1.4093663022227145e-05,6.157149468877243e-05,0.1868393523694015,0.1868180521878203,2.1300181581265787e-05,0.0001039477712025,BT2,"(30.0, 35.0]",0.3800075685999968,"(0.35, 0.4]",0.6536438886952562,0.6535366490688744,0.0001072396263818165,0.07793559024094919,0.07792485624074075,1.0734000208442729e-05,0.15589902054436208,0.1558805714731816,1.844907118048189e-05,0.6143981874656855,0.0011939822563214319
117,2115.0,10144.999999999993,3224.502815898093,3285.451624306565,60.94880840847191,2742.0144043,2774.5144043,32.5,5.618558803964179,5.61558578590629,0.0029730180578892,0.2618766569605124,15,0.7599608035418485,0.7598387198474817,0.0001220836943667,0.0005570899091749,0.1054148394401572,0.1053966130448413,1.8226395315908604e-05,7.990507694877191e-05,0.1868939747635332,0.1868639219921074,3.0052771425833253e-05,0.000137150678098,BT2,"(30.0, 35.0]",0.3575,"(0.35, 0.4]",0.6539206552187717,0.6537692104691839,0.00015144474958783682,0.07788650678591154,0.07787262575770657,1.3881028204973389e-05,0.15594633225458185,0.1559203016283171,2.6030626264744727e-05,0.6143809345997749,0.0018265656129879744
118,2116.0,10145.0,3233.5652289533896,3288.1019690451853,54.53674009179576,2746.8994141,2775.9094238,29.010009699999955,5.266493369301953,5.262944567233923,0.00354880206803,0.2752650112966767,14,0.760257643002303,0.7601169750336546,0.0001406679686483,0.0005968862925943,0.1053413619942907,0.1053213362826077,2.0025711682969405e-05,8.514364647693728e-05,0.1869666799734111,0.186932065128589,3.4614844822137124e-05,0.0001469372831061,BT2,"(25.0, 30.0]",0.3191101066999995,"(0.3, 0.35]",0.6542889740772655,0.6541144171991075,0.00017455687815803866,0.07783054804964364,0.07781529734353725,1.525070610639001e-05,0.1560093082019472,0.15597932521229457,2.9982989652621583e-05,0.614358435129503,0.002180236485099255
119,2117.0,10145.0,3243.418944616471,3292.072007612587,48.653062996116205,2750.9301758,2776.7104492,25.780273399999714,4.917700191561638,4.914187186531675,0.0035130050299629,0.2984564989193672,13,0.7607888975632343,0.7606427497800428,0.0001461477831914,0.0005439286473887,0.1052785585275811,0.1052584250995325,2.013342804865545e-05,7.785841660379322e-05,0.1870969822538025,0.1870610286990035,3.595355479895774e-05,0.0001339014891221,BT2,"(25.0, 30.0]",0.2835830073999968,"(0.25, 0.3]",0.6549484730137523,0.654767004655825,0.00018146835792720584,0.07778272027361126,0.07776738809808383,1.5332175527432712e-05,0.15612217836396805,0.15609103415437733,3.114420959071662e-05,0.6143206849957915,0.00215811165640047
120,2118.0,10145.000000000004,3253.2147092963,3295.509441964503,42.29473266820287,2756.1625977,2778.512207,22.34960930000034,3.8955237502029054,3.892280015196656,0.0032437350062504,0.2773085048825384,10,0.7643004584759725,0.7641497114246616,0.0001507470513109,0.0004285062674734,0.1052397667223153,0.1052204310129985,1.933570931678119e-05,6.235490868333748e-05,0.1879592478529636,0.1879221806232848,3.706722967873333e-05,0.000105496311137,BT2,"(20.0, 25.0]",0.2458457023000037,"(0.2, 0.25]",0.6593179920379835,0.6591300465333839,0.0001879455045995515,0.07775317937642176,0.07773845501632927,1.4724360092491229e-05,0.15686923923373045,0.1568371190477336,3.21201859968534e-05,0.6140846823474684,0.0019919279809326403
121,2119.0000000000005,10145.0,3261.1753906146228,3304.05626876765,42.88087815302743,2760.3991699,2782.9816895,22.58251960000007,4.233196172682985,4.228756562977236,0.0044396097057486,0.3151319585686953,11,0.7627972561090833,0.7625918397826276,0.0002054163264557,0.0005685576053077,0.1051932634521696,0.1051668290742074,2.6434377962226595e-05,8.240662063896398e-05,0.187589976467415,0.1875394663380306,5.051012938441588e-05,0.0001399782234138,BT2,"(20.0, 25.0]",0.2484077156000007,"(0.2, 0.25]",0.6574453341817967,0.6571896854033669,0.0002556487784298733,0.07771776689406096,0.07769763740616463,2.012948789632818e-05,0.15654927296881746,0.15650551069461388,4.3762274203579254e-05,0.6141834783766617,0.0027267349317114625
122,2119.0,10145.999999999996,3263.687951289636,3310.8009003274224,47.11294903778662,2761.7336426,2786.4973145,24.763671899999736,4.572758751550297,4.568374625139725,0.0043841264105717,0.3425715994927734,12,0.761610112591533,0.761413078735861,0.0001970338556719,0.0005811701723237,0.1051766301245352,0.1051508790334863,2.575109104883492e-05,8.402869110224476e-05,0.1872983977484535,0.1872499448394013,4.845290905213425e-05,0.0001430830962559,BT2,"(20.0, 25.0]",0.272400390899997,"(0.25, 0.3]",0.6559687308642629,0.6557238518355883,0.00024487902867453837,0.07770510076188829,0.0776854917759566,1.9608985931687806e-05,0.15629665984918722,0.15625468493101066,4.1974918176562737e-05,0.6142621556659289,0.002693002939669704
123,2120.0,10146.000000000004,3270.545547084911,3321.5547125580106,51.00916547309953,2765.5437012,2792.2431641,26.699462899999617,4.913755804285896,4.90724161757008,0.0065141867158162,0.4078245227970952,13,0.7606240661347233,0.7603603200518059,0.0002637460829174,0.0008942158509285,0.1050969412482015,0.1050625276741908,3.441357401070032e-05,0.0001259890543127,0.1870560475892836,0.1869911882761031,6.485931318055672e-05,0.0002201084861166,BT2,"(25.0, 30.0]",0.2936940918999958,"(0.25, 0.3]",0.6547438078246832,0.6544164055123199,0.00032740231236327855,0.07764442009206957,0.07761821606875376,2.620402331580951e-05,0.156086719381257,0.15603053727397329,5.618210728372541e-05,0.6143250554685209,0.0040018281155260885
124,2121.0,10146.000000000004,3276.2777700024467,3335.9009672932907,59.62319729084402,2768.5722656,2799.6520996,31.07983400000012,5.257629022184287,5.247632074670699,0.0099969475135877,0.4470534079650923,14,0.7599183103760784,0.7595444480961362,0.0003738622799422,0.0014138888764673,0.1050397407501345,0.1049908625045424,4.887824559210045e-05,0.000194925176834,0.186882589890604,0.1867906450675942,9.19448230097819e-05,0.0003479617742065,BT2,"(30.0, 35.0]",0.3418781740000013,"(0.3, 0.35]",0.6538679400334105,0.6534042548668416,0.0004636851665689168,0.07760086538266012,0.07756364871601354,3.7216666646577856e-05,0.15593647105094272,0.15585683313580878,7.963791513393437e-05,0.6143700320635946,0.0061418249644609475
125,2122.0,10146.000000000002,3282.730614064351,3351.833641376321,69.10302731196998,2771.9724121,2807.8173828,35.844970699999976,6.288754013322509,6.280776968747439,0.0079770445750702,0.502565426954001,17,0.7583401566898327,0.7580890881256775,0.000251068564155,0.0014733648418872,0.1049871346842645,0.1049521876840406,3.4947000223890394e-05,0.0002012671803938,0.1864949217732195,0.1864331464456937,6.177532752585206e-05,0.0003625791878272,BT2,"(35.0, 40.0]",0.3942946776999997,"(0.35, 0.4]",0.6519119934088314,0.6516011522586022,0.0003108411502292796,0.07756081033847623,0.0775342018505864,2.6608487889823174e-05,0.15560071292483932,0.15554721440639951,5.349851843980402e-05,0.614473268347101,0.004901680651793898
126,2123.000000000004,10146.0,3287.8644315052125,3357.6301903939698,69.76575888875732,2774.6716309,2810.7658691,36.09423820000029,6.631278726292173,6.6204690997271545,0.0108096265650186,0.54164616353392,18,0.7579029068302376,0.7575983978418446,0.0003045089883929,0.001690111585186,0.1049506675190706,0.1049087837054552,4.188381361542993e-05,0.000229524908502,0.1863874599741163,0.1863125390708616,7.492090325466543e-05,0.0004158978370815,BT2,"(35.0, 40.0]",0.3970366202000032,"(0.35, 0.4]",0.6513707047862783,0.6509939035721958,0.00037680121408256717,0.07753304441617434,0.077501155013374,3.1889402800341915e-05,0.1555076499855209,0.15544277018085836,6.487980466254872e-05,0.6145010419489315,0.00664252678728278
127,2124.0,10146.999999999998,3291.259815595581,3384.216128431166,92.95631283558488,2776.2741699,2823.9963379,47.72216800000024,8.673418996033654,8.661361023042002,0.0120579729916521,0.6909338114984753,24,0.7555625676673232,0.7552369383030376,0.0003256293642853,0.0021356135552333,0.1047080374079495,0.1046645609340772,4.34764738722615e-05,0.000239347228911,0.1858121541672483,0.1857320489993105,8.01051679377764e-05,0.0005246106806806,BT2,"(45.0, 50.0]",0.5249438480000026,"(0.5, 0.55]",0.6484781737163978,0.648076335641269,0.0004018380751288353,0.07734832207700461,0.07731522476143908,3.309731556552786e-05,0.1550094989493847,0.1549401460122925,6.935293709220414e-05,0.6146477212840255,0.007411405622623287
128,2125.0,10146.999999999998,3295.9355751283524,3392.820586919047,96.88501179069452,2778.723877,2828.2299805,49.50610349999988,8.994028808701144,8.959121337177594,0.0349074715235495,2.070201537538009,25,0.7539145847254871,0.7513610981129617,0.0025534866125255,0.0171512870309187,0.1042298565644256,0.103933972101089,0.0002958844633366,0.0020724761427066,0.1854062521317153,0.1847787887736585,0.0006274633580567,0.0042160779225454,BT2,"(45.0, 50.0]",0.5445671384999987,"(0.5, 0.55]",0.646446062633244,0.6433050358922071,0.0031410267410368897,0.0769843437404708,0.07675917535131103,0.00022516838915977166,0.15465810300478935,0.1541150121123359,0.0005430908924534683,0.6147392388269463,0.02145899247376012
129,2126.0,10146.999999999998,3301.064871502616,3406.443080289904,105.37820878728826,2781.4052734,2834.8076172,53.402343799999926,9.285059185836197,9.280289639962763,0.0047695458734295,0.4729290562766335,25,0.757155379570311,0.7569114652863399,0.000243914283971,0.0009607566186587,0.1044547119989403,0.1044239746765192,3.073732242114158e-05,0.0001236682876099,0.186202711680796,0.1861427383590356,5.997332176035375e-05,0.0002362835414591,BT2,"(50.0, 55.0]",0.5874257817999992,"(0.55, 0.6]",0.6504459479770903,0.6501443781997677,0.0003015697773226522,0.07715548496791066,0.07713208895304612,2.339601486454901e-05,0.1553476657273735,0.15529573393894025,5.193178843324042e-05,0.6145324405649445,0.00293104066598509
130,2127.0,10147.000000000002,3306.1674570640894,3413.8482335485223,107.68077648443295,2784.0673828,2838.3110352,54.24365239999997,8.944682387289186,8.939746553902173,0.0049358333870124,0.4817565294420694,24,0.7578648876800523,0.7576104581841577,0.0002544294958947,0.0010241820161547,0.1044933774711135,0.1044613264340683,3.205103704522853e-05,0.0001334827528842,0.1863770452237288,0.1863144857625032,6.255946122561233e-05,0.0002519117557588,BT2,"(50.0, 55.0]",0.5966801763999997,"(0.55, 0.6]",0.6513236523872595,0.6510088245772151,0.00031482781004443794,0.07718491616792518,0.07716051966505584,2.4396502869339365e-05,0.1554986309291959,0.15544445594666198,5.417498253393327e-05,0.614486692960097,0.003033003934987284
131,2128.0,10146.999999999998,3310.0054755036326,3417.2940912779145,107.28861577428188,2786.3012695,2840.333252,54.031982499999685,8.604904446064866,8.59993784043222,0.0049666056326458,0.4642120707874205,23,0.7586142530655142,0.758366929306657,0.000247323758857,0.0010925932525234,0.1045328949535495,0.1045013742042432,3.15207493063656e-05,0.0001428595584372,0.1865611684546212,0.1865003484362522,6.082001836886207e-05,0.0002687470150583,BT2,"(50.0, 55.0]",0.5943518074999965,"(0.55, 0.6]",0.6522514481800153,0.651945145204897,0.00030630297511835547,0.0772149965833813,0.07719100316606496,2.3993417316334198e-05,0.15565808520990854,0.15560541257463226,5.2672635276279633e-05,0.6144382970513228,0.003051672707048393
132,2129.0,10146.999999999996,3314.313221682203,3420.939406716838,106.626185034635,2788.5419922,2842.0419922,53.5,8.26557261606831,8.260207616573634,0.0053649994946756,0.4702209603464899,22,0.7594019106288364,0.7591406307841919,0.0002612798446447,0.0011889117524938,0.1045720783253839,0.1045387473477926,3.333097759131911e-05,0.000156194877287,0.186754694127947,0.1866904406305173,6.425349742967722e-05,0.0002924520999698,BT2,"(50.0, 55.0]",0.5885,"(0.55, 0.6]",0.6532275248794919,0.6529036440749713,0.0003238808045206154,0.07724482336137273,0.07721945144159414,2.5371919778582885e-05,0.1558256950769408,0.1557700445604716,5.565051646919117e-05,0.614387309078565,0.0032961876027416026
133,2130.000000000008,10147.0,3318.458591704273,3420.939406716838,102.48081501256502,2790.6945801,2842.0419922,51.34741209999993,7.925571533284941,7.919833692503573,0.0057378407813679,0.4741059446217523,21,0.7602145634288332,0.7599406675808572,0.0002738958479759,0.0012840326503759,0.1046082545629608,0.104573264622244,3.498994071680718e-05,0.0001688812564728,0.1869543503499389,0.1868869925944192,6.735775551975063e-05,0.0003158537901879,BT2,"(50.0, 55.0]",0.5648215330999992,"(0.55, 0.6]",0.6542355129903142,0.6538956750909862,0.00033983789932801045,0.07727236168407478,0.07724572639315117,2.6635290923615607e-05,0.15599862837216155,0.15594028452320727,5.834384895428424e-05,0.6143345130969865,0.0035249536226496818
134,2131.0,10148.000000000002,3320.03753374615,3422.7396181960053,102.7020844498552,2791.513916,2842.8813477,51.3674317,7.584362267712801,7.578500963629854,0.0058613040829467,0.475367919764144,20,0.761062936521907,0.7607800822356451,0.0002828542862619,0.0013698629424127,0.1046418249595223,0.104605620898209,3.6204061313288574e-05,0.000179750667811,0.1871627722997851,0.1870932094821112,6.956281767380168e-05,0.0003369594890317,BT2,"(50.0, 55.0]",0.5650417487,"(0.55, 0.6]",0.6552888240822224,0.6549375263489886,0.0003512977332338352,0.07729791689085597,0.07727035684817517,2.7560042680799257e-05,0.1561791691524986,0.15611891023754687,6.025891495173297e-05,0.6142792072379417,0.00360047722545301
135,2132.0,10147.999999999998,3321.842626755017,3418.7512087251525,96.9085819701354,2793.6303711,2842.3811035,48.75073239999983,7.584362267712801,7.5787551081728735,0.0056071595399274,0.452792601919226,20,0.761062936521907,0.7607991387526224,0.0002637977692846,0.0013431776386393,0.1046418249595223,0.1046077541524947,3.4070807027675174e-05,0.0001755721427236,0.1871627722997851,0.1870978906162834,6.488168350160528e-05,0.0003303839206708,BT2,"(45.0, 50.0]",0.5362580563999982,"(0.5, 0.55]",0.6552888240822224,0.6549611904208301,0.00032763366139232364,0.07729791689085597,0.07727198075423514,2.593613662082994e-05,0.1561791691524986,0.1561229652247953,5.620392770330773e-05,0.6142792072379417,0.0034443615170432654
136,2133.0,10148.0,3331.9472076963134,3420.3362726390883,88.3890649427749,2797.6713867,2842.0419922,44.37060550000024,6.901744613098937,6.895256353848144,0.0064882592507933,0.4393337395248183,18,0.7629950608556575,0.7627163695789405,0.000278691276717,0.001670653598875,0.1047132969915028,0.104676644320204,3.66526712987092e-05,0.0002156111759435,0.1876374320657309,0.1875688748880662,6.855717766466689e-05,0.00041088906899,BT2,"(40.0, 45.0]",0.4880766605000026,"(0.45, 0.5]",0.6576915678499563,0.6573446603830204,0.00034690746693588626,0.07735232609474495,0.07732442339104093,2.7902703704021925e-05,0.15659038959969135,0.15653099032642032,5.939927327103245e-05,0.6141529359287017,0.003984783467941263
137,2134.0,10147.999999999998,3334.7532154921305,3420.0995937487487,85.34637825661821,2799.1140137,2841.9289551,42.81494139999995,6.560714811084892,6.553816903399543,0.0068979076853485,0.4402783566491748,17,0.7640936356090565,0.763801119848291,0.0002925157607654,0.0017571334557966,0.1047503437736315,0.1047117518685308,3.859190510076516e-05,0.0002255234964086,0.1879073078389769,0.1878353475850696,7.196025390732164e-05,0.0004321366508105,BT2,"(40.0, 45.0]",0.4709643553999995,"(0.45, 0.5]",0.6590601418338257,0.6586955626768273,0.0003645791569983903,0.07738052943117572,0.07735114982167406,2.9379609501667403e-05,0.15682423134211704,0.15676187676570988,6.235457640715869e-05,0.6140809281341414,0.004235873553602434
138,2135.0,10147.999999999998,3335.0025857202445,3417.891201066091,82.88861534584657,2800.4365234,2841.9733887,41.536865300000045,6.560714811084892,6.554252570228042,0.0064622408568499,0.446814439516247,17,0.7640936356090565,0.763795365161243,0.0002982704478133,0.001616100538851,0.1047503437736315,0.1047113791935182,3.896458011328175e-05,0.0002068744256022,0.1879073078389769,0.1878339387608496,7.336907812732447e-05,0.000397438559258,BT2,"(40.0, 45.0]",0.4569055183000005,"(0.45, 0.5]",0.6590601418338257,0.6586883915269044,0.0003717503069212702,0.07738052943117572,0.0773508661113519,2.9663319823819423e-05,0.15682423134211704,0.1567606560178682,6.357532424883239e-05,0.6140809281341414,0.003968338863200756
139,2136.0,10147.999999999998,3333.122674468884,3415.3186695099853,82.19599504110147,2801.1303711,2842.6074219,41.47705080000014,6.560714811084892,6.5545986603668025,0.0061161507180891,0.423724224998639,17,0.7640936356090565,0.7638212000208794,0.000272435588177,0.0015752177365456,0.1047503437736315,0.1047144012982507,3.594247538081111e-05,0.0002016732215848,0.1879073078389769,0.1878402875775126,6.702026146436256e-05,0.0003873862702834,BT2,"(40.0, 45.0]",0.4562475588000015,"(0.45, 0.5]",0.6590601418338257,0.6587205857743973,0.00033955605942836975,0.07738052943117572,0.07735316678336167,2.7362647814055396e-05,0.15682423134211704,0.15676615728050072,5.8074061616314454e-05,0.6140809281341414,0.00375581150957245
140,2137.0,10147.999999999998,3333.808182209676,3419.2002253819774,85.39204317230133,2801.484375,2844.4724121,42.98803709999993,6.560714811084892,6.5545986603668025,0.0061161507180891,0.423724224998639,17,0.7640936356090565,0.7638212000208794,0.000272435588177,0.0015752177365456,0.1047503437736315,0.1047144012982507,3.594247538081111e-05,0.0002016732215848,0.1879073078389769,0.1878402875775126,6.702026146436256e-05,0.0003873862702834,BT2,"(40.0, 45.0]",0.4728684080999992,"(0.45, 0.5]",0.6590601418338257,0.6587205857743973,0.00033955605942836975,0.07738052943117572,0.07735316678336167,2.7362647814055396e-05,0.15682423134211704,0.15676615728050072,5.8074061616314454e-05,0.6140809281341414,0.00375581150957245
141,2138.0,10148.000000000002,3333.821892407094,3423.728196543289,89.9063041361951,2801.4914551,2846.6323242,45.14086909999969,6.560714811084892,6.5545986603668025,0.0061161507180891,0.423724224998639,17,0.7640936356090565,0.7638212000208794,0.000272435588177,0.0015752177365456,0.1047503437736315,0.1047144012982507,3.594247538081111e-05,0.0002016732215848,0.1879073078389769,0.1878402875775126,6.702026146436256e-05,0.0003873862702834,BT2,"(45.0, 50.0]",0.4965495600999965,"(0.45, 0.5]",0.6590601418338257,0.6587205857743973,0.00033955605942836975,0.07738052943117572,0.07735316678336167,2.7362647814055396e-05,0.15682423134211704,0.15676615728050072,5.8074061616314454e-05,0.6140809281341414,0.00375581150957245
142,2139.0,10147.999999999998,3333.528778723029,3424.4744452790023,90.94566655597282,2801.3400879,2846.986084,45.64599610000005,6.560714811084892,6.5545986603668025,0.0061161507180891,0.423724224998639,17,0.7640936356090565,0.7638212000208794,0.000272435588177,0.0015752177365456,0.1047503437736315,0.1047144012982507,3.594247538081111e-05,0.0002016732215848,0.1879073078389769,0.1878402875775126,6.702026146436256e-05,0.0003873862702834,BT2,"(45.0, 50.0]",0.5021059571000005,"(0.5, 0.55]",0.6590601418338257,0.6587205857743973,0.00033955605942836975,0.07738052943117572,0.07735316678336167,2.7362647814055396e-05,0.15682423134211704,0.15676615728050072,5.8074061616314454e-05,0.6140809281341414,0.00375581150957245
143,2140.0,10147.999999999996,3329.952977634085,3427.203524096261,97.2505464621754,2800.935791,2849.7900391,48.85424809999995,6.901744613098937,6.895934731957926,0.0058098811410109,0.4144882073746163,18,0.7629950608556575,0.7627383142957728,0.0002567465598847,0.0015236174042558,0.1047132969915028,0.1046793131001588,3.398389134395213e-05,0.0001960469850438,0.1876374320657309,0.1875742695306316,6.31625350992852e-05,0.0003747142626758,BT2,"(45.0, 50.0]",0.5373967290999995,"(0.5, 0.55]",0.6576915678499563,0.6573719724977236,0.0003195953522326933,0.07735232609474495,0.07732645504208067,2.5871052664272476e-05,0.15659038959969135,0.15653566428962115,5.472531007019721e-05,0.6141529359287017,0.0035681555601486396
144,2141.0,10148.0,3328.856570810788,3429.6962798008185,100.83970899003045,2800.3691406,2850.9709473,50.6018067,6.901744613098937,6.895934731957926,0.0058098811410109,0.4144882073746163,18,0.7629950608556575,0.7627383142957728,0.0002567465598847,0.0015236174042558,0.1047132969915028,0.1046793131001588,3.398389134395213e-05,0.0001960469850438,0.1876374320657309,0.1875742695306316,6.31625350992852e-05,0.0003747142626758,BT2,"(50.0, 55.0]",0.5566198737,"(0.55, 0.6]",0.6576915678499563,0.6573719724977236,0.0003195953522326933,0.07735232609474495,0.07732645504208067,2.5871052664272476e-05,0.15659038959969135,0.15653566428962115,5.472531007019721e-05,0.6141529359287017,0.0035681555601486396
145,2142.0,10147.999999999996,3327.9237315259747,3432.1959874651543,104.27225593917956,2799.8869629,2852.1516113,52.264648399999714,7.242825666432697,7.237319832935812,0.0055058334968851,0.4139763095478663,19,0.7619816994924135,0.7617365987151592,0.0002451007772542,0.0014342144621936,0.1046761966225147,0.1046438254105815,3.237121193320086e-05,0.0001853177078158,0.1873884828836614,0.1873281868165845,6.029606707685639e-05,0.0003527400050666,BT2,"(50.0, 55.0]",0.5749111323999969,"(0.55, 0.6]",0.656430701987053,0.656125960848737,0.00030474113831602256,0.07732408257438912,0.07729943973468337,2.464283970575465e-05,0.15637470310701138,0.15632246663039712,5.223647661425912e-05,0.6142191998488373,0.003381788644957692
146,2143.000000000001,10147.0,3326.7026795591537,3433.648603163233,106.94592360407889,2799.2548828,2852.8330078,53.578125,7.242825666432697,7.237319832935812,0.0055058334968851,0.4139763095478663,19,0.7619816994924135,0.7617365987151592,0.0002451007772542,0.0014342144621936,0.1046761966225147,0.1046438254105815,3.237121193320086e-05,0.0001853177078158,0.1873884828836614,0.1873281868165845,6.029606707685639e-05,0.0003527400050666,BT2,"(50.0, 55.0]",0.589359375,"(0.55, 0.6]",0.656430701987053,0.656125960848737,0.00030474113831602256,0.07732408257438912,0.07729943973468337,2.464283970575465e-05,0.15637470310701138,0.15632246663039712,5.223647661425912e-05,0.6142191998488373,0.003381788644957692
147,2143.0,10146.999999999993,3324.297941561529,3430.769093691244,106.47115212971494,2799.2548828,2852.8330078,53.578125,7.242825666432697,7.237088082348892,0.0057375840838052,0.4039318885437739,19,0.7619816994924135,0.7617407478481178,0.0002409516442956,0.00151238315219,0.1046761966225147,0.1046440379738492,3.215864866550578e-05,0.0001945584910165,0.1873884828836614,0.1873292019454255,5.928093823589322e-05,0.0003719515674059,BT2,"(50.0, 55.0]",0.589359375,"(0.55, 0.6]",0.656430701987053,0.6561311188667283,0.0002995831203247423,0.07732408257438912,0.07729960154862416,2.4481025764966358e-05,0.15637470310701138,0.15632334605945955,5.135704755182546e-05,0.6142191998488373,0.0035241343050202547
148,2144.0,10146.999999999993,3323.275485900376,3431.175790992816,107.90030509243934,2798.7260742,2853.0275879,54.30151370000021,7.584362267712801,7.578780749576504,0.0055815181362968,0.4000723041792045,20,0.761062936521907,0.7608311601304764,0.0002317763914307,0.0014188590248598,0.1046418249595223,0.1046109101640958,3.091479542647324e-05,0.0001827404368179,0.1871627722997851,0.1871057492557901,5.702304399497482e-05,0.0003489535678027,BT2,"(50.0, 55.0]",0.5973166507000024,"(0.55, 0.6]",0.6552888240822224,0.6550009552265967,0.00028786885562570586,0.07729791689085597,0.0772743832218219,2.3533669034070392e-05,0.1561791691524986,0.15612977271272446,4.939643977414088e-05,0.6142792072379417,0.0034286105359485923
149,2145.0,10147.0,3322.430441599642,3431.1053716566853,108.67493005704318,2798.2888184,2852.9938965,54.70507810000026,7.584362267712801,7.578780749576504,0.0055815181362968,0.4000723041792045,20,0.761062936521907,0.7608311601304764,0.0002317763914307,0.0014188590248598,0.1046418249595223,0.1046109101640958,3.091479542647324e-05,0.0001827404368179,0.1871627722997851,0.1871057492557901,5.702304399497482e-05,0.0003489535678027,BT2,"(50.0, 55.0]",0.6017558591000028,"(0.6, 0.65]",0.6552888240822224,0.6550009552265967,0.00028786885562570586,0.07729791689085597,0.0772743832218219,2.3533669034070392e-05,0.1561791691524986,0.15612977271272446,4.939643977414088e-05,0.6142792072379417,0.0034286105359485923
150,2146.0,10147.000000000002,3321.623615212908,3431.047709416374,109.42409420346576,2797.8713379,2852.9663086,55.094970699999976,7.584362267712801,7.578780749576504,0.0055815181362968,0.4000723041792045,20,0.761062936521907,0.7608311601304764,0.0002317763914307,0.0014188590248598,0.1046418249595223,0.1046109101640958,3.091479542647324e-05,0.0001827404368179,0.1871627722997851,0.1871057492557901,5.702304399497482e-05,0.0003489535678027,BT2,"(55.0, 60.0]",0.6060446776999997,"(0.6, 0.65]",0.6552888240822224,0.6550009552265967,0.00028786885562570586,0.07729791689085597,0.0772743832218219,2.3533669034070392e-05,0.1561791691524986,0.15612977271272446,4.939643977414088e-05,0.6142792072379417,0.0034286105359485923
151,2147.0,10146.999999999998,3317.19210709172,3426.818496244888,109.62638915316757,2797.4802246,2852.8220215,55.34179690000019,7.925571533284941,7.919704849991366,0.0058666832935756,0.3983491267171322,21,0.7602145634288332,0.7599845171570606,0.0002300462717726,0.0014231987009913,0.1046082545629608,0.1045774684433874,3.0786119573395733e-05,0.0001827716711737,0.1869543503499389,0.1868977515517283,5.659879821062224e-05,0.0003500119433992,BT2,"(55.0, 60.0]",0.6087597659000021,"(0.6, 0.65]",0.6542355129903142,0.6539500744373502,0.00028543855296403464,0.07727236168407478,0.07724892642695602,2.3435257118759045e-05,0.15599862837216155,0.15594960359478233,4.902477737922517e-05,0.6143345130969865,0.003604106024652991
152,2148.0,10147.0,3319.956090924345,3430.3862299051307,110.43013898078516,2797.1899414,2852.8398438,55.64990239999997,7.925571533284941,7.919519214327433,0.0060523189575079,0.4042372204841211,21,0.7602145634288332,0.7599798662050634,0.0002346972237696,0.0014606361169913,0.1046082545629608,0.104576888578537,3.136598442374371e-05,0.0001876680588547,0.1869543503499389,0.18689660800903,5.77423409089342e-05,0.000359221055846,BT2,"(55.0, 60.0]",0.6121489263999997,"(0.6, 0.65]",0.6542355129903142,0.6539443043812712,0.000291208609043081,0.07727236168407478,0.07724848502161961,2.3876662455166175e-05,0.15599862837216155,0.15594861309200253,5.001528015902146e-05,0.6143345130969865,0.003718148419868277
153,2149.0,10146.999999999998,3319.6226198729064,3430.525437829047,110.90281795614057,2797.0178223,2852.9077148,55.88989250000032,7.925571533284941,7.919519214327433,0.0060523189575079,0.4042372204841211,21,0.7602145634288332,0.7599798662050634,0.0002346972237696,0.0014606361169913,0.1046082545629608,0.104576888578537,3.136598442374371e-05,0.0001876680588547,0.1869543503499389,0.18689660800903,5.77423409089342e-05,0.000359221055846,BT2,"(55.0, 60.0]",0.6147888175000035,"(0.6, 0.65]",0.6542355129903142,0.6539443043812712,0.000291208609043081,0.07727236168407478,0.07724848502161961,2.3876662455166175e-05,0.15599862837216155,0.15594861309200253,5.001528015902146e-05,0.6143345130969865,0.003718148419868277
154,2150.0,10147.0,3319.3355035161844,3431.259034729581,111.92353121339649,2796.8696289,2853.2653809,56.3957519999999,7.925571533284941,7.919519214327433,0.0060523189575079,0.4042372204841211,21,0.7602145634288332,0.7599798662050634,0.0002346972237696,0.0014606361169913,0.1046082545629608,0.104576888578537,3.136598442374371e-05,0.0001876680588547,0.1869543503499389,0.18689660800903,5.77423409089342e-05,0.000359221055846,BT2,"(55.0, 60.0]",0.6203532719999989,"(0.6, 0.65]",0.6542355129903142,0.6539443043812712,0.000291208609043081,0.07727236168407478,0.07724848502161961,2.3876662455166175e-05,0.15599862837216155,0.15594861309200253,5.001528015902146e-05,0.6143345130969865,0.003718148419868277
155,2151.0,10146.999999999996,3316.5489084465557,3429.035810115104,112.48690166854884,2796.8962402,2853.5126953,56.61645509999971,7.925571533284941,7.9188971209821535,0.0066744123027877,0.4245644285990793,21,0.7602145634288332,0.7599637331087519,0.0002508303200812,0.0015849280943398,0.1046082545629608,0.104574893912994,3.3360649966808686e-05,0.0002040096243877,0.1869543503499389,0.1868926415928018,6.170875713712178e-05,0.0003897967932483,BT2,"(55.0, 60.0]",0.6227810060999969,"(0.6, 0.65]",0.6542355129903142,0.6539242896088481,0.0003112233814661636,0.07727236168407478,0.07724696664134029,2.5395042734494e-05,0.15599862837216155,0.1559451775034431,5.345086871844096e-05,0.6143345130969865,0.004100321832241618
156,2152.0,10146.999999999996,3316.729260759086,3428.1329364187905,111.40367565970382,2796.9890137,2853.0708008,56.08178709999993,7.925571533284941,7.9188971209821535,0.0066744123027877,0.4245644285990793,21,0.7602145634288332,0.7599637331087519,0.0002508303200812,0.0015849280943398,0.1046082545629608,0.104574893912994,3.3360649966808686e-05,0.0002040096243877,0.1869543503499389,0.1868926415928018,6.170875713712178e-05,0.0003897967932483,BT2,"(55.0, 60.0]",0.6168996580999991,"(0.6, 0.65]",0.6542355129903142,0.6539242896088481,0.0003112233814661636,0.07727236168407478,0.07724696664134029,2.5395042734494e-05,0.15599862837216155,0.1559451775034431,5.345086871844096e-05,0.6143345130969865,0.004100321832241618
157,2153.0,10146.999999999998,3316.815165252065,3425.81488669096,108.999721438895,2797.0332031,2851.9326172,54.899414100000286,7.925571533284941,7.9188971209821535,0.0066744123027877,0.4245644285990793,21,0.7602145634288332,0.7599637331087519,0.0002508303200812,0.0015849280943398,0.1046082545629608,0.104574893912994,3.3360649966808686e-05,0.0002040096243877,0.1869543503499389,0.1868926415928018,6.170875713712178e-05,0.0003897967932483,BT2,"(50.0, 55.0]",0.6038935551000032,"(0.6, 0.65]",0.6542355129903142,0.6539242896088481,0.0003112233814661636,0.07727236168407478,0.07724696664134029,2.5395042734494e-05,0.15599862837216155,0.1559451775034431,5.345086871844096e-05,0.6143345130969865,0.004100321832241618
158,2154.0,10146.999999999996,3316.529924053994,3417.172448554318,100.64252450032428,2796.8864746,2847.6730957,50.78662110000005,7.925571533284941,7.9188971209821535,0.0066744123027877,0.4245644285990793,21,0.7602145634288332,0.7599637331087519,0.0002508303200812,0.0015849280943398,0.1046082545629608,0.104574893912994,3.3360649966808686e-05,0.0002040096243877,0.1869543503499389,0.1868926415928018,6.170875713712178e-05,0.0003897967932483,BT2,"(50.0, 55.0]",0.5586528321000005,"(0.55, 0.6]",0.6542355129903142,0.6539242896088481,0.0003112233814661636,0.07727236168407478,0.07724696664134029,2.5395042734494e-05,0.15599862837216155,0.1559451775034431,5.345086871844096e-05,0.6143345130969865,0.004100321832241618
159,2155.0,10146.999999999996,3310.57511127332,3396.513373284188,85.93826201086858,2796.1115723,2839.4682617,43.35668940000005,8.169606584947054,8.079114427602033,0.0904921573450217,1.6420750086951064,22,0.7568676310037298,0.7544860397665668,0.002381591237163,0.0182053257617321,0.1040247176828521,0.1037314104814561,0.000293307201396,0.0022645345674662,0.1861309341173878,0.1855454091281022,0.0005855249892856,0.0044762168109108,BT2,"(40.0, 45.0]",0.4769235834000006,"(0.45, 0.5]",0.6500901915917449,0.6471502784986186,0.002939913093126245,0.07682822870119235,0.0766050481631455,0.00022318053804684657,0.15528551262048565,0.1547785669204732,0.0005069457000124455,0.6145356288583501,0.055610654820771675
160,2156.0,10146.999999999998,3305.4592397819742,3368.726573232713,63.26733345073899,2794.2971191,2826.4240723,32.12695319999966,5.938002533155216,5.9225579499651095,0.0154445831901064,0.6783591019895362,16,0.7584769759926366,0.757929897696092,0.0005470782965446,0.0024149428855304,0.1048795529380566,0.1048083805306737,7.117240738287178e-05,0.0003247835964156,0.1865282425380078,0.186393700163494,0.0001345423745137,0.0005942040147355,BT2,"(30.0, 35.0]",0.3533964851999963,"(0.35, 0.4]",0.6520814238219278,0.6514041098708221,0.0006773139511057069,0.07747889982008158,0.07742471344701977,5.418637306180141e-05,0.1556295698510744,0.1555130539374405,0.00011651591363390223,0.6144601910379002,0.009490081537493521
161,2157.0,10146.999999999998,3297.1640083742923,3340.6756612588574,43.51165288456514,2790.0251465,2812.2780762,22.25292970000009,4.230450129898983,4.217617474321695,0.0128326555772879,0.5799307214293121,11,0.7626443433863734,0.7620413904291528,0.0006029529572206,0.0015797724473526,0.1049524206090831,0.1048787027775233,7.371783155974875e-05,0.0001851427690283,0.1875518205361907,0.1874036166479278,0.0001482038882628,0.0003878173420948,BT2,"(20.0, 25.0]",0.244782226700001,"(0.2, 0.25]",0.6572550224066992,0.6565049306817223,0.0007500917249768646,0.0775343791968632,0.07747825254590557,5.612665095763858e-05,0.15651621436162858,0.15638781418881847,0.0001284001728101003,0.6141849804137505,0.007881624314392974
162,2158.0,10146.999999999996,3281.2602421884912,3311.22931024421,29.969068055718708,2781.7949219,2797.260498,15.465576099999907,2.8727153771175447,2.865060019097954,0.0076553580195906,0.5017357376301417,7,0.7705544760487234,0.7698398360764903,0.0007146399722328,0.0012757787968564,0.104837935327435,0.1047515889243598,8.634640307512788e-05,0.000174378908296,0.1894940943872426,0.1893184287269038,0.0001756656603388,0.0003139276046304,BT2,"(15.0, 20.0]",0.170121337099999,"(0.15, 0.2]",0.6671444651494649,0.6662472459803249,0.0008972191691399845,0.07744721441121813,0.0773814773622873,6.573704893082788e-05,0.15819966901649027,0.15804735701417752,0.00015231200231274888,0.6136516833105583,0.004697723335066754
163,2159.0,10146.999999999998,3259.4476773291126,3271.1641307653103,11.716453436197751,2771.489502,2777.5566406,6.067138599999908,1.563636408337955,1.5612417391694016,0.0023946691685534,0.489713870341788,3,0.80027340153784,0.7998110015021979,0.0004624000356421,0.0012791196989107,0.1046240454572426,0.1045667367392283,5.7308718014237314e-05,0.0001589739724153,0.1967919599102182,0.1966782606559043,0.0001136992543139,0.0003145240871944,BT2,"(5.0, 10.0]",0.0667385245999989,"(0.05, 0.1]",0.7051320209118225,0.704530678130743,0.0006013427810794836,0.07728438231880166,0.07724075725193728,4.362506686438061e-05,0.16453697873182466,0.16443809999886866,9.887873295599814e-05,0.6116341548697519,0.0014646614531008103
164,2160.0,10147.000000000002,3242.845662994297,3246.494464302019,3.648801307721442,2761.6950684,2763.6015625,1.9064941000001452,0.9083838765805644,0.9080263213210076,0.0003575552595568,0.2268889287411667,1,0.8810211901779527,0.8806735799743356,0.000347610203617,0.000347610203617,0.1114583034160987,0.1114141935508712,4.410986522751514e-05,4.410986522751514e-05,0.2166391572709294,0.2165536706433533,8.548662757612568e-05,8.548662757612568e-05,BT2,"(-0.001, 5.0]",0.0209714351000016,"(-0.001, 0.05]",0.8154755693098348,0.8149766768015796,0.0004988925082551887,0.08249730322316226,0.08246359103133315,3.3712191829113336e-05,0.18186771556277312,0.1817927656893677,7.494987340542214e-05,0.6060765591683765,0.00021670586142474114
165,2161.0,10147.000000000004,3217.884336014723,3221.149534561089,3.2651985463658093,2748.5756836,2750.2995605,1.7238769000000502,0.9083838765805644,0.9082055646305444,0.0001783119500199,0.1717430032475914,1,0.8810211901779527,0.8808477205213043,0.0001734696566483,0.0001734696566483,0.1114583034160987,0.111435920904141,2.238251195774144e-05,2.238251195774144e-05,0.2166391572709294,0.2165964892033733,4.26680675560398e-05,4.26680675560398e-05,BT2,"(-0.001, 5.0]",0.0189626459000005,"(-0.001, 0.05]",0.8154755693098348,0.8152265773820481,0.00024899192778671253,0.08249730322316226,0.08248019665692995,1.710656623231388e-05,0.18186771556277312,0.18183030626954821,3.740929322490483e-05,0.6060765591683765,0.00010807069312666452
166,2162.0,10147.000000000002,3191.121899967145,3198.800355023834,7.678455056688563,2734.3586426,2738.4538574,4.095214799999667,1.1462572888044464,1.1462117045806002,4.558422384626226e-05,0.1756795405300388,2,0.8140273496644975,0.8139907851830033,3.656448149430558e-05,4.1455695126590975e-05,0.1046777455769534,0.1046720594762392,5.686100714219489e-06,6.368573830628499e-06,0.2001698370718847,0.200160824561681,9.012510203743052e-06,1.0216657785111494e-05,BT2,"(-0.001, 5.0]",0.0450473627999963,"(-0.001, 0.05]",0.7231713893667794,0.7231230374137121,4.8351953067293785e-05,0.0773252617398124,0.07732093311329355,4.328626518848577e-06,0.16747664930477507,0.16746880057741573,7.848727359344165e-06,0.6106920714134922,2.783792408445021e-05
167,2163.0,10146.999999999998,3162.1004352461323,3176.675859149293,14.575423903161209,2719.9887695,2727.7658691,7.777099599999929,1.90319522640884,1.9016150806110912,0.0015801457977486,0.201388929602655,4,0.793108362973572,0.7929596853701433,0.0001486776034285,0.0002550619922214,0.1051690225066961,0.1051493946316834,1.9627875012695476e-05,3.597738364380376e-05,0.1950337029403557,0.194997124270002,3.657867035372631e-05,6.280666080971109e-05,BT2,"(5.0, 10.0]",0.0855480955999992,"(0.05, 0.1]",0.6958510376424705,0.6956592880564123,0.00019174958605816528,0.0776993076690466,0.07768436144005689,1.4946228989717869e-05,0.16300842078810213,0.16297663240494692,3.178838315520682e-05,0.6121393330713673,0.0009672693947893516
168,2164.0,10146.999999999998,3136.398583894605,3169.7401604214824,33.341576526876906,2706.3571777,2724.2470703,17.889892599999712,3.2177001531365117,3.2169828760065973,0.0007172771299139,0.1574286379498026,8,0.7681446316136777,0.7680902412146412,5.43903990365413e-05,0.0001653696421397,0.1051443748128733,0.1051373635030963,7.011309776996932e-06,2.2641353766172934e-05,0.1889030555768176,0.1888896813851906,1.3374191626988607e-05,4.068008773383536e-05,BT2,"(15.0, 20.0]",0.1967888185999968,"(0.15, 0.2]",0.6641219392645252,0.664053818775462,6.81204890632392e-05,0.07768053897727922,0.07767520006415472,5.338913124500189e-06,0.1576872485109438,0.15767565474414394,1.1593766799850025e-05,0.6138239653542561,0.00044028189214167
169,2165.25,10146.999999999998,3113.5840290637298,3165.8772707348694,52.29324167113964,2693.9714355,2722.1870117,28.21557619999976,4.92634615043763,4.9255755820018825,0.0007705684357475,0.1801753558740155,13,0.7611647292979822,0.7611173867702727,4.734252770942894e-05,0.0001676432694632,0.1053868393083485,0.1053791063246877,7.732983660831885e-06,2.538170837163012e-05,0.1871895498472809,0.1871778898267695,1.166002051143324e-05,4.128710589013096e-05,BT2,"(25.0, 30.0]",0.3103713381999973,"(0.3, 0.35]",0.6554152763738906,0.6553564631558452,5.881321804546147e-05,0.07786518224511585,0.07785929296550141,5.889279614437748e-06,0.15620236570593302,0.1561922649630764,1.0100742856622436e-05,0.6142995423930779,0.00047335983746223917
170,2166.5,10146.999999999998,3093.2351289010653,3163.4650857564843,70.229956855419,2682.824707,2720.8991699,38.07446289999962,6.321196093422935,6.320315410586479,0.0008806828364562,0.2033010806299964,17,0.7594144379473303,0.7593588086053281,5.562934200224501e-05,0.0001696182426204,0.1055000595116926,0.105489768717328,1.029079436464046e-05,2.2668866068609184e-05,0.1867600336310134,0.1867463157404356,1.371789057786768e-05,4.171702858002391e-05,BT2,"(35.0, 40.0]",0.4188190918999958,"(0.4, 0.45]",0.6532430561332461,0.653174089116287,6.896701695902063e-05,0.07795141144308525,0.07794357367578492,7.837767300331033e-06,0.1558303197328187,0.15581843839961954,1.1881333199154076e-05,0.6144205214438919,0.0005411096076021042
171,2167.75,10146.999999999996,3064.107629395758,3157.7645346965405,93.65690530078246,2667.7087402,2718.3039551,50.59521489999997,8.413684727997884,8.412017705218885,0.0016670227789994,0.2500820453060771,23,0.7580857807833631,0.7580171928063063,6.858797705683558e-05,0.0003479924694017,0.1055861725096307,0.1055730221023028,1.315040732788923e-05,4.669472312290868e-05,0.1864340088887768,0.1864170859358931,1.6922952883724957e-05,8.561676166241039e-05,BT2,"(50.0, 55.0]",0.5565473638999997,"(0.55, 0.6]",0.6515970581329925,0.6515121573140603,8.49008189321987e-05,0.07801699944438047,0.0780069832177384,1.0016226642067805e-05,0.15554796128799012,0.15553330594333167,1.4655344658442981e-05,0.6145123322054382,0.001024406055762512
172,2169.0,10146.999999999996,3056.687994709828,3155.818921600839,99.13092689101086,2663.6162109,2717.2729492,53.65673829999969,8.761919291283586,8.76036350974313,0.0015557815404569,0.2464329368522509,24,0.7579167921367335,0.7578533327070881,6.345942964526101e-05,0.0003136452950004,0.1055956053510881,0.1055831665900046,1.2438761083440516e-05,4.117532340786045e-05,0.1863925379582317,0.1863768773927039,1.566056552786595e-05,7.714780051559789e-05,BT2,"(50.0, 55.0]",0.5902241212999966,"(0.55, 0.6]",0.651387889722489,0.6513093523950851,7.853732740381592e-05,0.07802418417246162,0.07801470992888061,9.474243581011899e-06,0.1555120474763426,0.15549848558973522,1.3561886607366125e-05,0.6145239511260489,0.000956065019330545
173,2169.0,10146.999999999996,3056.687994709828,3155.818921600839,99.13092689101086,2663.6162109,2717.2729492,53.65673829999969,8.761919291283586,8.76036350974313,0.0015557815404569,0.2464329368522509,24,0.7579167921367335,0.7578533327070881,6.345942964526101e-05,0.0003136452950004,0.1055956053510881,0.1055831665900046,1.2438761083440516e-05,4.117532340786045e-05,0.1863925379582317,0.1863768773927039,1.566056552786595e-05,7.714780051559789e-05,BT2,"(50.0, 55.0]",0.5902241212999966,"(0.55, 0.6]",0.651387889722489,0.6513093523950851,7.853732740381592e-05,0.07802418417246162,0.07801470992888061,9.474243581011899e-06,0.1555120474763426,0.15549848558973522,1.3561886607366125e-05,0.6145239511260489,0.000956065019330545
174,2170.0,10146.999999999996,3050.9436047459903,3152.058605293229,101.1150005472391,2660.439209,2715.2773438,54.83813479999981,9.458260737795763,9.45621910968834,0.002041628107424,0.2568611746904721,26,0.7576041935559862,0.7575362291505675,6.796440541880264e-05,0.0003500811043145,0.1056091088117263,0.1055962557375922,1.2853074134126893e-05,4.411231764800405e-05,0.1863158153734097,0.1862990491416924,1.6766231717257885e-05,8.607308510744094e-05,BT2,"(50.0, 55.0]",0.6032194827999978,"(0.6, 0.65]",0.6510010739793919,0.650916992041744,8.408193764786187e-05,0.07803446944470957,0.07802467955489288,9.789889816688713e-06,0.15544560734323948,0.15543108841815953,1.451892507994823e-05,0.6145452966546655,0.0012546729509353854
175,2172.0,10146.999999999996,3041.132854573094,3146.2418877871723,105.1090332140784,2656.1474609,2712.8291016,56.68164069999966,9.458260737795763,9.455948221142588,0.0023125166531752,0.2722229230828412,26,0.7576041935559862,0.7575282334090356,7.596014695048055e-05,0.0004681321235127,0.1056091088117263,0.1055949905927864,1.411821893989926e-05,5.973740675035977e-05,0.1863158153734097,0.186297076916611,1.873845679860853e-05,0.0001151143362538,BT2,"(55.0, 60.0]",0.6234980476999963,"(0.6, 0.65]",0.6510010739793919,0.6509071005729198,9.397340647210317e-05,0.07803446944470957,0.07802371592727556,1.0753517434014537e-05,0.15544560734323948,0.15542938055204977,1.622679118970516e-05,0.6145452966546655,0.0014211462326444075
176,2172.0,10147.0,3041.132854573094,3146.2418877871723,105.1090332140784,2656.1474609,2712.8291016,56.68164069999966,9.458260737795763,9.455948221142588,0.0023125166531752,0.2722229230828412,26,0.7576041935559862,0.7575282334090356,7.596014695048055e-05,0.0004681321235127,0.1056091088117263,0.1055949905927864,1.411821893989926e-05,5.973740675035977e-05,0.1863158153734097,0.186297076916611,1.873845679860853e-05,0.0001151143362538,BT2,"(55.0, 60.0]",0.6234980476999963,"(0.6, 0.65]",0.6510010739793919,0.6509071005729198,9.397340647210317e-05,0.07803446944470957,0.07802371592727556,1.0753517434014537e-05,0.15544560734323948,0.15542938055204977,1.622679118970516e-05,0.6145452966546655,0.0014211462326444075
177,2172.999999999989,10147.0,3038.9715857690417,3142.1164242405885,103.1448384715468,2654.5615234,2710.355957,55.79443360000005,9.458260737795763,9.456153866180882,0.0021068716148811,0.2607442883389613,26,0.7576041935559862,0.7575339945240402,7.019903194610117e-05,0.0003917417382552,0.1056091088117263,0.1055958664419544,1.3242369771887104e-05,4.962014647880153e-05,0.1863158153734097,0.186298497147665,1.7318225744573817e-05,9.632169274254032e-05,BT2,"(55.0, 60.0]",0.6137387696000005,"(0.6, 0.65]",0.6510010739793919,0.6509142275936363,8.684638575562342e-05,0.07803446944470957,0.0780243830385399,1.0086406169673712e-05,0.15544560734323948,0.1554306104138112,1.4996929428273686e-05,0.6145452966546655,0.0012947680415803999
178,2174.9999999999927,10146.0,3032.780025021038,3134.835138429474,102.05511340843576,2651.137207,2706.4938965,55.3566894999999,9.110104155843873,9.108464758830706,0.0016393970131645,0.2468701318429687,25,0.7577558557982207,0.7576937983099039,6.205748831669577e-05,0.0002952778475158,0.105603140404657,0.1055909783038485,1.2162100808477127e-05,3.787586982395563e-05,0.1863530397859271,0.1863377257119349,1.5314073992240828e-05,7.261172170203167e-05,BT2,"(55.0, 60.0]",0.608923584499999,"(0.6, 0.65]",0.6511887263403844,0.6511119383423072,7.678799807719905e-05,0.07802992343770646,0.0780206598767311,9.263560975358853e-06,0.15547784263661946,0.15546458102046348,1.3261616155973988e-05,0.6145349623535726,0.0010074667817676053
179,2175.0,10146.000000000002,3032.780025021038,3134.835138429474,102.05511340843576,2651.137207,2706.4938965,55.3566894999999,9.110104155843873,9.108464758830706,0.0016393970131645,0.2468701318429687,25,0.7577558557982207,0.7576937983099039,6.205748831669577e-05,0.0002952778475158,0.105603140404657,0.1055909783038485,1.2162100808477127e-05,3.787586982395563e-05,0.1863530397859271,0.1863377257119349,1.5314073992240828e-05,7.261172170203167e-05,BT2,"(55.0, 60.0]",0.608923584499999,"(0.6, 0.65]",0.6511887263403844,0.6511119383423072,7.678799807719905e-05,0.07802992343770646,0.0780206598767311,9.263560975358853e-06,0.15547784263661946,0.15546458102046348,1.3261616155973988e-05,0.6145349623535726,0.0010074667817676053
180,2175.999999999989,10146.0,3027.449291292086,3128.7675996390176,101.31830834693164,2649.605957,2704.3481445,54.7421875,9.458260737795763,9.456110698041073,0.0021500397546923,0.2634535116843198,26,0.7576041935559862,0.7575325105145265,7.168304145962393e-05,0.0004169317178501,0.1056091088117263,0.1055956137732132,1.3495038513064652e-05,5.296674047250427e-05,0.1863158153734097,0.1862981306910124,1.7684682397237725e-05,0.0001025187996495,BT2,"(50.0, 55.0]",0.6021640625,"(0.6, 0.65]",0.6510010739793919,0.6509123917349877,8.868224440417016e-05,0.07803446944470957,0.0780241905873734,1.0278857336176728e-05,0.15544560734323948,0.15543029307733297,1.531426590650753e-05,0.6145452966546655,0.0013212968188667036
181,2177.999999999989,10145.0,3019.0389278886764,3119.9857564932954,100.946828604619,2644.9604492,2699.6918945,54.73144530000036,9.110104155843873,9.108500723089367,0.0016034327545035,0.2447778037344946,25,0.7577558557982207,0.7576946766811478,6.117911707284485e-05,0.0002868590526274,0.105603140404657,0.1055910946751955,1.2045729461438449e-05,3.677050886929933e-05,0.1863530397859271,0.1863379418392753,1.5097946651798643e-05,7.054081511603805e-05,BT2,"(50.0, 55.0]",0.602045898300004,"(0.6, 0.65]",0.6511887263403844,0.6511130251728524,7.570116753197187e-05,0.07802992343770646,0.07802074851349662,9.174924209834345e-06,0.15547784263661946,0.15546476818091592,1.3074455703532273e-05,0.6145349623535726,0.0009853654874252937
182,2178.0,10144.999999999998,3019.0389278886764,3119.9857564932954,100.946828604619,2644.9604492,2699.6918945,54.73144530000036,9.110104155843873,9.108500723089367,0.0016034327545035,0.2447778037344946,25,0.7577558557982207,0.7576946766811478,6.117911707284485e-05,0.0002868590526274,0.105603140404657,0.1055910946751955,1.2045729461438449e-05,3.677050886929933e-05,0.1863530397859271,0.1863379418392753,1.5097946651798643e-05,7.054081511603805e-05,BT2,"(50.0, 55.0]",0.602045898300004,"(0.6, 0.65]",0.6511887263403844,0.6511130251728524,7.570116753197187e-05,0.07802992343770646,0.07802074851349662,9.174924209834345e-06,0.15547784263661946,0.15546476818091592,1.3074455703532273e-05,0.6145349623535726,0.0009853654874252937
183,2179.9999999999964,10144.0,3007.2465868876343,3109.902104730056,102.65551784242145,2638.4208984,2694.3242188,55.90332039999976,9.458260737795763,9.456410005082146,0.001850732713617,0.2467767501334148,26,0.7576041935559862,0.75754188770705,6.230584893622228e-05,0.0003172094364108,0.1056091088117263,0.105597194720561,1.191409116531637e-05,3.605342301449266e-05,0.1863158153734097,0.1863004457680022,1.5369605407489217e-05,7.790476325308937e-05,BT2,"(55.0, 60.0]",0.6149365243999974,"(0.6, 0.65]",0.6510010739793919,0.6509239922528496,7.708172654230516e-05,0.07803446944470957,0.07802539475405348,9.074690656085682e-06,0.15544560734323948,0.15543229784014762,1.3309503091862851e-05,0.6145452966546655,0.0011373590845182534
184,2180.0,10143.999999999996,3006.1837662133294,3109.240714250346,103.0569480370168,2638.4208984,2694.3242188,55.90332039999976,9.458260737795763,9.456326640131111,0.00193409766465,0.2514775478616962,26,0.7576041935559862,0.7575385573671354,6.563618885068008e-05,0.000332760768363,0.1056091088117263,0.1055965480769182,1.256073480807243e-05,4.1867113109272935e-05,0.1863158153734097,0.1862996216667054,1.6193706704205656e-05,8.181305417220841e-05,BT2,"(55.0, 60.0]",0.6149365243999974,"(0.6, 0.65]",0.6510010739793919,0.6509198722773691,8.120170202274846e-05,0.07803446944470957,0.07802490222219147,9.567222518103158e-06,0.15544560734323948,0.15543158420161887,1.4023141620606028e-05,0.6145452966546655,0.00118859062308143
185,2182.000000000002,10143.0,2988.6727420316024,3094.8195074411365,106.14676540953404,2628.0585938,2686.255127,58.196533199999976,9.458260737795763,9.456374358673878,0.0018863791218848,0.2496619540456328,26,0.7576041935559862,0.7575432687611018,6.092479488428726e-05,0.0004422899844773,0.1056091088117263,0.1055977467283044,1.1362083421929425e-05,4.999436804442592e-05,0.1863158153734097,0.1863007937497941,1.5021623615547769e-05,0.0001086230090079,BT2,"(55.0, 60.0]",0.6401618651999997,"(0.6, 0.65]",0.6510010739793919,0.6509257007644543,7.537321493755744e-05,0.07803446944470957,0.07802581520432751,8.654240382058309e-06,0.15544560734323948,0.1554325991784348,1.3008164804678701e-05,0.6145452966546655,0.0011592654170618619
186,2182.0000000000005,10142.0,2986.939657652189,3093.8149567316154,106.87529907942644,2627.3288574,2686.104248,58.77539060000026,9.806007613164466,9.803728900893743,0.002278712270721,0.2639336697939391,27,0.7574541548054917,0.7573876274422895,6.652736320225363e-05,0.0005497530235835,0.1056128740938918,0.1056011342396043,1.1739854287455911e-05,6.142240920781195e-05,0.1862789842527715,0.1862625915457579,1.6392707013598747e-05,0.0001350015249473,BT2,"(55.0, 60.0]",0.6465292966000029,"(0.6, 0.65]",0.6508154628822157,0.650733173042733,8.228983948266322e-05,0.0780373373871159,0.07802839538859026,8.941998525635597e-06,0.15541371311051352,0.15539951785559977,1.4195254913751398e-05,0.6145554405580714,0.0014003950234380274
187,2183.0,10141.0,2978.662008433787,3088.0985423830366,109.43653394924968,2622.6713867,2683.0246582,60.35327150000012,10.152676135313412,10.15030702601787,0.0023691092955431,0.2771414752912855,28,0.7572895742137087,0.7572224096983718,6.716451533663895e-05,0.0006069313963338,0.1056128316221016,0.1056013151406915,1.1516481410174726e-05,6.682936468660472e-05,0.1862385723686655,0.1862220289361622,1.6543432503330585e-05,0.0001490223325791,BT2,"(60.0, 65.0]",0.6638859865000013,"(0.65, 0.7]",0.6506118994297589,0.6505288373774024,8.306205235653064e-05,0.07803730503714179,0.0780285331766545,8.771860487297167e-06,0.1553787186345995,0.15536439309524339,1.4325539356124795e-05,0.614566412144641,0.001455974999740441
188,2183.000000000001,10140.0,2977.25789992597,3088.318674025184,111.06077409921365,2621.8798828,2683.1433105,61.26342770000019,10.152676135313412,10.15030702601787,0.0023691092955431,0.2771414752912855,28,0.7572895742137087,0.7572224096983718,6.716451533663895e-05,0.0006069313963338,0.1056128316221016,0.1056013151406915,1.1516481410174726e-05,6.682936468660472e-05,0.1862385723686655,0.1862220289361622,1.6543432503330585e-05,0.0001490223325791,BT2,"(60.0, 65.0]",0.6738977047000021,"(0.65, 0.7]",0.6506118994297589,0.6505288373774024,8.306205235653064e-05,0.07803730503714179,0.0780285331766545,8.771860487297167e-06,0.1553787186345995,0.15536439309524339,1.4325539356124795e-05,0.614566412144641,0.001455974999740441
189,2183.0000000000005,10139.0,2976.869409763165,3088.8767035070896,112.00729374392404,2621.6608887,2683.4440918,61.78320309999981,10.152676135313412,10.15030702601787,0.0023691092955431,0.2771414752912855,28,0.7572895742137087,0.7572224096983718,6.716451533663895e-05,0.0006069313963338,0.1056128316221016,0.1056013151406915,1.1516481410174726e-05,6.682936468660472e-05,0.1862385723686655,0.1862220289361622,1.6543432503330585e-05,0.0001490223325791,BT2,"(60.0, 65.0]",0.6796152340999979,"(0.65, 0.7]",0.6506118994297589,0.6505288373774024,8.306205235653064e-05,0.07803730503714179,0.0780285331766545,8.771860487297167e-06,0.1553787186345995,0.15536439309524339,1.4325539356124795e-05,0.614566412144641,0.001455974999740441
190,2183.0000000000005,10138.0,2977.821233932916,3089.01173580665,111.19050187373388,2622.1789551,2683.692627,61.513671899999736,10.152676135313412,10.150090167647669,0.0025859676657447,0.2918698520202426,28,0.7572895742137087,0.7572188927817027,7.068143200587256e-05,0.0006874799068014,0.1056128316221016,0.1056011139968428,1.1717625258858952e-05,7.550293905511651e-05,0.1862385723686655,0.1862211694937494,1.7402874916091653e-05,0.0001687983111705,BT2,"(60.0, 65.0]",0.676650390899997,"(0.65, 0.7]",0.6506118994297589,0.6505244882008803,8.741122887867547e-05,0.07803730503714179,0.07802837997016021,8.92506698157991e-06,0.1553787186345995,0.15536364887650422,1.5069758095287433e-05,0.614566412144641,0.0015892488702587727
191,2183.0000000000005,10137.0,2980.552580602025,3089.5860943498537,109.03351374782868,2623.7231445,2684.0031738,60.28002929999957,9.806007613164466,9.803493951974678,0.0025136611897877,0.2815019394162605,27,0.7574541548054917,0.7573839998634204,7.01549420713029e-05,0.0006582720225218,0.1056128740938918,0.1056010174019473,1.1856691944523702e-05,7.322849589286307e-05,0.1862789842527715,0.1862617069878055,1.7277264966039548e-05,0.0001616472238814,BT2,"(60.0, 65.0]",0.6630803222999953,"(0.65, 0.7]",0.6508154628822157,0.6507286861562385,8.67767259772334e-05,0.0780373373871159,0.07802830639612794,9.03099098795157e-06,0.15541371311051352,0.1553987518758604,1.4961234653110278e-05,0.6145554405580714,0.001544784159903706
192,2183.0,10136.0,2985.59657632719,3090.585803669113,104.98922734192227,2626.5698242,2684.5437012,57.97387700000036,9.458260737795763,9.456026885192935,0.002233852602826,0.2707473545480069,26,0.7576041935559862,0.7575378854672243,6.630808876176072e-05,0.000610706758511,0.1056091088117263,0.1055975597043603,1.1549107365996025e-05,6.872080024500349e-05,0.1863158153734097,0.1862994805851548,1.6334788254852744e-05,0.0001499840801757,BT2,"(55.0, 60.0]",0.6377126470000039,"(0.6, 0.65]",0.6510010739793919,0.6509190410695048,8.203290988706424e-05,0.07803446944470957,0.07802567275292557,8.796691783996557e-06,0.15544560734323948,0.15543146203070274,1.4145312536739674e-05,0.6145452966546655,0.001372803610486501
193,2182.0,10135.0,3002.648507305583,3093.2616619648607,90.61315465927782,2637.3503418,2686.8859863,49.53564449999976,8.413684727997884,8.412446294156048,0.001238433841836,0.2241673005681608,23,0.7580857807833631,0.7580305925872761,5.5188196087253416e-05,0.0003366398842359,0.1055861725096307,0.1055752057678266,1.0966741804104792e-05,3.980790448243621e-05,0.1864340088887768,0.1864203913582294,1.361753054739063e-05,8.271353794719882e-05,BT2,"(45.0, 50.0]",0.5448920894999973,"(0.5, 0.55]",0.6515970581329925,0.6515287435434688,6.831458952372138e-05,0.07801699944438047,0.07800864643760894,8.353006771530391e-06,0.15554796128799012,0.15553616844431395,1.1792843676167175e-05,0.6145123322054382,0.0007610328684287812
194,2180.999999999999,10134.0,3039.054445996024,3105.10002339236,66.04557739633674,2656.3947754,2692.3664551,35.971679700000095,6.321196093422935,6.320455748396692,0.0007403450262426,0.1981046728386348,17,0.7594144379473303,0.7593619082744394,5.2529672890854654e-05,0.000221032500918,0.1055000595116926,0.1054902591707673,9.80034092534123e-06,2.904889258048549e-05,0.1867600336310134,0.186747079248983,1.2954382030416768e-05,5.435759730332279e-05,BT2,"(35.0, 40.0]",0.395688476700001,"(0.35, 0.4]",0.6532430561332461,0.653177931843867,6.512428937910375e-05,0.07795141144308525,0.077943947218273,7.4642248122508414e-06,0.1558303197328187,0.15581909968755367,1.1220045265020184e-05,0.6144205214438919,0.0004548831770723701
195,2180.9999999999995,10133.0,3064.6128338624853,3112.7475500822493,48.13471621976396,2670.4296875,2696.4697266,26.04003909999983,4.580070349118062,4.579546822246063,0.0005235268719987,0.1645371338312973,12,0.761959738261619,0.7619200146034132,3.972365820577769e-05,0.0001206752811339,0.1053495740689764,0.1053432427983392,6.331270637242407e-06,1.8426672621862927e-05,0.1873846910827461,0.1873749108183899,9.780264356227622e-06,2.9719174227893497e-05,BT2,"(25.0, 30.0]",0.2864404300999981,"(0.25, 0.3]",0.6564033933851015,0.6563539991303781,4.939425472338943e-05,0.07783680205808416,0.07783198039690123,4.821661182929926e-06,0.15637141810669733,0.15636294506621082,8.473040486511874e-06,0.6142450902299891,0.00032157381072866543
196,2179.999999999999,10132.0,3129.4976937300285,3158.21476269979,28.717068969761385,2705.4121094,2720.6022949,15.190185499999645,2.874815649022407,2.872217614613026,0.002598034409381,0.265118334103287,7,0.7707926826713427,0.77056090001358,0.0002317826577626,0.0005185968537845,0.1050105268837218,0.1049815108012742,2.9016082447573333e-05,6.829542503716812e-05,0.1895530240754094,0.1894960288634061,5.699521200335551e-05,0.0001275504654193,BT2,"(15.0, 20.0]",0.167092040499996,"(0.15, 0.2]",0.6674436964894362,0.6671525337371138,0.00029116275232243805,0.07757862135661209,0.07755652830275804,2.209305385404703e-05,0.1582507668112051,0.15820134637676514,4.94204344399507e-05,0.6136417276603392,0.0015942623234935659
197,2178.999999999999,10131.0,3185.334733167792,3289.9380472120797,104.60331404428734,2734.7856445,2788.067627,53.281982499999685,9.44935860039688,9.43550434003345,0.0138542603634288,0.7147596161250095,26,0.757384438504616,0.757035118329462,0.0003493201751538,0.0023074189548049,0.1055584264767752,0.1055099286952002,4.849778157505459e-05,0.0003084745195098,0.1862617210984663,0.1861757520281223,8.596907034402318e-05,0.0005677019776967,BT2,"(50.0, 55.0]",0.5861018074999965,"(0.55, 0.6]",0.6507292287025717,0.6502972491905644,0.00043197951200724116,0.07799586630664329,0.07795892814357189,3.693816307140385e-05,0.15539876409493364,0.15532432080750955,7.44432874240919e-05,0.61455807085422,0.008514247522060888
198,2177.999999999999,10130.0,3207.379627872296,3323.6080082630856,116.22838039078944,2746.7004395,2805.4445801,58.74414060000026,10.454229820266727,10.436524713837532,0.0177051064291955,0.8233431103850821,29,0.7561624516813554,0.7557791919338824,0.0003832597474731,0.0022527860876039,0.1053343442901537,0.1052825647498035,5.177954035018689e-05,0.0003048669764377,0.1859610783410419,0.18586678044058,9.429790046193862e-05,0.0005543215526306,BT2,"(55.0, 60.0]",0.6461855466000029,"(0.6, 0.65]",0.6492188490538064,0.6487455797296251,0.0004732693241813468,0.07782520365282927,0.07778577114676558,3.943250606369686e-05,0.15513843957536272,0.15505679423036078,8.164534500193499e-05,0.6146311598681994,0.010882110100166344
199,2177.000000000002,10129.0,3219.8201294626565,3332.3798550458214,112.55972558316488,2753.1184082,2809.7712402,56.65283200000022,10.439940980113878,10.420766970197022,0.0191740099168562,0.871202516859532,29,0.7558584748253995,0.7554461361282389,0.0004123386971606,0.0023553200226378,0.1052365242347749,0.1051813309409273,5.519329384757207e-05,0.0003193971906211,0.1858861804851889,0.1857847364899049,0.0001014439952841,0.0005791413192826,BT2,"(55.0, 60.0]",0.6231811520000023,"(0.6, 0.65]",0.6488434651619666,0.6483344756801862,0.0005089894817803531,0.07775071017409572,0.07770868037960918,4.202979448654498e-05,0.15507359099012752,0.1549857611943924,8.782979573512817e-05,0.6146477502974754,0.011785262059577148
200,2175.999999999999,10128.0,3227.1646729958925,3333.24305785397,106.07838485807817,2756.8920898,2810.1960449,53.30395509999971,9.74653030290857,9.73091499144854,0.0156153114600279,0.8521344732295859,27,0.7561149116217543,0.7557354119168974,0.0003794997048567,0.0023489303211694,0.1052133813302867,0.1051618754538189,5.150587646780476e-05,0.0003181274826689,0.1859490860620817,0.1858557084937711,9.337756831060582e-05,0.0005779886160393,BT2,"(50.0, 55.0]",0.5863435060999969,"(0.55, 0.6]",0.6491601326532059,0.6486915312458,0.00046860140740589973,0.07773308664501075,0.07769386531331561,3.922133169513564e-05,0.15512805620355283,0.15504720808349287,8.084812005995645e-05,0.614629819378953,0.009597636062223042
201,2175.0,10127.0,3231.3550211320453,3333.0981986634056,101.74317753136027,2759.0402832,2810.1247559,51.08447269999988,9.399467653399268,9.381738290891798,0.0177293625074685,0.8468064321256157,26,0.7562360896810424,0.7557969698342013,0.0004391198468409,0.0027620568185481,0.1051973789598791,0.1051381444477502,5.923451212883282e-05,0.000370988107511,0.1859787985858661,0.1858707562296871,0.0001080423561789,0.0006795946095921,BT2,"(50.0, 55.0]",0.5619291996999987,"(0.55, 0.6]",0.6493098052333731,0.6487675281646434,0.0005422770687296685,0.07772090083583516,0.07767579473023173,4.510610560343187e-05,0.15515378253097006,0.15506023649898115,9.354603198891143e-05,0.6146211574550237,0.01089684130527999
202,2173.999999999999,10126.0,3237.511522256638,3334.8957588932026,97.38423663656476,2760.6484375,2809.7609863,49.112548799999786,8.704826765972005,8.685211974622215,0.0196147913497899,0.8059537267228104,24,0.756507743166404,0.7560262863479522,0.0004814568184518,0.0028783730743537,0.1051605656292468,0.1050956223441855,6.494328506128726e-05,0.0003821942064955,0.1860454069932517,0.185926948598968,0.0001184583942837,0.0007081419674174,BT2,"(45.0, 50.0]",0.5402380367999977,"(0.5, 0.55]",0.6496454133810455,0.6490506808314349,0.0005947325496106215,0.07769286790728096,0.07764341581028737,4.9452096993585215e-05,0.1552114559658213,0.155108888878155,0.0001025670876663165,0.6146017050169688,0.012055284207132963
203,2173.9999999999995,10125.0,3240.5366667628937,3335.3218877110467,94.78522094815298,2762.2028809,2809.9719238,47.76904289999993,8.359359107567839,8.340338496254857,0.0190206113129818,0.8010515025307218,23,0.7566864872139663,0.7562095262273018,0.0004769609866644,0.0029204423063294,0.1051448544208522,0.1050804396310802,6.441478977206232e-05,0.000386547042364,0.1860892578965887,0.1859719054321548,0.0001173524644338,0.000718473870709,BT2,"(45.0, 50.0]",0.5254594718999993,"(0.5, 0.55]",0.64986629637279,0.6492769936924603,0.0005893026803297507,0.07768090418592259,0.07763185496237959,4.904922354299901e-05,0.15524942548344664,0.1551478141267189,0.00010161135672773214,0.614589222209929,0.01168986271280286
204,2173.0,10124.0,3242.758924294293,3334.5204301859026,91.76150589160945,2763.3432617,2809.5751953,46.23193360000005,8.359359107567839,8.340338496254857,0.0190206113129818,0.8010515025307218,23,0.7566864872139663,0.7562095262273018,0.0004769609866644,0.0029204423063294,0.1051448544208522,0.1050804396310802,6.441478977206232e-05,0.000386547042364,0.1860892578965887,0.1859719054321548,0.0001173524644338,0.000718473870709,BT2,"(45.0, 50.0]",0.5085512696000005,"(0.5, 0.55]",0.64986629637279,0.6492769936924603,0.0005893026803297507,0.07768090418592259,0.07763185496237959,4.904922354299901e-05,0.15524942548344664,0.1551478141267189,0.00010161135672773214,0.614589222209929,0.01168986271280286
205,2171.999999999999,10123.0,3246.638944208215,3337.1214264323366,90.48248222412168,2764.1237793,2809.9719238,45.84814449999976,8.357812419278858,8.340672934270776,0.0171394850080819,0.7494771988551869,23,0.7566513115147631,0.756217641600551,0.0004336699142122,0.0026981787245139,0.1051219887280976,0.1050628639609758,5.91247671217765e-05,0.0003573259496448,0.1860805617464496,0.1859738526474661,0.0001067090989835,0.0006637958848005,BT2,"(45.0, 50.0]",0.5043295894999974,"(0.5, 0.55]",0.6498228243749024,0.6492870178050882,0.0005358065698141123,0.07766349268646434,0.077618472129897,4.502055656734061e-05,0.15524189562740326,0.1551495001121074,9.239551529585666e-05,0.6145907144552898,0.010533768336512782
206,2171.000000000001,10122.0,3247.09697071861,3337.412246196849,90.31527547823907,2764.5695801,2810.4411621,45.87158199999976,8.357812419278858,8.341513790228555,0.0162986290503024,0.7258440681833342,23,0.7566513115147631,0.756237040982273,0.0004142705324902,0.0025915637031515,0.1051219887280976,0.1050652423533061,5.6746374791529966e-05,0.000343322195604,0.1860805617464496,0.1859786222634376,0.000101939483012,0.0006375683289454,BT2,"(45.0, 50.0]",0.5045874019999974,"(0.5, 0.55]",0.6498228243749024,0.6493109803124013,0.0005118440625010434,0.07766349268646434,0.07762028312684638,4.3209559617965465e-05,0.15524189562740326,0.15515362986282785,8.826576457540702e-05,0.6145907144552898,0.010016986072667093
207,2170.999999999999,10121.0,3248.7343850166576,3344.2229730407475,95.48858802408996,2765.4160156,2813.8354492,48.41943360000005,8.700890689777228,8.682892872875568,0.0179978169016603,0.757429188591473,24,0.7564155208321068,0.7559689978668254,0.0004465229652814,0.002712761751316,0.1050918769486412,0.1050311573010444,6.0719647596764e-05,0.0003601045412395,0.1860225853837091,0.1859127149323836,0.0001098704513255,0.0006673950447897,BT2,"(45.0, 50.0]",0.5326137696000005,"(0.5, 0.55]",0.6495314675270865,0.6489799357973716,0.0005515317297148936,0.07764056387647983,0.07759432973235755,4.623414412227578e-05,0.15519169551218562,0.1550965650044914,9.513050769421882e-05,0.6146052895843784,0.011061553468731548
208,2170.000000000001,10120.0,3249.738415950339,3347.2021629446576,97.46374699431864,2765.9345703,2815.3171387,49.38256840000031,8.700890689777228,8.682892872875568,0.0179978169016603,0.757429188591473,24,0.7564155208321068,0.7559689978668254,0.0004465229652814,0.002712761751316,0.1050918769486412,0.1050311573010444,6.0719647596764e-05,0.0003601045412395,0.1860225853837091,0.1859127149323836,0.0001098704513255,0.0006673950447897,BT2,"(45.0, 50.0]",0.5432082524000035,"(0.5, 0.55]",0.6495314675270865,0.6489799357973716,0.0005515317297148936,0.07764056387647983,0.07759432973235755,4.623414412227578e-05,0.15519169551218562,0.1550965650044914,9.513050769421882e-05,0.6146052895843784,0.011061553468731548
209,2168.999999999999,10119.0,3249.9520798511417,3348.16012656645,98.20804671530824,2766.0449219,2815.793457,49.748535100000026,9.044620719084254,9.027115866237086,0.0175048528471677,0.7640850344015109,25,0.7562072353688895,0.7557728446184291,0.0004343907504604,0.0026993890013397,0.1050798897218251,0.1050207724730465,5.911724877857072e-05,0.0003596915532066,0.185971409464564,0.1858645228101117,0.0001068866544522,0.0006641259546799,BT2,"(45.0, 50.0]",0.5472338861000002,"(0.5, 0.55]",0.6492741640402155,0.6487377435009762,0.0005364205392393018,0.07763143623695001,0.07758642251140666,4.501372554335803e-05,0.1551473846961929,0.15505483955911317,9.254513707973588e-05,0.6146187047708624,0.010758809984130754
210,2167.999999999998,10118.0,3249.5604405521008,3347.451539888856,97.89109933675536,2766.0783691,2815.793457,49.71508790000007,8.700890689777228,8.68374008048751,0.0171506092897182,0.7348735879986502,24,0.7564155208321068,0.7559883618977524,0.0004271589343544,0.0026155695551055,0.1050918769486412,0.1050335222293238,5.835471931736151e-05,0.0003471989623407,0.1860225853837091,0.1859174756537103,0.0001051097299987,0.0006434830297323,BT2,"(45.0, 50.0]",0.5468659669000008,"(0.5, 0.55]",0.6495314675270865,0.6490038477404027,0.0005276197866838084,0.07764056387647983,0.07759613044393726,4.443343254256771e-05,0.15519169551218562,0.155100686951192,9.10085609936162e-05,0.6146052895843784,0.010540855189055787
211,2167.9999999999995,10117.0,3251.608964889878,3350.1970682055,98.58810331562154,2767.138916,2817.1604004,50.02148440000019,9.044620719084254,9.02792277799031,0.0166979410939429,0.7416524382456117,25,0.7562072353688895,0.7557913529075135,0.000415882461376,0.0026045077405492,0.1050798897218251,0.105023020948723,5.686877310211447e-05,0.0003469608552593,0.185971409464564,0.1858690728998334,0.0001023365647306,0.0006407801304769,BT2,"(50.0, 55.0]",0.5502363284000021,"(0.55, 0.6]",0.6492741640402155,0.6487605935088296,0.0005135705313858985,0.07763143623695001,0.07758813454281992,4.330169413009621e-05,0.1551473846961929,0.1550587790584375,8.860563775539565e-05,0.6146187047708624,0.010262866927499344
212,2167.000000000001,10116.0,3251.6415035983846,3351.1236437691023,99.48214017071768,2767.1557617,2817.621582,50.46582030000036,9.044620719084254,9.02792277799031,0.0166979410939429,0.7416524382456117,25,0.7562072353688895,0.7557913529075135,0.000415882461376,0.0026045077405492,0.1050798897218251,0.105023020948723,5.686877310211447e-05,0.0003469608552593,0.185971409464564,0.1858690728998334,0.0001023365647306,0.0006407801304769,BT2,"(50.0, 55.0]",0.555124023300004,"(0.55, 0.6]",0.6492741640402155,0.6487605935088296,0.0005135705313858985,0.07763143623695001,0.07758813454281992,4.330169413009621e-05,0.1551473846961929,0.1550587790584375,8.860563775539565e-05,0.6146187047708624,0.010262866927499344
213,2166.0,10116.000000000002,3254.774739514534,3354.653415252928,99.87867573839412,2766.1794434,2817.1164551,50.93701170000031,9.043812960628218,9.02888044773312,0.014932512895097,0.6908025843711463,25,0.7561914479769685,0.755816059046056,0.0003753889309124,0.0023642091105856,0.1050602340495995,0.1050083126511514,5.192139844806043e-05,0.0003149321044463,0.1859674825707323,0.1858751015329306,9.238103780168317e-05,0.0005816581081773,BT2,"(50.0, 55.0]",0.5603071287000034,"(0.55, 0.6]",0.6492546637689128,0.6487910960368802,0.00046356773203259927,0.07761646961985838,0.07757693541081968,3.9534209038696866e-05,0.1551439846220828,0.1550639987021414,7.998591994137771e-05,0.6146190237478152,0.009177806497686179
214,2164.999999999999,10115.0,3249.7410540750625,3352.4295529937267,102.6884989186642,2766.171875,2818.2712402,52.09936520000019,9.388024449619758,9.373141878632874,0.0148825709868845,0.7442496441357872,26,0.7560062029984677,0.7556320770870241,0.0003741259114433,0.0023939213529726,0.1050667760362503,0.1050152846438518,5.149139239845314e-05,0.0003208839717591,0.1859220120329334,0.185829945101835,9.206693109840954e-05,0.0005890016242136,BT2,"(50.0, 55.0]",0.5730930172000022,"(0.55, 0.6]",0.6490258795472535,0.6485639704351144,0.0004619091121391694,0.0776214509317831,0.07758224398510336,3.9206946679748444e-05,0.15510461466455402,0.15502490217732182,7.971248723220858e-05,0.6146315930566763,0.009147298314447891
215,2163.999999999998,10114.0,3249.72911477504,3358.665918057272,108.93680328223172,2766.3183594,2821.5817871,55.26342769999974,9.73002295732319,9.716599928790478,0.0134230285327117,0.7496748286965473,27,0.755788529848453,0.7554572264696362,0.0003313033788168,0.0020775974833411,0.1050505170316146,0.1050046023280753,4.5914703539314034e-05,0.0002803881793073,0.185868520245801,0.1857869865508998,8.153369490115091e-05,0.0005112030212583,BT2,"(55.0, 60.0]",0.607897704699997,"(0.6, 0.65]",0.648757108178114,0.648348162375048,0.000408945803066052,0.07760907075611341,0.07757411032693057,3.496042918284259e-05,0.1550583005663434,0.15498770924864416,7.059131769923677e-05,0.6146454687648354,0.008250403664732344
216,2162.999999999998,10113.0,3250.009855973721,3359.2650330908923,109.25517711717112,2766.4638672,2821.8793945,55.41552730000012,9.73002295732319,9.716599928790478,0.0134230285327117,0.7496748286965473,27,0.755788529848453,0.7554572264696362,0.0003313033788168,0.0020775974833411,0.1050505170316146,0.1050046023280753,4.5914703539314034e-05,0.0002803881793073,0.185868520245801,0.1857869865508998,8.153369490115091e-05,0.0005112030212583,BT2,"(55.0, 60.0]",0.6095708003000013,"(0.6, 0.65]",0.648757108178114,0.648348162375048,0.000408945803066052,0.07760907075611341,0.07757411032693057,3.496042918284259e-05,0.1550583005663434,0.15498770924864416,7.059131769923677e-05,0.6146454687648354,0.008250403664732344
217,2162.000000000004,10112.0,3249.991485293089,3362.958119692559,112.96663439946995,2766.4543457,2823.7116699,57.25732419999986,10.07108941052316,10.05678018997564,0.0143092205475205,0.7728559710895673,28,0.7555544058049738,0.7552227360429179,0.0003316697620559,0.0019440783003136,0.1050314387935219,0.1049857540701049,4.568472341702688e-05,0.0002635474854951,0.1858109814650006,0.1857293625082505,8.161895675007755e-05,0.0004783684190647,BT2,"(55.0, 60.0]",0.6298305661999984,"(0.6, 0.65]",0.6484680998375593,0.648058813005985,0.0004092868315742626,0.07759454406716847,0.07755975913480137,3.478493236709623e-05,0.1550084836384582,0.15493782015854757,7.06634799106376e-05,0.6146603305769867,0.00879531023203796
218,2161.0,10111.0,3250.1794311607337,3363.6999154788878,113.52048431815363,2766.5517578,2824.0795898,57.52783200000022,10.07108941052316,10.05678018997564,0.0143092205475205,0.7728559710895673,28,0.7555544058049738,0.7552227360429179,0.0003316697620559,0.0019440783003136,0.1050314387935219,0.1049857540701049,4.568472341702688e-05,0.0002635474854951,0.1858109814650006,0.1857293625082505,8.161895675007755e-05,0.0004783684190647,BT2,"(55.0, 60.0]",0.6328061520000023,"(0.6, 0.65]",0.6484680998375593,0.648058813005985,0.0004092868315742626,0.07759454406716847,0.07755975913480137,3.478493236709623e-05,0.1550084836384582,0.15493782015854757,7.06634799106376e-05,0.6146603305769867,0.00879531023203796
219,2160.0,10110.0,3254.9225074404126,3372.227948940741,117.30544150032848,2766.4677734,2826.0939941,59.626220699999976,10.7494828911741,10.733973886436072,0.0155090047380284,0.7543922017116023,30,0.75500819809272,0.7546636607901687,0.0003445373025513,0.0021844010289914,0.1049597177385263,0.1049127814846866,4.693625383972444e-05,0.0002421554919533,0.185676673992516,0.1855918979628373,8.477602967861264e-05,0.0005365635777248,BT2,"(55.0, 60.0]",0.6558884276999998,"(0.65, 0.7]",0.6477941528881387,0.6473692595773549,0.00042489331078376935,0.07753993515412977,0.07750419879977927,3.573635435050182e-05,0.15489220511748605,0.15481881239058182,7.33927269042367e-05,0.6146939717091943,0.00953329171967539
220,2159.999999999998,10109.0,3257.315145554631,3376.3571100079707,119.04196445333992,2767.7119141,2828.1435547,60.43164060000026,10.744551144871505,10.72933304717003,0.0152180977014744,0.7648394624244526,30,0.7548913978202336,0.7545508282451281,0.0003405695751056,0.0022222895065454,0.1049184092593577,0.1048721784746693,4.623078468844281e-05,0.0002464316882829,0.1856478867440595,0.1855640899956017,8.379674845779469e-05,0.0005458711705176,BT2,"(60.0, 65.0]",0.664748046600003,"(0.65, 0.7]",0.647650092420259,0.6472301481166014,0.000419944303657549,0.07750848362672173,0.07747328524443846,3.5198382283274654e-05,0.15486728299319777,0.15479473889041734,7.254410278043077e-05,0.6147001904986907,0.009354567556124
221,2159.0000000000027,10108.0,3256.006126594757,3377.1525709529465,121.146444358189,2767.0317383,2828.5378418,61.50610349999988,10.744551144871505,10.72933304717003,0.0152180977014744,0.7648394624244526,30,0.7548913978202336,0.7545508282451281,0.0003405695751056,0.0022222895065454,0.1049184092593577,0.1048721784746693,4.623078468844281e-05,0.0002464316882829,0.1856478867440595,0.1855640899956017,8.379674845779469e-05,0.0005458711705176,BT2,"(60.0, 65.0]",0.6765671384999987,"(0.65, 0.7]",0.647650092420259,0.6472301481166014,0.000419944303657549,0.07750848362672173,0.07747328524443846,3.5198382283274654e-05,0.15486728299319777,0.15479473889041734,7.254410278043077e-05,0.6147001904986907,0.009354567556124
222,2158.0,10107.0,3253.936470037784,3378.481951131777,124.54548109399276,2765.9545898,2829.1967773,63.2421875,11.087813290867118,11.0734064503102,0.0144068405569175,0.7642300058324271,31,0.7547244616140906,0.7543999023197492,0.0003245592943413,0.0021826092461864,0.1049208145504759,0.1048766820134827,4.41325369931986e-05,0.0002419339810826,0.185606901085679,0.1855270430312867,7.985805439225668e-05,0.0005361234466395,BT2,"(60.0, 65.0]",0.6956640625,"(0.65, 0.7]",0.6474442285726189,0.6470440996919933,0.00040012888062557206,0.07751031495099364,0.07747671402790568,3.360092308796192e-05,0.15483180078434816,0.15476266756647125,6.913321787690996e-05,0.6147113762693748,0.008856048786436203
223,2158.0,10106.0,3254.316602588891,3381.036148163935,126.71954557504432,2766.4436035,2830.7126465,64.26904300000024,11.425285947978338,11.411657501367952,0.0136284466103866,0.7847865784219678,32,0.7544180618262439,0.7541173720499742,0.0003006897762698,0.00218556551986,0.1048682332103262,0.1048275255222745,4.070768805174152e-05,0.0002426147202961,0.1855315277990772,0.1854575469027741,7.398089630315796e-05,0.0005368554405335,BT2,"(60.0, 65.0]",0.7069594730000026,"(0.7, 0.75]",0.6470664834385854,0.6466959082737666,0.0003705751648188649,0.07747028151240551,0.0774392890661737,3.099244623180897e-05,0.15476654997599545,0.15470250651020914,6.404346578631204e-05,0.6147297674379667,0.0083778118153437
224,2156.9999999999973,10105.0,3250.5656464912527,3379.219367981441,128.65372149018822,2764.4914551,2829.8134766,65.32202149999966,11.431468432169725,11.417410490493074,0.0140579416766488,0.7762964366777519,32,0.7545762952250361,0.7542691077543421,0.000307187470694,0.0021181658511277,0.1049245137335249,0.1048826982792143,4.181545431061751e-05,0.0002346497276667,0.1855705277524184,0.1854949439317986,7.558382061981922e-05,0.0005202906625731,BT2,"(65.0, 70.0]",0.7185422364999963,"(0.7, 0.75]",0.6472615448152831,0.6468828937832275,0.00037865103205558803,0.07751313141496462,0.07748129454484302,3.18368701215932e-05,0.15480031206533432,0.1547348799691672,6.543209616710621e-05,0.6147213622245217,0.008641717057542428
225,2155.9999999999955,10104.0,3245.5477808815804,3378.7979743875544,133.25019350597404,2761.8752441,2829.6047363,67.72949219999964,11.775265956537188,11.760175151741947,0.0150908047952391,0.7665931239210305,33,0.7544391774872525,0.754130863051949,0.0003083144353035,0.0021887512591863,0.1049288438407972,0.1048869312639009,4.191257689623702e-05,0.0002437833149946,0.1855368691469632,0.1854610091376523,7.586000931090389e-05,0.000537652046276,BT2,"(65.0, 70.0]",0.7450244141999961,"(0.7, 0.75]",0.6470925115887185,0.6467125320463462,0.000379979542372344,0.07751642825633259,0.0774845173606094,3.191089572318617e-05,0.15477117392585404,0.1547055036398551,6.567028599893665e-05,0.6147306369873917,0.009276780044429717
226,2155.000000000004,10103.0,3240.386075980923,3374.969553476387,134.58347749546374,2759.1787109,2827.7075195,68.52880860000005,11.780580029483232,11.765557644508922,0.0150223849743102,0.7539683886167307,33,0.7545501331763966,0.7542443472362598,0.0003057859401367,0.0021501017328762,0.1049691968493811,0.1049274497787253,4.174707065576009e-05,0.0002455708226091,0.1855642188892732,0.1854889778185647,7.52410707084966e-05,0.0005281622323407,BT2,"(65.0, 70.0]",0.7538168946000006,"(0.75, 0.8]",0.6472292912214075,0.6468523788908628,0.00037691233054470974,0.07754715248433149,0.07751536684949953,3.178563483195729e-05,0.15479485047370248,0.15472971525520735,6.51352184951326e-05,0.6147247756272447,0.00923463223271893
227,2154.0,10102.0,3237.347211410521,3376.7456913315323,139.39847992101113,2755.9055176,2827.1374512,71.23193360000005,12.46429655398903,12.452469272401997,0.011827281587033,0.6927111894842408,35,0.7542033325439714,0.753960495896917,0.0002428366470542,0.0019679976700847,0.1049422783988902,0.104908569479828,3.370891906219674e-05,0.0002199440596063,0.1854789924624655,0.1854192328032966,5.975965916902621e-05,0.0004834356035539,BT2,"(70.0, 75.0]",0.7835512696000005,"(0.75, 0.8]",0.6468018342607845,0.6465026226952109,0.0002992115655736649,0.07752665706447773,0.07750099190875707,2.5665155720652755e-05,0.15472107121200288,0.1546693396827782,5.17315292246634e-05,0.6147468134149279,0.007270783666989588
228,2154.0,10101.0,3236.710465066947,3376.7456913315323,140.03522626458516,2755.5710449,2827.1374512,71.56640630000038,12.46429655398903,12.452469272401997,0.011827281587033,0.6927111894842408,35,0.7542033325439714,0.753960495896917,0.0002428366470542,0.0019679976700847,0.1049422783988902,0.104908569479828,3.370891906219674e-05,0.0002199440596063,0.1854789924624655,0.1854192328032966,5.975965916902621e-05,0.0004834356035539,BT2,"(70.0, 75.0]",0.7872304693000043,"(0.75, 0.8]",0.6468018342607845,0.6465026226952109,0.0002992115655736649,0.07752665706447773,0.07750099190875707,2.5665155720652755e-05,0.15472107121200288,0.1546693396827782,5.17315292246634e-05,0.6147468134149279,0.007270783666989588
229,2152.9999999999973,10100.0,3231.1119842720746,3372.6808638611456,141.568879589071,2752.6252441,2825.1149902,72.48974610000005,12.819729648701331,12.809032475002343,0.0106971736989862,0.6881735774036716,36,0.7542748119663997,0.7540627306694387,0.0002120812969609,0.0017240774592268,0.1050006812330787,0.1049709214997979,2.975973328079985e-05,0.0002006093529235,0.1854966982503728,0.1854445024010084,5.219584936442935e-05,0.0004234995898906,BT2,"(70.0, 75.0]",0.7973872071000004,"(0.75, 0.8]",0.646889923785133,0.6466285811743425,0.0002613426107904715,0.07757112476545763,0.07754846562566253,2.265913979510037e-05,0.15473639864095848,0.15469121440180286,4.5184239155615646e-05,0.6147442554606584,0.006576026081116608
230,2153.0,10099.0,3229.995095266367,3371.593948022104,141.59885275573697,2752.0366211,2824.5737305,72.53710939999974,12.478984485207166,12.466328070358292,0.0126564148488732,0.6771476566390765,35,0.754457951051294,0.7542056157023058,0.0002523353489881,0.0018970879593372,0.1050254013396423,0.1049902311884559,3.5170151186442973e-05,0.0002535162240141,0.1855417310490844,0.1854796307347574,6.210031432697224e-05,0.0004667490076791,BT2,"(70.0, 75.0]",0.797908203399997,"(0.75, 0.8]",0.6471156532955971,0.6468046478575091,0.00031100543808793013,0.07758994701941391,0.07756316802894042,2.6778990473486086e-05,0.1547753828331947,0.1547216237454041,5.3759087790594684e-05,0.6147330101524987,0.0077803159977866045
231,2152.0,10098.999999999998,3223.1842363011747,3366.810254866889,143.62601856571428,2749.6081543,2823.2216797,73.61352540000007,12.832019764002853,12.821110197300357,0.010909566702498,0.6830033734530967,36,0.754489090947058,0.7542743582369895,0.0002147327100684,0.0017353746674371,0.1050688968841549,0.1050386814126947,3.02154714602074e-05,0.0002314543380288,0.1855494932151259,0.1854966430932908,5.2850121835177096e-05,0.0004269570212658,BT2,"(70.0, 75.0]",0.8097487794000008,"(0.8, 0.85]",0.6471540397831507,0.6468893645968894,0.0002646751862612762,0.07762306582833288,0.07760005877517735,2.300705315552709e-05,0.15478210249163,0.1547363508927703,4.57515988596946e-05,0.6147325713774928,0.006706465991640871
232,2150.9999999999973,10098.0,3218.0594965221844,3366.2409878219937,148.1814912998093,2746.9016113,2822.9379883,76.03637700000036,13.178924770847551,13.167156027200654,0.0117687436468969,0.6856263138632075,37,0.7544135336852528,0.754199981138359,0.0002135525468939,0.0017758416775053,0.1050776446965445,0.1050477756848299,2.986901171460895e-05,0.0002294725584303,0.1855309652940246,0.1854784085993825,5.255669464206999e-05,0.0004362471422876,BT2,"(75.0, 80.0]",0.836400147000004,"(0.8, 0.85]",0.6470609019234124,0.6467977042480165,0.00026319767539584316,0.07762972677598093,0.0776069834102206,2.2743365760330425e-05,0.1547660630217495,0.15472056577916654,4.5497242582959174e-05,0.6147379226342439,0.007234693021508356
233,2151.0,10097.0,3217.3589526528103,3366.3864888228886,149.0275361700783,2746.53125,2823.010498,76.4792480000001,13.178924770847551,13.167156027200654,0.0117687436468969,0.6856263138632075,37,0.7544135336852528,0.754199981138359,0.0002135525468939,0.0017758416775053,0.1050776446965445,0.1050477756848299,2.986901171460895e-05,0.0002294725584303,0.1855309652940246,0.1854784085993825,5.255669464206999e-05,0.0004362471422876,BT2,"(75.0, 80.0]",0.841271728000001,"(0.8, 0.85]",0.6470609019234124,0.6467977042480165,0.00026319767539584316,0.07762972677598093,0.0776069834102206,2.2743365760330425e-05,0.1547660630217495,0.15472056577916654,4.5497242582959174e-05,0.6147379226342439,0.007234693021508356
234,2150.000000000001,10096.0,3212.332292106716,3363.9714172727254,151.63912516600976,2744.5024414,2822.3291016,77.82666019999988,13.184568516040436,13.17281189559564,0.0117566204447943,0.6856505200671782,37,0.7545149339461794,0.7543015310070369,0.0002134029391425,0.0017839323507651,0.1051078280222036,0.10507797173408,2.985628812362333e-05,0.0002364115386508,0.1855559435945474,0.185503423569049,5.2520025498375525e-05,0.0004388800195838,BT2,"(75.0, 80.0]",0.8560932621999987,,0.6471858977806078,0.6469228535628663,0.00026304421774148157,0.07765270987481122,0.07762997579660186,2.2734078209366015e-05,0.15478768656077774,0.1547422205991499,4.5465961627827456e-05,0.6147323133283679,0.007227174482951985
235,2150.0,10096.0,3219.8563950989133,3372.1117593051827,152.2553642062694,2744.5024414,2822.3291016,77.82666019999988,13.858532434728572,13.840529958171691,0.0180024765568802,0.7517850594661073,39,0.7540062702734228,0.7537049329725399,0.0003013373008826,0.0024302828072366,0.1050201893384152,0.1049795656541028,4.062368431239197e-05,0.0002797530821763,0.1854308161701758,0.1853566775184238,7.413865175197285e-05,0.000597127629228,BT2,"(75.0, 80.0]",0.8560932621999987,,0.6465590172283825,0.6461878213257719,0.0003711959026105882,0.07758597850216417,0.07755504726709668,3.093123506749118e-05,0.15467936683844213,0.15461518944148306,6.417739695907532e-05,0.6147628352859033,0.011067253530275678
236,2149.000000000002,10094.0,3214.4185655594647,3365.323760529063,150.90519496959814,2741.6330566,2818.9572754,77.32421879999993,13.524708436379957,13.509815764572078,0.0148926718078765,0.7163530694523826,38,0.754313256290107,0.7540609205649276,0.0002523357251792,0.0021285512497242,0.1050817077951231,0.1050471231408084,3.458465431471769e-05,0.0002605909331057,0.1855063552191869,0.185444264249124,6.209097006282542e-05,0.0005229512997877,BT2,"(75.0, 80.0]",0.8505664067999992,,0.6469373046642732,0.6466263509030767,0.0003109537611964974,0.077632820599547,0.07760648654359233,2.6334055954674307e-05,0.15474475846819571,0.15469100824370868,5.375022448703137e-05,0.6147447414132051,0.009155191679484769
237,2147.999999999999,10093.0,3208.8937614627707,3359.8886439491503,150.99488248637954,2738.7116699,2816.251709,77.54003910000029,13.19035451739298,13.17868917403117,0.011665343361809,0.6804144781641474,37,0.7546161871158251,0.7544041048789089,0.0002120822369162,0.0017894592835963,0.1051378407795019,0.1051081392893901,2.970149011182709e-05,0.0002370232681109,0.1855808854147913,0.1855286899733395,5.219544145183117e-05,0.0004402375860557,BT2,"(75.0, 80.0]",0.8529404301000032,,0.6473107269765405,0.6470492798029485,0.00026144717359199987,0.07767556349587962,0.07765294689137685,2.2616604502770365e-05,0.15480927873853564,0.1547640933035698,4.518543496584426e-05,0.6147267061054466,0.007170998100393883
238,2147.0,10093.000000000002,3212.7168241777285,3364.6172900483925,151.900465870664,2736.6308594,2814.6486816,78.01782219999996,13.524708436379957,13.510418586036185,0.014289850343772,0.6986696826173057,38,0.754313256290107,0.7540698846663056,0.0002433716238013,0.0020476924188037,0.1050817077951231,0.1050482084546929,3.34993404302115e-05,0.0002537486365513,0.1855063552191869,0.1854464678064171,5.988741276977858e-05,0.0005030852367788,BT2,"(75.0, 80.0]",0.8581960441999996,,0.6469373046642732,0.6466373958236653,0.000299908840607932,0.077632820599547,0.07760731293430431,2.5507665242688327e-05,0.15474475846819571,0.15469291577156588,5.184269662983354e-05,0.6147447414132051,0.008784610354415518
239,2145.999999999998,10092.0,3203.749016555505,3355.509349764564,151.7603332090589,2732.8227539,2810.6538086,77.8310547000001,13.541466254028531,13.526902622369205,0.0145636316593265,0.7046551410259386,38,0.7545931732714052,0.7543453848466664,0.0002477884247387,0.0020554641986267,0.1051678878920458,0.1051338493232755,3.403856877022037e-05,0.000269483179379,0.185575315651172,0.1855143424818426,6.097316932948536e-05,0.0005049927351634,BT2,"(75.0, 80.0]",0.8561416017000011,,0.6472823532480603,0.6469769032670011,0.0003054499810591915,0.07769844367832374,0.07767252412432012,2.5919554003620005e-05,0.15480445696533351,0.1547516728920742,5.2784073259315445e-05,0.6147293630139125,0.008952692013107028
240,2145.9999999999995,10091.0,3203.253522889742,3355.509349764564,152.2558268748221,2732.5605469,2810.6538086,78.09326169999986,13.541466254028531,13.526902622369205,0.0145636316593265,0.7046551410259386,38,0.7545931732714052,0.7543453848466664,0.0002477884247387,0.0020554641986267,0.1051678878920458,0.1051338493232755,3.403856877022037e-05,0.000269483179379,0.185575315651172,0.1855143424818426,6.097316932948536e-05,0.0005049927351634,BT2,"(75.0, 80.0]",0.8590258786999985,,0.6472823532480603,0.6469769032670011,0.0003054499810591915,0.07769844367832374,0.07767252412432012,2.5919554003620005e-05,0.15480445696533351,0.1547516728920742,5.2784073259315445e-05,0.6147293630139125,0.008952692013107028
241,2146.0,10091.0,3203.253522889742,3355.509349764564,152.2558268748221,2732.5605469,2810.6538086,78.09326169999986,13.541466254028531,13.526902622369205,0.0145636316593265,0.7046551410259386,38,0.7545931732714052,0.7543453848466664,0.0002477884247387,0.0020554641986267,0.1051678878920458,0.1051338493232755,3.403856877022037e-05,0.000269483179379,0.185575315651172,0.1855143424818426,6.097316932948536e-05,0.0005049927351634,BT2,"(75.0, 80.0]",0.8590258786999985,,0.6472823532480603,0.6469769032670011,0.0003054499810591915,0.07769844367832374,0.07767252412432012,2.5919554003620005e-05,0.15480445696533351,0.1547516728920742,5.2784073259315445e-05,0.6147293630139125,0.008952692013107028
242,2147.0019880715704,10091.0,3203.652345691612,3356.0402480692387,152.38790237762714,2734.887207,2813.0498047,78.16259769999988,13.882174420461803,13.864807559972512,0.0173668604892931,0.7280846662164797,39,0.7543972306002663,0.7541084918609426,0.0002887387393237,0.0024046482734709,0.1051406006667874,0.1051014503536875,3.915031309983016e-05,0.0003144623935945,0.1855271327737054,0.185456090191079,7.1042582626454e-05,0.000591519404538,BT2,"(75.0, 80.0]",0.8597885746999987,,0.6470408065204493,0.6466849661413744,0.00035584037907487875,0.07767766506958547,0.07764785356421168,2.981150537378907e-05,0.15476274525533396,0.15470124548962896,6.149976570499205e-05,0.614741368807205,0.010676127589071806
243,2148.003976143141,10091.0,3211.958266728044,3364.2254970222407,152.26723029419645,2737.1564941,2814.6486816,77.4921875,13.871208246076325,13.850736005419607,0.0204722406567174,0.8028262629871503,39,0.7542153259556317,0.7538812280853573,0.0003340978702743,0.0026113577249625,0.1050847207795789,0.1050400378734218,4.468290615708628e-05,0.0003419090234787,0.1854823190767842,0.1854001254832951,8.219359348908942e-05,0.0006423752358472,BT2,"(75.0, 80.0]",0.8524140625000001,,0.6468166141440255,0.6464049709567115,0.0004116431873140147,0.07763511482435752,0.07760109162026178,3.402320409573445e-05,0.15472395096497585,0.15465279951126706,7.115145370878428e-05,0.6147513645492364,0.012585337879097377
244,2149.005964214712,10091.0,3216.9444491301106,3367.473235700647,150.52878657053634,2739.7695312,2816.251709,76.48217780000004,13.178924770847551,13.164887335232972,0.0140374356145791,0.777596845818572,37,0.7544135336852528,0.7541644637698623,0.0002490699153904,0.0020967661956095,0.1050776446965445,0.1050435760528512,3.406864369336559e-05,0.000256376208805,0.1855309652940246,0.1854696797409684,6.128555305622345e-05,0.0005150766328724,BT2,"(75.0, 80.0]",0.8413039558000006,"(0.8, 0.85]",0.6470609019234124,0.646753936378895,0.000306965544517368,0.07762972677598093,0.07760378568753505,2.594108844587717e-05,0.1547660630217495,0.15471300948141498,5.3053540334524474e-05,0.6147379226342439,0.008629344008818306
245,2150.0079522862825,10091.0,3220.4789172109645,3373.328347653213,152.84943044224838,2741.6188965,2819.1367188,77.5178222999998,13.511629080265877,13.493720726141104,0.0179083541247742,0.8120872897352903,38,0.7540941877334145,0.7537930480873222,0.0003011396460923,0.0026173943682542,0.1050149486506102,0.1049745707803923,4.037787021796866e-05,0.0002987738926187,0.1854523877287164,0.1853783020497415,7.408567897485154e-05,0.0006430558710929,BT2,"(75.0, 80.0]",0.8526960452999979,,0.6466673408910107,0.6462963506381394,0.00037099025287135046,0.07758198815458067,0.07755124417640351,3.074397817716401e-05,0.15469804041044397,0.15463390830485998,6.413210558398053e-05,0.6147567955695392,0.011009282395670728
246,2151.009940357853,10091.0,3224.7903726713025,3375.722973294917,150.9326006236147,2743.0087891,2819.4384766,76.4296875,13.165826205212433,13.151363153466434,0.0144630517459969,0.8016661423996159,37,0.7541943183999412,0.7539362054818066,0.0002581129181345,0.0022300010796466,0.1050098522329645,0.1049748271156405,3.502511732393669e-05,0.0002504849152101,0.1854769591426209,0.185413453326365,6.350581625591245e-05,0.0005478053991433,BT2,"(75.0, 80.0]",0.8407265625,"(0.8, 0.85]",0.6467907259641157,0.6464726978523538,0.00031802811176184775,0.07757810766842416,0.07755143934947593,2.6668318948222525e-05,0.15471931102824943,0.15466433668920979,5.497433903964288e-05,0.6147499495035172,0.008891160330518351
247,2152.011928429424,10091.0,3228.071937341263,3377.7309114059,149.65897406463682,2744.8317871,2820.1274414,75.29565430000002,13.157307967073372,13.14178444406461,0.0155235230087615,0.8644485534866514,37,0.7540347966795892,0.7537603432286376,0.0002744534509516,0.0024262071743136,0.1049623676069388,0.1049256403463498,3.6727260589027e-05,0.0002722189683173,0.1854376641689317,0.1853701468392332,6.751732969855417e-05,0.0005959963656292,BT2,"(75.0, 80.0]",0.8282521973000003,"(0.8, 0.85]",0.6465941635859178,0.6462560675408674,0.0003380960450504178,0.0775419527418018,0.07751398919054853,2.79635512532711e-05,0.1546852948391602,0.1546268488829616,5.844595619858284e-05,0.6147587668547404,0.009543221862107409
248,2153.013916500994,10091.0,3230.89442973461,3379.613954047518,148.7195243129072,2746.2932129,2821.0476074,74.75439449999976,13.157307967073372,13.14178444406461,0.0155235230087615,0.8644485534866514,37,0.7540347966795892,0.7537603432286376,0.0002744534509516,0.0024262071743136,0.1049623676069388,0.1049256403463498,3.6727260589027e-05,0.0002722189683173,0.1854376641689317,0.1853701468392332,6.751732969855417e-05,0.0005959963656292,BT2,"(70.0, 75.0]",0.8222983394999974,"(0.8, 0.85]",0.6465941635859178,0.6462560675408674,0.0003380960450504178,0.0775419527418018,0.07751398919054853,2.79635512532711e-05,0.1546852948391602,0.1546268488829616,5.844595619858284e-05,0.6147587668547404,0.009543221862107409
249,2154.0159045725645,10091.0,3233.7097832597665,3382.911307349384,149.20152408961758,2747.7495117,2822.6567383,74.90722660000029,13.145854726547917,13.131350896386664,0.014503830161253,0.8705282977130494,37,0.753814305817493,0.7535536576486503,0.0002606481688427,0.0024859379383017,0.1048978029180462,0.1048630771574656,3.4725760580632726e-05,0.0002791799289894,0.1853833535685219,0.1853192358496701,6.411771885178457e-05,0.0006106749170406,BT2,"(70.0, 75.0]",0.823979492600003,"(0.8, 0.85]",0.6463225349426286,0.6460015249025991,0.0003210100400294902,0.077492794615418,0.07746635595542029,2.6438659997712888e-05,0.15463828107955954,0.15458277916429353,5.550191526601522e-05,0.6147709890366875,0.008916534013053645
250,2155.017892644136,10091.0,3235.9945165657127,3389.8486287961214,153.85411223040865,2749.3120117,2826.5080566,77.19604490000029,13.800616501417348,13.783090278372718,0.0175262230446282,0.9618096292036712,39,0.7528258648194123,0.7524059897162106,0.0004198751032018,0.0056078201940009,0.1046893660085261,0.1046396858126686,4.9680195857570144e-05,0.0006654341390109,0.1851400999183052,0.1850369190224505,0.0001031808958547,0.0013782523408616,BT2,"(75.0, 80.0]",0.8491564939000031,"(0.8, 0.85]",0.6451056999936517,0.6445892278247614,0.0005164721688903917,0.0773341080063244,0.07729628846679056,3.781953953384265e-05,0.1544277222610718,0.15433841583009061,8.930643098117863e-05,0.6148287623675474,0.010775626023506344
251,2156.0198807157058,10091.0,3240.571327919233,3393.651578632883,153.08025071364955,2750.8022461,2827.017334,76.21508790000007,13.423498214867363,13.375476525343911,0.0480216895234537,2.355389853047352,38,0.7516729478536839,0.7481791796901923,0.0034937681634916,0.031535331945566,0.1043796641881784,0.1039734471480318,0.0004062170401465,0.0038212415866527,0.1848561849461505,0.1839976614850701,0.0008585234610803,0.0077520634852245,BT2,"(75.0, 80.0]",0.8383659669000009,"(0.8, 0.85]",0.6436881427046262,0.6394039399662561,0.0042842027383700465,0.07709836232828726,0.07678921365615181,0.0003091486721354536,0.15418199363276022,0.15343911368742327,0.0007428799453369495,0.6148934980894576,0.029528224655242304
252,2157.021868787276,10091.0,3245.851381116162,3396.154876179544,150.3034950633819,2753.5075684,2828.2272949,74.71972649999998,13.532558402481332,13.43948814260828,0.0930702598730537,2.225725386862073,38,0.7487144125215629,0.7460873244840611,0.0026270880375015,0.0330698937162099,0.1037502465907015,0.1034376080909202,0.0003126384997813,0.0040552793180772,0.184128055455597,0.1834823741903389,0.0006456812652582,0.0081301247677538,BT2,"(70.0, 75.0]",0.8219169914999997,"(0.8, 0.85]",0.6400591431525878,0.636847082814391,0.003212060338196876,0.07661937960921149,0.07638152912298936,0.0002378504862221298,0.15355192680710772,0.15299336049445197,0.000558566312655745,0.6150652374286756,0.057244281486368315
253,2158.023856858847,10091.0,3249.917477071844,3398.203937750046,148.28646067820182,2755.5871582,2829.2163086,73.62915040000007,13.199650449712609,13.111926613064371,0.0877238366482355,2.2142935816360856,37,0.7491765933953677,0.7466433822318703,0.0025332111634972,0.0309981333195142,0.1037787052157834,0.1034786803001976,0.0003000249155858,0.0037915076992179,0.1842416243197463,0.1836190426487736,0.0006225816709727,0.0076206208305715,BT2,"(70.0, 75.0]",0.8099206544000007,"(0.8, 0.85]",0.6406252460589541,0.6375261454455472,0.003099100613406902,0.0766410326413378,0.07641277374243675,0.0002282588989010459,0.1536501882068577,0.1531115774739122,0.000538610732945477,0.6150357923314318,0.05395329937930062
254,2159.0258449304174,10091.0,3255.7472882096804,3404.958524133291,149.21123592361073,2758.1323242,2832.0461426,73.91381840000031,13.361295648012952,13.35351065790535,0.0077849901076021,0.4738762684597414,37,0.74933575832458,0.7491451332288097,0.0001906250957702,0.001554885754968,0.1039227134137109,0.1038976709049513,2.504250875960116e-05,0.0002021255782334,0.1842810901846905,0.1842341993156741,4.689086901643602e-05,0.0003824428443739,BT2,"(70.0, 75.0]",0.8130520024000033,"(0.8, 0.85]",0.6408202694329658,0.6405867024410921,0.00023356699187371266,0.07675060824618156,0.07673155278033728,1.9055465844283748e-05,0.15368433569926873,0.15364376384872727,4.057185054145984e-05,0.6150307852081177,0.004788008578715948
255,2160.0278330019883,10091.0,3261.07453784455,3414.7927404662737,153.71820262172378,2760.5686035,2836.0961914,75.52758790000007,12.683907336343392,12.674352984388438,0.0095543519549536,0.530774569462083,35,0.7505750068709716,0.7503501116158314,0.0002248952551405,0.0018639071328592,0.1040214757279626,0.1039922192457294,2.9256482233241955e-05,0.0002426633371817,0.1845856638515412,0.1845303476747757,5.531617676546308e-05,0.0004584608398456,BT2,"(75.0, 80.0]",0.8308034669000007,"(0.8, 0.85]",0.6423399372987451,0.642063990643443,0.00027594665530206175,0.0768257616547863,0.07680349841628868,2.226323849761902e-05,0.15394788383999036,0.15390001622439367,4.7867615596691726e-05,0.6149525935213542,0.005875473514114537
256,2161.0298210735587,10091.0,3265.360620205345,3415.670189881037,150.30956967569182,2763.454834,2837.6186523,74.1638183,12.344324783254358,12.335689682688969,0.0086351005653888,0.5043896140533412,34,0.7511861456925645,0.7509673013093103,0.0002188443832541,0.0017355589840011,0.1040673293056405,0.1040386999115365,2.862939410402289e-05,0.0002250763025732,0.1847358574344872,0.1846820267090171,5.3830725470128224e-05,0.0004268745950312,BT2,"(70.0, 75.0]",0.8158020013,"(0.8, 0.85]",0.6430901676880271,0.6428214546778062,0.0002687130102209112,0.07686065551187282,0.07683886888021106,2.1786631661760425e-05,0.15407785864797272,0.15403127359878632,4.6585049186392835e-05,0.6149138902204866,0.00530984328110835
257,2162.031809145129,10091.0,3270.787179845396,3419.048055143769,148.26087529837287,2766.2080078,2839.2370605,73.0290527000002,12.004605061583414,11.99565089438859,0.0089541671948243,0.5158572243296214,33,0.7518074331135696,0.7515787087263305,0.0002287243872391,0.0018011832496831,0.1041123992702522,0.1040825469067682,2.985236348401586e-05,0.000233473708235,0.1848885409421802,0.1848322811021318,5.625984004838229e-05,0.0004430142969861,BT2,"(70.0, 75.0]",0.8033195797000021,"(0.8, 0.85]",0.6438534002534254,0.6435723555424259,0.0002810447109995451,0.07689495396162153,0.07687223607523623,2.271788638530392e-05,0.15420999633831764,0.1541613061336293,4.869020468833973e-05,0.6148744627895161,0.005505688743645099
258,2163.0337972167,10091.0,3276.115784853564,3430.6283388389425,154.51255398537887,2768.9060059,2844.7702637,75.86425780000036,11.32491517427694,11.31539345457351,0.0095217197034305,0.5422347525787754,31,0.7530929009020215,0.7528462884648168,0.0002466124372043,0.0018998188619852,0.1042012048241179,0.1041692323887093,3.197243540864122e-05,0.0002463603935359,0.1852044378379965,0.1851437817978723,6.065604012413821e-05,0.0004672780559447,BT2,"(75.0, 80.0]",0.834506835800004,"(0.8, 0.85]",0.6454343014149859,0.6451308287354981,0.0003034726794878262,0.0769625380355184,0.07693820551148914,2.4332524029266334e-05,0.1544834107282874,0.15443090911726312,5.250161102426931e-05,0.614792645961939,0.005853883250579966
259,2164.0357852882703,10091.0,3283.559900472505,3434.327007909485,150.76710743697913,2771.8696289,2845.3657227,73.49609379999993,10.984705929026768,10.973820431920444,0.0108854971063223,0.5914096285578934,30,0.7537486604881535,0.7534709604424937,0.0002777000456601,0.0021341513917672,0.10424445733223,0.1042087816175993,3.567571463070444e-05,0.0002777485682756,0.1853655826134438,0.1852972861710062,6.82964424376172e-05,0.0005249348775892,BT2,"(70.0, 75.0]",0.8084570317999992,"(0.8, 0.85]",0.6462416780926037,0.6458996966212949,0.0003419814713088165,0.07699545594691667,0.07696830439753662,2.715154938005837e-05,0.1546228979472969,0.15456377930152504,5.9118645771849554e-05,0.6147507944835322,0.006691867994459825
260,2165.037773359841,10091.0,3290.819511468706,3443.3990379343977,152.57952646569174,2775.5061035,2849.6567383,74.15063480000026,10.304591101254283,10.292981520420676,0.0116095808336105,0.6183490540289636,28,0.7550966606261685,0.7547892318826867,0.0003074287434818,0.0022247098175702,0.10433135208042,0.1042921138763997,3.923820402027386e-05,0.0002902839567102,0.1856968336007237,0.1856212305517067,7.560304901700026e-05,0.0005472241366281,BT2,"(70.0, 75.0]",0.815656982800003,"(0.8, 0.85]",0.6479032748104362,0.6475240978083482,0.00037917700208800476,0.07706159089224805,0.0770317265722402,2.9864320007857992e-05,0.1549096581668471,0.1548442060589493,6.545210789779543e-05,0.61466461056126,0.007135998481870666
261,2166.0397614314115,10091.0,3297.8621067608387,3448.461702160766,150.59959539992724,2779.0241699,2852.0449219,73.02075200000036,9.625422234031271,9.61276103045974,0.0126612035715307,0.6426219019542706,26,0.7564686992128463,0.7561169231623677,0.0003517760504785,0.0024298622773076,0.1044156863902998,0.1043709286857638,4.475770453602564e-05,0.0003178845443285,0.1860339827935842,0.1859474763201995,8.650647338469798e-05,0.0005977028738476,BT2,"(70.0, 75.0]",0.8032282720000039,"(0.8, 0.85]",0.649597170903654,0.6491626170275754,0.00043455387607860274,0.07712578031443111,0.07709171346337318,3.4066851057931724e-05,0.15520156411786376,0.15512666243158968,7.490168627408145e-05,0.6145766306252071,0.007781279830651176
262,2167.041749502982,10091.0,3306.270772136143,3452.216972676171,145.9462005400278,2783.2121582,2853.8134766,70.60131839999985,8.944682387289186,8.931333319703162,0.0133490675860237,0.6643137276358436,24,0.7578648876800523,0.7574690143358511,0.0003958733442012,0.0026797393616841,0.1044933774711135,0.1044430693641532,5.0308106960309885e-05,0.0003513675023186,0.1863770452237288,0.1862796954804878,9.734974324096073e-05,0.0006591836327997,BT2,"(70.0, 75.0]",0.7766145023999983,"(0.75, 0.8]",0.6513236523872595,0.6508338439824946,0.0004898084047649798,0.07718491616792518,0.07714662301270533,3.8293155219845665e-05,0.1554986309291959,0.15541432899987756,8.430192931835334e-05,0.614486692960097,0.008202824395036527
263,2168.043737574553,10091.0,3315.0651749419303,3457.692697767435,142.6275228255049,2786.7717285,2855.220459,68.44873050000024,8.26557261606831,8.249649584240519,0.0159230318277909,0.7226005881206634,22,0.7594019106288364,0.7589129498838303,0.0004889607450062,0.00319709790299,0.1045720783253839,0.1045101817732764,6.189655210759264e-05,0.0004203196229202,0.186754694127947,0.1866344569009926,0.0001202372269543,0.0007864708052894,BT2,"(65.0, 70.0]",0.7529360355000025,"(0.75, 0.8]",0.6532275248794919,0.6526214924744417,0.0006060324050501942,0.07724482336137273,0.07719770739370017,4.711596767255355e-05,0.1558256950769408,0.15572155774959312,0.00010413732734768089,0.614387309078565,0.009782908677048795
264,2169.045725646123,10091.0,3320.8702927551267,3459.816459608256,138.94616685312894,2789.6298828,2856.2126465,66.58276370000021,7.584362267712801,7.567706699967582,0.0166555677452189,0.7373717382263427,20,0.761062936521907,0.7605264372560925,0.0005364992658144,0.0035945042303879,0.1046418249595223,0.104573799700283,6.802525923932379e-05,0.0004718302888475,0.1871627722997851,0.1870308426942435,0.0001319296055415,0.0008842196282632,BT2,"(65.0, 70.0]",0.7324104007000023,"(0.7, 0.75]",0.6552888240822224,0.6546226040979141,0.0006662199843083805,0.07729791689085597,0.0772461337049566,5.1783185899365036e-05,0.1561791691524986,0.15606488634782337,0.00011428280467523644,0.6142792072379417,0.0102311689506309
265,2170.047713717694,10091.0,3325.67229613418,3464.63914291333,138.96684677914982,2791.9892578,2858.4619141,66.47265629999993,7.242825666432697,7.226072217362296,0.0167534490704008,0.7433730568552961,19,0.7619816994924135,0.761420301765024,0.0005613977273894,0.0037599593306661,0.1046761966225147,0.104604937793751,7.125882876371065e-05,0.0004929994081477,0.1873884828836614,0.1872504290062167,0.0001380538774446,0.0009249114085332,BT2,"(65.0, 70.0]",0.7311992192999992,"(0.7, 0.75]",0.656430701987053,0.6557328278211347,0.0006978741659182663,0.07732408257438912,0.07726983684614605,5.424572824307139e-05,0.15637470310701138,0.1562551043622546,0.00011959874475678256,0.6142191998488373,0.010290290082729827
266,2171.0497017892644,10091.0,3329.658394446145,3467.7509021924143,138.09250774626935,2793.9445801,2859.9111328,65.96655269999974,6.901744613098937,6.884413183097374,0.0173314300015627,0.7495021293315182,18,0.7629950608556575,0.7623954515767273,0.0005996092789301,0.00389388771171,0.1047132969915028,0.1046371228844021,7.617410710062143e-05,0.0005099500673072,0.1876374320657309,0.1874899801606824,0.0001474519050484,0.0009578464266065,BT2,"(65.0, 70.0]",0.7256320796999971,"(0.7, 0.75]",0.6576915678499563,0.6569453296473518,0.0007462382026045544,0.07735232609474495,0.07729433744209467,5.7988652650275974e-05,0.15659038959969135,0.15646263645172453,0.0001277531479668137,0.6141529359287017,0.010644148619302515
267,2172.051689860835,10091.0,3333.332979133601,3471.2387733662936,137.90579423269264,2794.932373,2860.3803711,65.44799809999995,6.560714811084892,6.541272644286448,0.0194421667984432,0.7946227912979293,17,0.7640936356090565,0.7634062917520956,0.0006873438569607,0.0042702162522093,0.1047503437736315,0.104663256207333,8.708756629854604e-05,0.000559280673519,0.1879073078389769,0.1877382848809616,0.0001690229580153,0.0010504220063484,BT2,"(65.0, 70.0]",0.7199279790999994,"(0.7, 0.75]",0.6590601418338257,0.65820366280441,0.0008564790294156577,0.07738052943117572,0.0773142315256829,6.629790549282644e-05,0.15682423134211704,0.15667777345721268,0.00014645788490436074,0.6140809281341414,0.011939063832526789
268,2173.0536779324057,10091.0,3334.7885110565803,3473.65844878607,138.86993772948972,2795.6408691,2861.4987793,65.85791019999988,6.560714811084892,6.541272644286448,0.0194421667984432,0.7946227912979293,17,0.7640936356090565,0.7634062917520956,0.0006873438569607,0.0042702162522093,0.1047503437736315,0.104663256207333,8.708756629854604e-05,0.000559280673519,0.1879073078389769,0.1877382848809616,0.0001690229580153,0.0010504220063484,BT2,"(65.0, 70.0]",0.7244370121999987,"(0.7, 0.75]",0.6590601418338257,0.65820366280441,0.0008564790294156577,0.07738052943117572,0.0773142315256829,6.629790549282644e-05,0.15682423134211704,0.15667777345721268,0.00014645788490436074,0.6140809281341414,0.011939063832526789
269,2174.055666003976,10091.0,3336.911489234318,3476.679580440712,139.76809120639336,2796.673584,2862.894043,66.22045899999966,6.217631636992422,6.197829914103526,0.0198017228888964,0.8009485192632342,16,0.7652453227429458,0.764528872768158,0.0007164499747877,0.0043573846758934,0.1047810732412266,0.1046902220706822,9.085117054438709e-05,0.0005699658338106,0.1881902106048421,0.18801402889685,0.000176181707992,0.0010718522627816,BT2,"(65.0, 70.0]",0.7284250489999963,"(0.7, 0.75]",0.6604967642684257,0.6596028329424983,0.0008939313259274106,0.07740392392340978,0.07733475970170353,6.916422170624714e-05,0.15706938830496753,0.1569167100119424,0.00015267829302512137,0.6140050855297728,0.012158358556033696
270,2175.057654075547,10091.0,3342.427037957936,3483.1754652557293,140.7484272977931,2797.5327148,2863.7539062,66.22119139999995,5.873400704347308,5.853148575309822,0.0202521290374857,0.8430324386377374,15,0.7665409190742188,0.7657773259540935,0.0007635931201253,0.0045556923588164,0.1048141552220468,0.1047174347357961,9.672048625066024e-05,0.0005961609614482,0.1885084590782878,0.1883206868978497,0.000187772180438,0.0011206399152202,BT2,"(65.0, 70.0]",0.7284331053999994,"(0.7, 0.75]",0.66211520795776,0.6611610404321525,0.0009541675256075077,0.07742910986439538,0.07735547608691197,7.363377748341449e-05,0.1573452088108457,0.1571824655498486,0.0001627432609971058,0.6139196384277966,0.012433179736086302
271,2176.0596421471173,10091.0,3347.1104249552413,3489.832335564597,142.72191060935577,2798.1630859,2864.8684082,66.7053222999998,5.53197752584628,5.5098322415528695,0.0221452842934102,0.8843426994313783,14,0.768116177192041,0.7672425843420431,0.000873592849998,0.0048638993257631,0.1048637731649781,0.1047533435952561,0.000110429569722,0.0006363450092106,0.1888954259901563,0.1886806082305829,0.0002148177595733,0.0011964546893697,BT2,"(65.0, 70.0]",0.7337585452999978,"(0.7, 0.75]",0.6640863013851458,0.6629927419080528,0.001093559477092998,0.07746688585952903,0.07738281319139748,8.407266813155456e-05,0.15768063459703235,0.15749442244106637,0.00018621215596598129,0.6138159723079788,0.013593129210596194
272,2177.061630218688,10091.0,3348.2389314174025,3490.1006360704173,141.86170465301484,2798.7045898,2864.9904785,66.28588869999976,5.1918467619612425,5.169400207746446,0.0224465542147962,0.8918434093324892,13,0.7699013408150286,0.7689524587713071,0.0009488820437215,0.0050572586517257,0.1049189849835094,0.1047992390213959,0.0001197459621135,0.0006604088980748,0.1893339528320755,0.1891006245947069,0.0002333282373686,0.0012439980777853,BT2,"(65.0, 70.0]",0.7291447756999972,"(0.7, 0.75]",0.6663244347182453,0.6651342007656623,0.0011902339525829975,0.07750892196744562,0.07741775381702991,9.116815041571025e-05,0.15806081684683077,0.15785852372728326,0.00020229311954750306,0.6136983092679609,0.013775412370512049
273,2178.0636182902585,10091.0,3349.0269584061257,3490.369473307806,141.34251490168026,2799.0822754,2865.112793,66.03051759999971,5.1918467619612425,5.169400207746446,0.0224465542147962,0.8918434093324892,13,0.7699013408150286,0.7689524587713071,0.0009488820437215,0.0050572586517257,0.1049189849835094,0.1047992390213959,0.0001197459621135,0.0006604088980748,0.1893339528320755,0.1891006245947069,0.0002333282373686,0.0012439980777853,BT2,"(65.0, 70.0]",0.7263356935999968,"(0.7, 0.75]",0.6663244347182453,0.6651342007656623,0.0011902339525829975,0.07750892196744562,0.07741775381702991,9.116815041571025e-05,0.15806081684683077,0.15785852372728326,0.00020229311954750306,0.6136983092679609,0.013775412370512049
274,2179.065606361829,10091.0,3346.0166841023247,3482.9112985181923,136.89461441586764,2799.564209,2863.9523926,64.38818360000005,5.53197752584628,5.511030610292491,0.0209469155537886,0.8475078235984684,14,0.768116177192041,0.7672885016711378,0.0008276755209031,0.0046397109251342,0.1048637731649781,0.1047589142484378,0.0001048589165402,0.0006062588400423,0.1888954259901563,0.1886918950859261,0.0002035309042301,0.0011412924107141,BT2,"(60.0, 65.0]",0.7082700196000006,"(0.7, 0.75]",0.6640863013851458,0.6630501932347282,0.0010361081504175473,0.07746688585952903,0.07738705413288006,7.983172664896565e-05,0.15768063459703235,0.15750420590833691,0.00017642868869544026,0.6138159723079788,0.012857551337501872
275,2180.0675944334,10091.0,3346.972720134565,3482.3340827721345,135.36136263756953,2800.0253906,2863.6877441,63.662353500000336,5.53197752584628,5.511030610292491,0.0209469155537886,0.8475078235984684,14,0.768116177192041,0.7672885016711378,0.0008276755209031,0.0046397109251342,0.1048637731649781,0.1047589142484378,0.0001048589165402,0.0006062588400423,0.1888954259901563,0.1886918950859261,0.0002035309042301,0.0011412924107141,BT2,"(60.0, 65.0]",0.7002858885000037,"(0.7, 0.75]",0.6640863013851458,0.6630501932347282,0.0010361081504175473,0.07746688585952903,0.07738705413288006,7.983172664896565e-05,0.15768063459703235,0.15750420590833691,0.00017642868869544026,0.6138159723079788,0.012857551337501872
276,2181.06958250497,10091.0,3348.513062302382,3481.1801841143506,132.66712181196863,2800.7680664,2863.1586914,62.390625,5.1918467619612425,5.170589548793294,0.0212572131679484,0.8550351043813738,13,0.7699013408150286,0.7690017499222834,0.0008995908927453,0.0048286020979579,0.1049189849835094,0.1048052175907926,0.0001137673927168,0.0006297731424712,0.1893339528320755,0.1891127407960169,0.0002212120360586,0.0011877372638849,BT2,"(60.0, 65.0]",0.686296875,"(0.65, 0.7]",0.6663244347182453,0.6651959968135563,0.0011284379046889725,0.07750892196744562,0.07742230542784105,8.661653960456706e-05,0.15806081684683077,0.15786902787251403,0.0001917889743167367,0.6136983092679609,0.013045515780918567
277,2182.0715705765406,10091.0,3350.500976578,3479.881644316581,129.380667738581,2801.7255859,2862.5632324,60.837646499999664,5.1918467619612425,5.170589548793294,0.0212572131679484,0.8550351043813738,13,0.7699013408150286,0.7690017499222834,0.0008995908927453,0.0048286020979579,0.1049189849835094,0.1048052175907926,0.0001137673927168,0.0006297731424712,0.1893339528320755,0.1891127407960169,0.0002212120360586,0.0011877372638849,BT2,"(60.0, 65.0]",0.6692141114999963,"(0.65, 0.7]",0.6663244347182453,0.6651959968135563,0.0011284379046889725,0.07750892196744562,0.07742230542784105,8.661653960456706e-05,0.15806081684683077,0.15786902787251403,0.0001917889743167367,0.6136983092679609,0.013045515780918567
278,2183.0735586481114,10091.0,3349.287781459292,3475.713595910769,126.42581445147744,2802.6772461,2862.4482422,59.77099610000005,5.1918467619612425,5.171674121115268,0.020172640845975,0.8219023255782159,13,0.7699013408150286,0.7690466443133034,0.0008546965017252,0.0046187421673241,0.1049189849835094,0.1048106688372864,0.000108316146223,0.0006016834613158,0.1893339528320755,0.1891237763678306,0.0002101764642449,0.0011361018846767,BT2,"(55.0, 60.0]",0.6574809571000005,"(0.65, 0.7]",0.6663244347182453,0.6652522837652883,0.001072150952956985,0.07750892196744562,0.07742645559046363,8.246637698199055e-05,0.15806081684683077,0.15787859521073014,0.0001822216361006268,0.6136983092679609,0.012379915580644666
279,2184.075546719682,10091.0,3351.170386476669,3475.713595910769,124.54320943409994,2803.5881348,2862.4482422,58.86010740000029,5.1918467619612425,5.171674121115268,0.020172640845975,0.8219023255782159,13,0.7699013408150286,0.7690466443133034,0.0008546965017252,0.0046187421673241,0.1049189849835094,0.1048106688372864,0.000108316146223,0.0006016834613158,0.1893339528320755,0.1891237763678306,0.0002101764642449,0.0011361018846767,BT2,"(55.0, 60.0]",0.6474611814000032,"(0.6, 0.65]",0.6663244347182453,0.6652522837652883,0.001072150952956985,0.07750892196744562,0.07742645559046363,8.246637698199055e-05,0.15806081684683077,0.15787859521073014,0.0001822216361006268,0.6136983092679609,0.012379915580644666
280,2185.0775347912527,10091.0,3353.316333917497,3475.962496398506,122.646162481009,2804.6254883,2862.5632324,57.93774409999969,4.850160900836049,4.829584156876592,0.0205767439594568,0.8269242388988273,12,0.7718852896914021,0.7709486747856693,0.0009366149057327,0.004775348258426,0.1049792417441538,0.1048607993149432,0.0001184424292105,0.0006210018312118,0.18982130750012,0.1895909909697563,0.0002303165303637,0.0011746058677944,BT2,"(55.0, 60.0]",0.6373151850999965,"(0.6, 0.65]",0.6688172810930068,0.6676396964731948,0.0011775846198119888,0.07755480064212408,0.07746462172548402,9.017891664006572e-05,0.15848341025187943,0.1582836884664392,0.00019972178544022667,0.613567321125075,0.012625217668680477
281,2186.079522862823,10091.0,3355.134041682034,3476.075699993321,120.94165831128748,2805.5036621,2862.6154785,57.11181639999995,4.850160900836049,4.829584156876592,0.0205767439594568,0.8269242388988273,12,0.7718852896914021,0.7709486747856693,0.0009366149057327,0.004775348258426,0.1049792417441538,0.1048607993149432,0.0001184424292105,0.0006210018312118,0.18982130750012,0.1895909909697563,0.0002303165303637,0.0011746058677944,BT2,"(55.0, 60.0]",0.6282299803999994,"(0.6, 0.65]",0.6688172810930068,0.6676396964731948,0.0011775846198119888,0.07755480064212408,0.07746462172548402,9.017891664006572e-05,0.15848341025187943,0.1582836884664392,0.00019972178544022667,0.613567321125075,0.012625217668680477
282,2187.081510934393,10091.0,3354.3174138943623,3473.9470799721007,119.62966607773842,2806.1105957,2862.9318848,56.82128909999983,4.850160900836049,4.8308840801884765,0.0192768206475726,0.7877762494166293,12,0.7718852896914021,0.771006843771811,0.000878445919591,0.0045176611179214,0.1049792417441538,0.1048678627666685,0.0001113789774852,0.0005866222908682,0.18982130750012,0.1896052897193874,0.0002160177807326,0.0011112047679715,BT2,"(55.0, 60.0]",0.6250341800999981,"(0.6, 0.65]",0.6688172810930068,0.6677127934300268,0.0011044876629799916,0.07755480064212408,0.07746999947501011,8.48011671139709e-05,0.15848341025187943,0.1582960872556212,0.00018732299625823234,0.613567321125075,0.011827627204539653
283,2188.0834990059643,10091.0,3355.045727492815,3477.856599428377,122.81087193556232,2806.4643555,2864.7460938,58.28173830000014,4.850160900836049,4.8308840801884765,0.0192768206475726,0.7877762494166293,12,0.7718852896914021,0.771006843771811,0.000878445919591,0.0045176611179214,0.1049792417441538,0.1048678627666685,0.0001113789774852,0.0005866222908682,0.18982130750012,0.1896052897193874,0.0002160177807326,0.0011112047679715,BT2,"(55.0, 60.0]",0.6410991213000016,"(0.6, 0.65]",0.6688172810930068,0.6677127934300268,0.0011044876629799916,0.07755480064212408,0.07746999947501011,8.48011671139709e-05,0.15848341025187943,0.1582960872556212,0.00018732299625823234,0.613567321125075,0.011827627204539653
284,2189.0854870775347,10091.0,3355.0743774751936,3478.498967206832,123.42458973163777,2806.4782715,2865.0439453,58.565673799999786,4.850160900836049,4.8308840801884765,0.0192768206475726,0.7877762494166293,12,0.7718852896914021,0.771006843771811,0.000878445919591,0.0045176611179214,0.1049792417441538,0.1048678627666685,0.0001113789774852,0.0005866222908682,0.18982130750012,0.1896052897193874,0.0002160177807326,0.0011112047679715,BT2,"(55.0, 60.0]",0.6442224117999976,"(0.6, 0.65]",0.6688172810930068,0.6677127934300268,0.0011044876629799916,0.07755480064212408,0.07746999947501011,8.48011671139709e-05,0.15848341025187943,0.1582960872556212,0.00018732299625823234,0.613567321125075,0.011827627204539653
285,2190.0874751491056,10091.0,3354.442569188897,3479.7826500924834,125.34008090358655,2806.1713867,2865.6391602,59.46777350000002,4.850160900836049,4.8308840801884765,0.0192768206475726,0.7877762494166293,12,0.7718852896914021,0.771006843771811,0.000878445919591,0.0045176611179214,0.1049792417441538,0.1048678627666685,0.0001113789774852,0.0005866222908682,0.18982130750012,0.1896052897193874,0.0002160177807326,0.0011112047679715,BT2,"(55.0, 60.0]",0.6541455085000002,"(0.65, 0.7]",0.6688172810930068,0.6677127934300268,0.0011044876629799916,0.07755480064212408,0.07746999947501011,8.48011671139709e-05,0.15848341025187943,0.1582960872556212,0.00018732299625823234,0.613567321125075,0.011827627204539653
286,2191.089463220676,10091.0,3350.1816122736086,3478.334328167053,128.15271589344457,2805.5666504,2866.8103027,61.24365230000012,5.1918467619612425,5.174510247960967,0.0173365140002754,0.7367630893018059,13,0.7699013408150286,0.7691638588447002,0.0007374819703285,0.0040631130948034,0.1049189849835094,0.1048249311672694,9.405381624004984e-05,0.0005274558053376,0.1893339528320755,0.1891525897504647,0.0001813630816107,0.0009993938544199,BT2,"(60.0, 65.0]",0.6736801753000013,"(0.65, 0.7]",0.6663244347182453,0.6653992569969652,0.0009251777212800905,0.07750892196744562,0.07743731390139136,7.160806605426007e-05,0.15806081684683077,0.15790357530415933,0.00015724154267143797,0.6136983092679609,0.010639389330569345
287,2192.0914512922463,10091.0,3348.130370070236,3478.334328167053,130.2039580968176,2804.5625,2866.8103027,62.24780270000019,5.1918467619612425,5.174510247960967,0.0173365140002754,0.7367630893018059,13,0.7699013408150286,0.7691638588447002,0.0007374819703285,0.0040631130948034,0.1049189849835094,0.1048249311672694,9.405381624004984e-05,0.0005274558053376,0.1893339528320755,0.1891525897504647,0.0001813630816107,0.0009993938544199,BT2,"(60.0, 65.0]",0.6847258297000022,"(0.65, 0.7]",0.6663244347182453,0.6653992569969652,0.0009251777212800905,0.07750892196744562,0.07743731390139136,7.160806605426007e-05,0.15806081684683077,0.15790357530415933,0.00015724154267143797,0.6136983092679609,0.010639389330569345
288,2193.093439363817,10091.0,3345.3490212813226,3478.164245266076,132.81522398475272,2803.1989746,2866.730957,63.53198240000029,5.53197752584628,5.514970147155763,0.0170073786905167,0.7291898047910411,14,0.768116177192041,0.7674391375051891,0.0006770396868519,0.0038899463162688,0.1048637731649781,0.1047772377396527,8.653542532536093e-05,0.0005058823248837,0.1888954259901563,0.1887289236965577,0.0001665022935986,0.0009568151120772,BT2,"(60.0, 65.0]",0.6988518064000031,"(0.65, 0.7]",0.6640863013851458,0.6632386889898575,0.0008476123952882997,0.07746688585952903,0.07740100391459996,6.588194492906929e-05,0.15768063459703235,0.15753630269305055,0.00014433190398180362,0.6138159723079788,0.010439400687329507
289,2194.095427435388,10091.0,3341.3971077265496,3472.553591336257,131.1564836097073,2801.2595215,2864.111084,62.8515625,5.873400704347308,5.8570777759895085,0.0163229283577992,0.7222105023242952,15,0.7665409190742188,0.7659187879576308,0.0006221311165881,0.0037925937018856,0.1048141552220468,0.1047345772055004,7.957801654637406e-05,0.0004939406949548,0.1885084590782878,0.1883554591436734,0.0001529999346144,0.0009328808725207,BT2,"(60.0, 65.0]",0.6913671875,"(0.65, 0.7]",0.66211520795776,0.661337743787381,0.0007774641703790497,0.07742910986439538,0.07736852642952334,6.0583434872044095e-05,0.1573452088108457,0.15721260192195427,0.00013260688889144,0.6139196384277966,0.010020966275502913
290,2195.0974155069584,10091.0,3331.927246270848,3464.1899930630075,132.2627467921593,2799.0339355,2863.0395508,64.00561530000004,6.901744613098937,6.8875568660755615,0.0141877470233753,0.6559352507228283,18,0.7629950608556575,0.7624935528551812,0.0005015080004763,0.0032827941208728,0.1047132969915028,0.104648975235249,6.43217562537848e-05,0.0004281785062634,0.1876374320657309,0.187514093468213,0.0001233385975178,0.0008074900888741,BT2,"(60.0, 65.0]",0.7040617683000004,"(0.7, 0.75]",0.6576915678499563,0.657067385044443,0.0006241828055133514,0.07735232609474495,0.07730336004807298,4.8966046671969354e-05,0.15659038959969135,0.15648352783021863,0.00010686176947272141,0.6141529359287017,0.00871344648861964
291,2196.099403578529,10091.0,3326.26618055366,3462.425014275173,136.15883372151347,2796.2216797,2862.2060547,65.984375,7.242825666432697,7.229166888208586,0.0136587782241113,0.649802319770427,19,0.7619816994924135,0.7615120444799949,0.0004696550124185,0.0031577983452901,0.1046761966225147,0.104615991524249,6.020509826571167e-05,0.0004123577188654,0.1873884828836614,0.1872729787895723,0.0001155040940891,0.0007767518165631,BT2,"(65.0, 70.0]",0.7258281249999999,"(0.7, 0.75]",0.656430701987053,0.6558468421330323,0.0005838598540206519,0.07732408257438912,0.07727825134208126,4.583123230786357e-05,0.15637470310701138,0.1562746392162594,0.00010006389075198352,0.6142191998488373,0.008389483831726366
292,2197.1013916500992,10091.0,3322.4290100970347,3459.773681308633,137.34467121159832,2794.3122559,2860.9536133,66.64135740000029,7.584362267712801,7.570842944621477,0.0135193230913239,0.6437422540327317,20,0.761062936521907,0.7606142631649297,0.0004486733569772,0.0030078596732551,0.1046418249595223,0.1045843604536374,5.74645058848966e-05,0.0003931749294172,0.1871627722997851,0.1870524293410263,0.0001103429587588,0.0007398762459683,BT2,"(65.0, 70.0]",0.7330549314000032,"(0.7, 0.75]",0.6552888240822224,0.654731637069771,0.0005571870124514433,0.07729791689085597,0.07725417278174848,4.3744109107485274e-05,0.1561791691524986,0.15608358516140247,9.558399109613203e-05,0.6142792072379417,0.008304639070932044
293,2198.10337972167,10091.0,3317.190886150918,3458.4416078453773,141.25072169445957,2791.7011719,2860.3234863,68.6223143999996,7.925571533284941,7.912172633430782,0.0133988998541596,0.6367787997741602,21,0.7602145634288332,0.7597817529217122,0.0004328105071207,0.0028335124095233,0.1046082545629608,0.1045528704752792,5.538408768158116e-05,0.0003706746934147,0.1869543503499389,0.1868479095773945,0.0001064407725444,0.0006969943953675,BT2,"(65.0, 70.0]",0.7548454583999955,"(0.75, 0.8]",0.6542355129903142,0.653698550386353,0.0005369626039611886,0.07727236168407478,0.0772302020668332,4.215961724157724e-05,0.15599862837216155,0.1559064323825522,9.219598960935604e-05,0.6143345130969865,0.008231406617940421
294,2199.1053677932405,10091.0,3304.436721499909,3445.1832841922605,140.74656269235174,2789.3071289,2858.395752,69.08862309999995,8.944682387289186,8.934278406956501,0.0104039803326845,0.5701366179039041,24,0.7578648876800523,0.7575391763820312,0.0003257112980212,0.0021710115878017,0.1044933774711135,0.104451441894714,4.193557639953679e-05,0.0002829989877136,0.1863770452237288,0.186296939302612,8.010592111673542e-05,0.0005340091480817,BT2,"(65.0, 70.0]",0.7599748540999995,"(0.75, 0.8]",0.6513236523872595,0.6509206380617167,0.00040301432554279426,0.07718491616792518,0.07715299587600767,3.192029191750878e-05,0.1554986309291959,0.1554292613840165,6.936954517941518e-05,0.614486692960097,0.006393107468253187
295,2200.107355864812,10091.0,3298.970000780467,3438.9794468636937,140.00944608322652,2786.5473633,2855.4277344,68.88037110000005,9.625422234031271,9.61566235118192,0.0097598828493499,0.5488714342630454,26,0.7564686992128463,0.7561793620139944,0.0002893371988517,0.0019509212799093,0.1044156863902998,0.104378354896513,3.733149378681428e-05,0.0002535370559419,0.1860339827935842,0.1859628215691433,7.116122444092646e-05,0.0004798579258877,BT2,"(65.0, 70.0]",0.7576840821000005,"(0.75, 0.8]",0.649597170903654,0.6492397356700939,0.00035743523356013274,0.07712578031443111,0.0770973657831695,2.8414531261608533e-05,0.15520156411786376,0.1551399489328592,6.161518500455432e-05,0.6145766306252071,0.005998195916850207
296,2201.1093439363817,10091.0,3290.279844210803,3429.274770808373,138.9949265975706,2782.1481934,2850.770752,68.62255860000005,10.304591101254283,10.295743487148735,0.008847614105548,0.525114660944565,28,0.7550966606261685,0.7548434680972216,0.0002531925289467,0.0017719528857215,0.10433135208042,0.1042985384954862,3.281358493384401e-05,0.0002294734085505,0.1856968336007237,0.1856345595067954,6.227409392824322e-05,0.0004358222425059,BT2,"(65.0, 70.0]",0.7548481446000006,"(0.75, 0.8]",0.6479032748104362,0.6475909819493934,0.00031229286104283993,0.07706159089224805,0.07703661632313137,2.497456911668139e-05,0.1549096581668471,0.15485574523834497,5.391292850212559e-05,0.61466461056126,0.005438315278582972
297,2202.111332007952,10091.0,3278.1720098837327,3374.6247961509084,96.45278626717572,2775.9936523,2824.223877,48.23022469999978,8.690638263226713,8.668921708283971,0.021716554942742,0.8688724571281312,24,0.7561318270435224,0.7556021046669775,0.0005297223765447,0.0026224845109047,0.1049214715819856,0.104850976085279,7.049549670657314e-05,0.0003499456765638,0.185952486305558,0.1858221676424053,0.0001303186631527,0.0006452195874777,BT2,"(45.0, 50.0]",0.5305324716999976,"(0.5, 0.55]",0.6491810244031813,0.6485269740934033,0.0006540503097779427,0.07751081519764466,0.0774571428595754,5.367233806925775e-05,0.15513100025869114,0.15501816851057554,0.00011283174811560492,0.6146178253653201,0.013347381773334582
298,2203.113320079523,10091.0,3252.464522760714,3281.703871523979,29.239348763265298,2767.0749512,2782.0986328,15.02368159999969,2.874815649022407,2.865943953217471,0.0088716958049359,0.5511530634321151,7,0.7707926826713427,0.7699600513075888,0.0008326313637539,0.0014375132397128,0.1050105268837218,0.1049104277534465,0.0001000991302753,0.0001975348109048,0.1895530240754094,0.1893483661324593,0.0002046579429501,0.0003537469905937,BT2,"(15.0, 20.0]",0.1652604975999966,"(0.15, 0.2]",0.6674436964894362,0.6663981218432802,0.0010455746461560667,0.07757862135661209,0.07750240674019485,7.62146164172417e-05,0.1582507668112051,0.15807331365694435,0.00017745315426073716,0.6136417276603392,0.005444042741017849
299,2204.1153081510934,10091.0,3219.565876539711,3244.3178922570137,24.752015717302584,2749.9567871,2762.8574219,12.900634800000262,2.874815649022407,2.869414248919016,0.0054014001033908,0.4055887159217011,7,0.7707926826713427,0.7702969416825086,0.0004957409888343,0.000945159329721,0.1050105268837218,0.104949975302703,6.05515810187767e-05,0.0001278867816797,0.1895530240754094,0.1894311517834328,0.0001218722919766,0.0002325426078749,BT2,"(10.0, 15.0]",0.1419069828000028,"(0.1, 0.15]",0.6674436964894362,0.6668210483980945,0.0006226480913417154,0.07757862135661209,0.07753251737171343,4.6103984898654415e-05,0.1582507668112051,0.15814509298728596,0.00010567382391912794,0.6136417276603392,0.003314524491229465
300,2205.117296222664,10091.0,3177.966429932713,3188.0770638784998,10.110633945786503,2727.9763184,2733.3540039,5.377685500000098,1.563636408337955,1.5630470251105255,0.0005893832274292,0.2303717740335683,3,0.80027340153784,0.8001889431027104,8.445843512971951e-05,0.0002427485604263,0.1046240454572426,0.1046121241049194,1.192135232312245e-05,3.38918368762986e-05,0.1967919599102182,0.1967711646779328,2.079523228544951e-05,5.976364226634168e-05,BT2,"(5.0, 10.0]",0.059154540500001,"(0.05, 0.1]",0.7051320209118225,0.7050221595546996,0.0001098613571228757,0.07728438231880166,0.07727530731766472,9.075001136948924e-06,0.16453697873182466,0.1645188937829478,1.8084948876867513e-05,0.6116341548697519,0.00036048691220306556
301,2206.1192842942346,10091.0,3134.3717119119656,3156.860586246353,22.48887433438722,2704.5290527,2716.6782227,12.149169999999684,2.533677941915254,2.5331929730784166,0.0004849688368375,0.1082028551025212,6,0.7748377994602471,0.7747832731117784,5.4526348468586505e-05,0.0001675009296566,0.1048819880391615,0.104875519234074,6.468805087496883e-06,1.872688360160524e-05,0.1905460968255919,0.190532702205438,1.3394620153909612e-05,4.112723822158326e-05,BT2,"(10.0, 15.0]",0.1336408699999965,"(0.1, 0.15]",0.6725378697961287,0.6724690419668728,6.882782925587971e-05,0.07748075379884296,0.07747582874127548,4.925057567481406e-06,0.15911204248711533,0.15910042323375154,1.1619253363792659e-05,0.613365624129641,0.00029746321329025924
302,2207.121272365805,10091.0,3089.659452482193,3115.370880651112,25.7114281689187,2682.6008301,2696.7839355,14.183105399999931,2.533677941915254,2.532873294504125,0.0008046474111287,0.2002028169275515,6,0.7748377994602471,0.7746975996851905,0.0001401997750567,0.0003685591520691,0.1048819880391615,0.1048688999489918,1.3088090169717978e-05,3.4345595784857075e-05,0.1905460968255919,0.1905117313346731,3.4365490918860285e-05,9.035447639005324e-05,BT2,"(10.0, 15.0]",0.1560141593999992,"(0.15, 0.2]",0.6725378697961287,0.67236090651635,0.00017696327977867465,0.07748075379884296,0.07747078913425208,9.96466459088352e-06,0.15911204248711533,0.15908223203823324,2.981044888208939e-05,0.613365624129641,0.000493543061531255
303,2208.123260437376,10091.0,3053.678456599233,3110.0207364501125,56.34227985087955,2662.4968262,2693.8449707,31.34814449999976,5.27482970690846,5.272395722833605,0.0024339840748552,0.3027676746661621,14,0.7606055875882883,0.7604677350236733,0.0001378525646151,0.0006559146889155,0.1054265726609599,0.1054085303502217,1.804231073809781e-05,8.006038413554961e-05,0.1870523415258553,0.1870184474588064,3.389406704882937e-05,0.0001611966782902,BT2,"(30.0, 35.0]",0.3448295894999974,"(0.3, 0.35]",0.6547208661315098,0.654549733419874,0.0001711327116358241,0.07789544275983715,0.0778817018336163,1.3740926220848215e-05,0.15608350909369642,0.15605414940498044,2.9359688715979715e-05,0.614338325137704,0.0014952896999583876
304,2209.1252485089462,10091.0,3019.400353966604,3102.018058323835,82.61770435723065,2643.0654297,2689.4370117,46.37158199999976,7.716498811393528,7.712708708628291,0.0037901027652367,0.335006755644554,21,0.7584476216959257,0.7583289475083738,0.0001186741875518,0.0009250462470427,0.1055614686351749,0.1055438360852093,1.7632549965562738e-05,0.0001125895907856,0.1865227953096874,0.1864935886157786,2.920669390881256e-05,0.0002273684841229,BT2,"(45.0, 50.0]",0.5100874019999974,"(0.5, 0.55]",0.652045070610555,0.6518981136934687,0.0001469569170863272,0.07799818339064478,0.07798475347673382,1.342991391095616e-05,0.15562485233756468,0.15559955837287454,2.529396469014289e-05,0.6144872855777022,0.0023289699602708426
305,2210.127236580517,10091.0,2996.3373186270314,3098.004830140242,101.66751151321068,2629.880127,2687.2209473,57.34082029999991,9.110104155843873,9.105551430904193,0.0045527249396783,0.3650013669166162,25,0.7577558557982207,0.7576437529967504,0.0001121028014703,0.0010177727717894,0.105603140404657,0.1055872287403686,1.5911664288394966e-05,0.0001154263632523,0.1863530397859271,0.1863254718932293,2.7567892697919484e-05,0.0002499888141891,BT2,"(55.0, 60.0]",0.6307490232999989,"(0.6, 0.65]",0.6511887263403844,0.6510500178645277,0.0001387084758567303,0.07802992343770646,0.07801780394344046,1.2119494265994124e-05,0.15547784263661946,0.1554539695706319,2.387306598755634e-05,0.6145349623535726,0.002797808649411375
306,2211.1292246520875,10091.0,2981.3660292805653,3093.7053706455267,112.33934136496146,2622.4023438,2686.0083008,63.60595700000022,10.152676135313412,10.1491367546773,0.0035393806361128,0.3385011162818701,28,0.7572895742137087,0.7572046340768469,8.494013686164663e-05,0.0008168749477404,0.1056128316221016,0.1056011285556778,1.1703066423884062e-05,0.0001133700201246,0.1862385723686655,0.1862177005206584,2.087184800710272e-05,0.0002010919440218,BT2,"(60.0, 65.0]",0.6996655270000023,"(0.65, 0.7]",0.6506118994297589,0.6505068554303384,0.00010504399942057319,0.07803730503714179,0.0780283910592786,8.91397786319248e-06,0.1553787186345995,0.15536064498413593,1.8073650463579227e-05,0.614566412144641,0.0021751844587500607
307,2212.131212723658,10091.0,2972.206810417097,3090.1776013360422,117.97079091894511,2617.2868652,2684.0490723,66.76220709999961,10.498536288923052,10.495374597305949,0.0031616916171035,0.2969638835427783,29,0.7571082177331371,0.7570410347401358,6.718299300131233e-05,0.0007346508975436,0.1056091398074349,0.1055997349569547,9.404850480142464e-06,0.0001002968228762,0.1861940312658247,0.1861775249074369,1.6506358387760506e-05,0.0001808230275885,BT2,"(65.0, 70.0]",0.7343842780999957,"(0.7, 0.75]",0.6503876315535256,0.6503045641384597,8.30674150659183e-05,0.078034493053514,0.07802732958870133,7.163464812665055e-06,0.15534014914885555,0.155325855972438,1.4293176417545794e-05,0.6145783656283335,0.0019431072666602717
308,2213.1332007952287,10091.0,2966.176324452063,3086.6548893974664,120.47856494540338,2613.9841309,2682.0898438,68.10571290000007,10.844905880142344,10.842119675570444,0.0027862045719029,0.2603409760376966,30,0.7569344227850077,0.7568651834265965,6.923935841138077e-05,0.000769802251832,0.1056052105817211,0.10559572127839,9.48930333109684e-06,0.0001004344977706,0.1861513460753468,0.1861343331392748,1.701293607208424e-05,0.0001893892560015,BT2,"(65.0, 70.0]",0.7491628419000008,"(0.7, 0.75]",0.6501727586618495,0.6500871660525288,8.559260932072821e-05,0.07803150024515472,0.0780242724712491,7.227773905618684e-06,0.15530318741014892,0.1552884558358753,1.4731574273618708e-05,0.6145898048359575,0.0017123729240788557
309,2214.135188866799,10091.0,2963.1769462639486,3082.8443429990334,119.66739673508482,2612.357666,2679.9672852,67.6096192,10.844905880142344,10.842559195986755,0.0023466841555901,0.2600955703548481,30,0.7569344227850077,0.7568700294543215,6.439333068597453e-05,0.0004773824852221,0.1056052105817211,0.1055963351220541,8.875459667016343e-06,6.083360583408748e-05,0.1861513460753468,0.1861355222082923,1.582386705457998e-05,0.0001174247016942,BT2,"(65.0, 70.0]",0.7437058112,"(0.7, 0.75]",0.6501727586618495,0.6500931564121909,7.960224965863905e-05,0.07803150024515472,0.07802474001997921,6.760225175511669e-06,0.15530318741014892,0.1552894854525172,1.3701957631728767e-05,0.6145898048359575,0.0014422481571957533
310,2215.13717693837,10091.0,2958.2809672217386,3075.488913047348,117.2079458256094,2611.2851562,2677.7358398,66.45068360000005,10.498536288923052,10.496078515926031,0.0024577729970207,0.2617505311612756,29,0.7571082177331371,0.757045575808472,6.264192466524213e-05,0.0003842893207373,0.1056091398074349,0.105600434730529,8.705076905856817e-06,4.899111039469162e-05,0.1861940312658247,0.186178637770867,1.5393494957670197e-05,9.434795879126324e-05,BT2,"(65.0, 70.0]",0.7309575196000005,"(0.7, 0.75]",0.6503876315535256,0.650310178670933,7.745288259264349e-05,0.078034493053514,0.07802786258926822,6.630464245774292e-06,0.15534014914885555,0.1553268196194826,1.332952937294074e-05,0.6145783656283335,0.0015104941115944327
311,2216.1391650099404,10091.0,2956.292515824591,3072.382772966055,116.090257141464,2610.2089844,2675.9941406,65.78515619999962,10.498536288923052,10.496078515926031,0.0024577729970207,0.2617505311612756,29,0.7571082177331371,0.757045575808472,6.264192466524213e-05,0.0003842893207373,0.1056091398074349,0.105600434730529,8.705076905856817e-06,4.899111039469162e-05,0.1861940312658247,0.186178637770867,1.5393494957670197e-05,9.434795879126324e-05,BT2,"(65.0, 70.0]",0.7236367181999959,"(0.7, 0.75]",0.6503876315535256,0.650310178670933,7.745288259264349e-05,0.078034493053514,0.07802786258926822,6.630464245774292e-06,0.15534014914885555,0.1553268196194826,1.332952937294074e-05,0.6145783656283335,0.0015104941115944327
312,2217.1411530815108,10091.0,2954.538531829909,3069.2815256347862,114.74299380487672,2609.2700195,2674.2526855,64.98266599999988,10.498536288923052,10.495930281155584,0.0026060077674667,0.2747887765121444,29,0.7571082177331371,0.757041444772797,6.677296034028469e-05,0.0004404350224505,0.1056091398074349,0.1055999170415045,9.222765930344354e-06,6.094679995616304e-05,0.1861940312658247,0.1861776193132238,1.6411952600810194e-05,0.0001084240462524,BT2,"(60.0, 65.0]",0.7148093259999987,"(0.7, 0.75]",0.6503876315535256,0.650305071097616,8.256045590959715e-05,0.078034493053514,0.07802746827806765,7.024775446340392e-06,0.15534014914885555,0.15532593771996986,1.4211428885690935e-05,0.6145783656283335,0.0016015959945444266
313,2218.1431411530816,10091.0,2952.903633291064,3064.6359025007523,111.73226920968864,2608.3967285,2671.6403809,63.24365239999997,10.152676135313412,10.14979086179675,0.0028852735166626,0.2729619865132642,28,0.7572895742137087,0.757214770912708,7.480330100076824e-05,0.000522054699829,0.1056128316221016,0.105602422829059,1.040879304264489e-05,7.025505402691312e-05,0.1862385723686655,0.1862201818640667,1.839050459879833e-05,0.0001284787092461,BT2,"(60.0, 65.0]",0.6956801763999997,"(0.65, 0.7]",0.6506118994297589,0.6505193909358405,9.250849391839733e-05,0.07803730503714179,0.0780293768769091,7.928160232692494e-06,0.1553787186345995,0.1553627936566199,1.5924977979614452e-05,0.614566412144641,0.0017731921931912853
314,2219.145129224652,10091.0,2948.5327914547106,3058.828505121872,110.29571366716118,2607.5908203,2670.3339844,62.743164100000286,9.806007613164466,9.80216532480755,0.0038422883569158,0.2959253123282682,27,0.7574541548054917,0.7573585978550328,9.555695045900031e-05,0.0006703367986035,0.1056128740938918,0.105600019099242,1.28549946498156e-05,8.897751027958645e-05,0.1862789842527715,0.1862554939200249,2.3490332746557145e-05,0.0001649444694576,BT2,"(60.0, 65.0]",0.6901748051000032,"(0.65, 0.7]",0.6508154628822157,0.6506972674022785,0.00011819547993718871,0.0780373373871159,0.07802754601296684,9.791374149054066e-06,0.15541371311051352,0.15539337170020523,2.0341410308294394e-05,0.6145554405580714,0.002361299213935538
315,2220.147117296223,10091.0,2947.336691505116,3055.36684116179,108.03014965667444,2606.9521484,2668.3747559,61.422607499999685,9.806007613164466,9.80097516877792,0.0050324443865452,0.3331018521995721,27,0.7574541548054917,0.7573308454830042,0.0001233093224875,0.00087293481557,0.1056128740938918,0.1055966490330601,1.6225060831723774e-05,0.000113585499023,0.1862789842527715,0.1862486693669996,3.03148857718678e-05,0.0002147509585967,BT2,"(60.0, 65.0]",0.6756486824999965,"(0.65, 0.7]",0.6508154628822157,0.6506629426341465,0.00015252024806922115,0.0780373373871159,0.07802497911788076,1.2358269235138164e-05,0.15541371311051352,0.15538746202758208,2.6251082931444403e-05,0.6145554405580714,0.003092716077057279
316,2221.1491053677933,10091.0,2946.302732076901,3052.77523741652,106.47250533961916,2606.4030762,2666.9060059,60.50292969999964,9.806007613164466,9.80097516877792,0.0050324443865452,0.3331018521995721,27,0.7574541548054917,0.7573308454830042,0.0001233093224875,0.00087293481557,0.1056128740938918,0.1055966490330601,1.6225060831723774e-05,0.000113585499023,0.1862789842527715,0.1862486693669996,3.03148857718678e-05,0.0002147509585967,BT2,"(60.0, 65.0]",0.665532226699996,"(0.65, 0.7]",0.6508154628822157,0.6506629426341465,0.00015252024806922115,0.0780373373871159,0.07802497911788076,1.2358269235138164e-05,0.15541371311051352,0.15538746202758208,2.6251082931444403e-05,0.6145554405580714,0.003092716077057279
317,2222.151093439364,10091.0,2945.115218604153,3050.206814490455,105.091595886302,2605.7724609,2665.4487305,59.676269599999614,9.458260737795763,9.452859169061728,0.0054015687340367,0.3457507728946634,26,0.7576041935559862,0.7574693081321121,0.0001348854238739,0.0008740166763265,0.1056091088117263,0.1055913314158459,1.7777395880406252e-05,0.0001120517094996,0.1863158153734097,0.1862826514596921,3.316391371754025e-05,0.0002149844701285,BT2,"(55.0, 60.0]",0.6564389655999958,"(0.65, 0.7]",0.6510010739793919,0.6508342074089222,0.00016686657046971476,0.07803446944470957,0.07802092883217669,1.3540612532877971e-05,0.15544560734323948,0.15541688873914236,2.8718604097116573e-05,0.6145452966546655,0.00331950866005915
318,2223.1530815109345,10091.0,2943.122845670438,3046.0474996830903,102.92465401265235,2605.140625,2664.0209961,58.88037110000005,9.458260737795763,9.452909008147024,0.0053517296487388,0.3315572905937581,26,0.7576041935559862,0.7574706355356671,0.000133558020319,0.0008671808726178,0.1056091088117263,0.1055916228968391,1.748591488723519e-05,0.0001131750450935,0.1863158153734097,0.1862829823696629,3.2833003746790546e-05,0.0002133398078959,BT2,"(55.0, 60.0]",0.6476840821000005,"(0.6, 0.65]",0.6510010739793919,0.6508358494107106,0.0001652245686812881,0.07803446944470957,0.07802115084506704,1.331859964252835e-05,0.15544560734323948,0.15541717529183902,2.843205140046212e-05,0.6145452966546655,0.003288880284599755
319,2224.155069582505,10091.0,2941.7929259231787,3043.37311522497,101.5801893017915,2604.4223633,2662.4970703,58.07470699999976,9.110104155843873,9.104699649044887,0.0054045067989818,0.3374858443888171,25,0.7577558557982207,0.7576151491866518,0.0001407066115689,0.0009175050656839,0.105603140404657,0.1055846086679493,1.8531736707654288e-05,0.0001179001609536,0.1863530397859271,0.1863184450647759,3.459472115125983e-05,0.0002256836031852,BT2,"(55.0, 60.0]",0.6388217769999973,"(0.6, 0.65]",0.6511887263403844,0.6510146283222983,0.0001740980180860996,0.07802992343770646,0.07801580831430328,1.411512340317167e-05,0.15547784263661946,0.1554478845658955,2.995807072395107e-05,0.6145349623535726,0.0033212583822519078
320,2225.157057654076,10091.0,2940.523128308474,3040.8856799966447,100.3625516881707,2603.7365723,2661.0778809,57.34130860000005,9.110104155843873,9.104699649044887,0.0054045067989818,0.3374858443888171,25,0.7577558557982207,0.7576151491866518,0.0001407066115689,0.0009175050656839,0.105603140404657,0.1055846086679493,1.8531736707654288e-05,0.0001179001609536,0.1863530397859271,0.1863184450647759,3.459472115125983e-05,0.0002256836031852,BT2,"(55.0, 60.0]",0.6307543946000006,"(0.6, 0.65]",0.6511887263403844,0.6510146283222983,0.0001740980180860996,0.07802992343770646,0.07801580831430328,1.411512340317167e-05,0.15547784263661946,0.1554478845658955,2.995807072395107e-05,0.6145349623535726,0.0033212583822519078
321,2226.159045725646,10091.0,2939.1799054990965,3038.334645296759,99.1547397976624,2603.0163574,2659.6208496,56.604492200000095,9.110104155843873,9.104611573746295,0.0054925820975739,0.3617510461452311,25,0.7577558557982207,0.7576117725389548,0.0001440832592658,0.0010489967425717,0.105603140404657,0.105584277522368,1.886288228900135e-05,0.0001337165722368,0.1863530397859271,0.1863176152820843,3.542450384283135e-05,0.0002580061733914,BT2,"(55.0, 60.0]",0.622649414200001,"(0.6, 0.65]",0.6511887263403844,0.6510104507040928,0.0001782756362915805,0.07802992343770646,0.07801555609104546,1.4367346660992819e-05,0.15547784263661946,0.15544716600224132,3.067663437814061e-05,0.6145349623535726,0.0033753837325564834
322,2227.1610337972165,10091.0,2936.0440177585747,3033.13614431633,97.09212655775536,2602.3286133,2658.1635742,55.834960899999714,8.761919291283586,8.755573554439772,0.006345736843814,0.3600068417445339,24,0.7579167921367335,0.7577618379634368,0.0001549541732967,0.0009826057700115,0.1055956053510881,0.1055751589771288,2.0446373959204237e-05,0.0001260259214584,0.1863925379582317,0.1863544382288131,3.809972941863175e-05,0.0002416885325812,BT2,"(55.0, 60.0]",0.6141845698999969,"(0.6, 0.65]",0.651387889722489,0.6511961287771979,0.00019176094529105292,0.07802418417246162,0.07800861079878692,1.5573373674707125e-05,0.1555120474763426,0.15547905365831707,3.2993818025517374e-05,0.6145239511260489,0.003899607278066722
323,2228.1630218687874,10091.0,2934.825427753648,3031.4971827246454,96.67175497099744,2601.6650391,2657.2248535,55.55981440000005,8.761919291283586,8.755562022215416,0.0063572690681699,0.3613287492630649,24,0.7579167921367335,0.7577614038462142,0.0001553882905192,0.0010806633824087,0.1055956053510881,0.1055751411064582,2.046424462986048e-05,0.0001380082573118,0.1863925379582317,0.1863543309904008,3.820696783085609e-05,0.0002657960482779,BT2,"(55.0, 60.0]",0.6111579584000005,"(0.6, 0.65]",0.651387889722489,0.651195591591155,0.00019229813133392337,0.07802418417246162,0.07800859718732854,1.5586985133084208e-05,0.1555120474763426,0.15547896079211596,3.30866842266353e-05,0.6145239511260489,0.0039066941061431815
324,2229.165009940358,10091.0,2933.358678873599,3028.7960542164046,95.4373753428058,2600.8666992,2655.6760254,54.80932620000021,8.761919291283586,8.755562022215416,0.0063572690681699,0.3613287492630649,24,0.7579167921367335,0.7577614038462142,0.0001553882905192,0.0010806633824087,0.1055956053510881,0.1055751411064582,2.046424462986048e-05,0.0001380082573118,0.1863925379582317,0.1863543309904008,3.820696783085609e-05,0.0002657960482779,BT2,"(50.0, 55.0]",0.6029025882000024,"(0.6, 0.65]",0.651387889722489,0.651195591591155,0.00019229813133392337,0.07802418417246162,0.07800859718732854,1.5586985133084208e-05,0.1555120474763426,0.15547896079211596,3.30866842266353e-05,0.6145239511260489,0.0039066941061431815
325,2230.1669980119286,10091.0,2931.8238047889668,3026.587727163257,94.76392237429036,2600.0324707,2654.4084473,54.37597659999983,8.761919291283586,8.755590355843065,0.0063289354405213,0.3791899143878733,24,0.7579167921367335,0.757755554729613,0.0001612374071203,0.001174220955916,0.1055956053510881,0.1055745704713316,2.103487975642822e-05,0.0001493849474047,0.1863925379582317,0.1863528949166069,3.964304162476506e-05,0.0002887962555528,BT2,"(50.0, 55.0]",0.5981357425999981,"(0.55, 0.6]",0.651387889722489,0.6511883537941349,0.00019953592835408873,0.07802418417246162,0.07800816255478883,1.6021617672792865e-05,0.1555120474763426,0.15547771718291897,3.433029342361782e-05,0.6145239511260489,0.0038892824133308296
326,2231.168986083499,10091.0,2927.15715399387,3020.920956744073,93.76380275020348,2599.1928711,2653.3540039,54.16113279999991,8.761919291283586,8.754205555792662,0.007713735490924,0.383104099535519,24,0.7579167921367335,0.7577266895439148,0.0001901025928185,0.001241021041904,0.1055956053510881,0.1055710121328037,2.4593218284379992e-05,0.0001523642621532,0.1863925379582317,0.1863457995582911,4.673839994058515e-05,0.0003051196274947,BT2,"(50.0, 55.0]",0.595772460799999,"(0.55, 0.6]",0.651387889722489,0.6511526362390088,0.00023525348348019115,0.07802418417246162,0.07800545229778709,1.8731874674535187e-05,0.1555120474763426,0.15547157276501658,4.047471132601066e-05,0.6145239511260489,0.004740275211823849
327,2232.1709741550694,10091.0,2925.4436761538823,3018.6492768859807,93.20560073209845,2598.2504883,2652.0478516,53.79736329999969,8.413684727997884,8.40596977224145,0.0077149557564339,0.3914123684407781,23,0.7580857807833631,0.757886141130842,0.0001996396525211,0.0012419994906114,0.1055861725096307,0.1055601800970828,2.5992412547878757e-05,0.0001493886487068,0.1864340088887768,0.1863849198540403,4.908903473655396e-05,0.0003052984952461,BT2,"(50.0, 55.0]",0.5917709962999965,"(0.55, 0.6]",0.6515970581329925,0.651349955345318,0.00024710278767448024,0.07801699944438047,0.07799720196491519,1.9797479465274992e-05,0.15554796128799012,0.15550545026666823,4.251102132188378e-05,0.6145123322054382,0.004740935454747967
328,2233.1729622266403,10091.0,2923.5578623505075,3016.492379682495,92.93451733198754,2597.2158203,2650.8068848,53.5910644999999,8.761919291283586,8.754982497632549,0.0069367936510378,0.3811166576472532,24,0.7579167921367335,0.7577378540816543,0.0001789380550792,0.0012234481240671,0.1055956053510881,0.105572478829431,2.312652165710009e-05,0.000155937471683,0.1863925379582317,0.1863485448670271,4.399309120465175e-05,0.0003009078116146,BT2,"(50.0, 55.0]",0.5895017094999989,"(0.55, 0.6]",0.651387889722489,0.6511664510087652,0.0002214387137237095,0.07802418417246162,0.07800656942656647,1.761474589515033e-05,0.1555120474763426,0.15547395013744128,3.809733890131062e-05,0.6145239511260489,0.004262825842581839
329,2234.1749502982107,10091.0,2921.521622648629,3014.1119571048184,92.59033445618934,2596.1074219,2649.4355469,53.328125,8.413684727997884,8.406343960868538,0.0073407671293459,0.3961457879792419,23,0.7580857807833631,0.7578886522207094,0.0001971285626537,0.0013192490178732,0.1055861725096307,0.1055606511708517,2.5521338779040416e-05,0.000166401190322,0.1864340088887768,0.1863855396064205,4.846928235635595e-05,0.0003244344285591,BT2,"(50.0, 55.0]",0.586609375,"(0.55, 0.6]",0.6515970581329925,0.6513530630760784,0.0002439950569140814,0.07801699944438047,0.07799756076207441,1.94386823060555e-05,0.15554796128799012,0.1555059869658875,4.197432210262253e-05,0.6145123322054382,0.004510991928831368
330,2235.176938369781,10091.0,2918.984471588048,3010.6064676037035,91.62199601565544,2595.0678711,2648.1291504,53.06127930000002,8.413684727997884,8.405917299865981,0.0077674281319026,0.4110846229598298,23,0.7580857807833631,0.7578933986988005,0.0001923820845628,0.0011539768395274,0.1055861725096307,0.105561055850696,2.5116658934695604e-05,0.0001462265806557,0.1864340088887768,0.1863867044968442,4.73043919325774e-05,0.0002838026885708,BT2,"(50.0, 55.0]",0.5836740723000002,"(0.55, 0.6]",0.6515970581329925,0.651358937353345,0.00023812077964746603,0.07801699944438047,0.07799786898984093,1.91304545395371e-05,0.15554796128799012,0.15550699574944055,4.096553854956997e-05,0.6145123322054382,0.004773180376573597
331,2236.178926441352,10091.0,2917.1724980243443,3008.4647345931417,91.2922365687973,2594.0610352,2646.895752,52.83471680000002,8.413684727997884,8.405917299865981,0.0077674281319026,0.4110846229598298,23,0.7580857807833631,0.7578933986988005,0.0001923820845628,0.0011539768395274,0.1055861725096307,0.105561055850696,2.5116658934695604e-05,0.0001462265806557,0.1864340088887768,0.1863867044968442,4.73043919325774e-05,0.0002838026885708,BT2,"(50.0, 55.0]",0.5811818848000002,"(0.55, 0.6]",0.6515970581329925,0.651358937353345,0.00023812077964746603,0.07801699944438047,0.07799786898984093,1.91304545395371e-05,0.15554796128799012,0.15550699574944055,4.096553854956997e-05,0.6145123322054382,0.004773180376573597
332,2237.1809145129223,10091.0,2915.166306300178,3006.073397171812,90.90709087163395,2592.9521484,2645.5168457,52.56469729999981,8.413684727997884,8.406116094937424,0.00756863306046,0.4052639595690161,23,0.7580857807833631,0.7578968012513989,0.0001889795319642,0.0012501073703589,0.1055861725096307,0.1055615415567673,2.463095286336684e-05,0.0001582154597252,0.1864340088887768,0.1863875414149043,4.646747387249611e-05,0.0003074408765985,BT2,"(50.0, 55.0]",0.5782116702999979,"(0.55, 0.6]",0.6515970581329925,0.651363148398158,0.00023390973483450317,0.07801699944438047,0.07799823893200276,1.8760512377702376e-05,0.15554796128799012,0.15550772051247516,4.024077551495475e-05,0.6145123322054382,0.004651018353590458
333,2238.182902584493,10091.0,2913.270120293928,3004.282140461686,91.01202016775824,2591.9118652,2644.4836426,52.57177739999997,8.413684727997884,8.406116094937424,0.00756863306046,0.4052639595690161,23,0.7580857807833631,0.7578968012513989,0.0001889795319642,0.0012501073703589,0.1055861725096307,0.1055615415567673,2.463095286336684e-05,0.0001582154597252,0.1864340088887768,0.1863875414149043,4.646747387249611e-05,0.0003074408765985,BT2,"(50.0, 55.0]",0.5782895513999997,"(0.55, 0.6]",0.6515970581329925,0.651363148398158,0.00023390973483450317,0.07801699944438047,0.07799823893200276,1.8760512377702376e-05,0.15554796128799012,0.15550772051247516,4.024077551495475e-05,0.6145123322054382,0.004651018353590458
334,2239.1848906560635,10091.0,2911.1196465994967,3001.2385754119714,90.11892881247468,2590.815918,2643.1379395,52.32202150000012,8.413684727997884,8.404113744943698,0.0095709830541856,0.4434037349076168,23,0.7580857807833631,0.7578594035306021,0.000226377252761,0.001558672156821,0.1055861725096307,0.1055568587271238,2.9313782506851e-05,0.0001948780177395,0.1864340088887768,0.1863783478496859,5.5661039090961474e-05,0.0003832782717031,BT2,"(50.0, 55.0]",0.5755422365000014,"(0.55, 0.6]",0.6515970581329925,0.6513168653899314,0.00028019274306112507,0.07801699944438047,0.07799467221933103,2.2327225049439958e-05,0.15554796128799012,0.155499758986484,4.820230150612281e-05,0.6145123322054382,0.005881487118126322
335,2240.1868787276344,10091.0,2909.3551898089104,2998.567522449321,89.21233264041075,2589.8249512,2641.5983887,51.7734375,8.065203013192326,8.055820896040897,0.0093821171514285,0.4490545896112125,22,0.7582605754077982,0.7580219519336275,0.0002386234741707,0.0015913459132369,0.1055745186545071,0.1055434145845179,3.110406998930625e-05,0.0001952619912254,0.1864768998149646,0.1864182204245521,5.86793904125466e-05,0.000391240389213,BT2,"(50.0, 55.0]",0.5695078124999999,"(0.55, 0.6]",0.6518134561793338,0.6515180481253863,0.00029540805394756564,0.07800812308775834,0.07798443244045855,2.369064729978998e-05,0.15558510545346133,0.15553428841187422,5.081704158710343e-05,0.6145002435037134,0.005765313274133179
336,2241.188866799205,10091.0,2908.008481891641,2996.077051047183,88.06856915554181,2589.0686035,2640.1618652,51.09326170000031,8.065203013192326,8.055820896040897,0.0093821171514285,0.4490545896112125,22,0.7582605754077982,0.7580219519336275,0.0002386234741707,0.0015913459132369,0.1055745186545071,0.1055434145845179,3.110406998930625e-05,0.0001952619912254,0.1864768998149646,0.1864182204245521,5.86793904125466e-05,0.000391240389213,BT2,"(50.0, 55.0]",0.5620258787000034,"(0.55, 0.6]",0.6518134561793338,0.6515180481253863,0.00029540805394756564,0.07800812308775834,0.07798443244045855,2.369064729978998e-05,0.15558510545346133,0.15553428841187422,5.081704158710343e-05,0.6145002435037134,0.005765313274133179
337,2242.190854870775,10091.0,2906.7218358811742,2993.363884466642,86.64204858546782,2588.3525391,2638.5944824,50.2419433,8.065203013192326,8.056154592288257,0.0090484209040688,0.4339407941152219,22,0.7582605754077982,0.758020352902868,0.0002402225049301,0.0014394739535081,0.1055745186545071,0.1055433029178266,3.121573668055352e-05,0.0001732631216774,0.1864768998149646,0.1864178281917022,5.9071623262427966e-05,0.0003538385665267,BT2,"(50.0, 55.0]",0.5526613763,"(0.55, 0.6]",0.6518134561793338,0.6515160688537347,0.00029738732559914105,0.07800812308775834,0.07798434738946386,2.377569829448145e-05,0.15558510545346133,0.1555339487377033,5.115671575803282e-05,0.6145002435037134,0.005560256848874368
338,2243.192842942346,10091.0,2905.060648630182,2989.585242954088,84.5245943239056,2587.7119141,2637.0268555,49.31494139999995,7.716498811393528,7.704061729720267,0.0124370816732612,0.5426706678153294,21,0.7584476216959257,0.7581075653800808,0.0003400563158448,0.0020685796887236,0.1055614686351749,0.1055176785456847,4.379008949018632e-05,0.0002598377815182,0.1865227953096874,0.1864391746968435,8.362061284388e-05,0.0005086795140639,BT2,"(45.0, 50.0]",0.5424643553999995,"(0.5, 0.55]",0.652045070610555,0.6516240253543328,0.0004210452562222189,0.07799818339064478,0.07796483071945207,3.33526711927129e-05,0.15562485233756468,0.15555243491849086,7.241741907382249e-05,0.6144872855777022,0.007642428557910461
339,2244.1948310139164,10091.0,2904.1119576967085,2986.441273987168,82.3293162904597,2587.1635742,2635.2126465,48.04907230000026,7.367804655049277,7.353010535095973,0.0147941199533034,0.5539873613931883,20,0.7586553398086986,0.7582407972661749,0.0004145425425238,0.0023427808433161,0.1055480005143075,0.1054947643892052,5.323612510227949e-05,0.0002907942339985,0.1865737652264361,0.1864718246613013,0.0001019405651347,0.0005760403892141,BT2,"(45.0, 50.0]",0.5285397953000028,"(0.5, 0.55]",0.6523023413899083,0.6517889683754083,0.0005133730144999404,0.07798792532110654,0.07794737851842105,4.0546802685489935e-05,0.15566899469505688,0.1555807102627797,8.82844322771803e-05,0.6144729326940584,0.009090586274334027
340,2245.196819085488,10091.0,2903.303302467016,2984.154603534635,80.85130106761972,2586.697998,2633.8920898,47.19409180000002,7.716498811393528,7.705275930715455,0.0112228806780727,0.5257777583139329,21,0.7584476216959257,0.7581401965530485,0.0003074251428771,0.0018743547703514,0.1055614686351749,0.1055217103675235,3.975826765142568e-05,0.0002332723563759,0.1865227953096874,0.1864471966140927,7.55986955946607e-05,0.0004608785205644,BT2,"(45.0, 50.0]",0.5191350098000003,"(0.5, 0.55]",0.652045070610555,0.6516644208631847,0.00038064974737039847,0.07799818339064478,0.07796790151626766,3.0281874377119378e-05,0.15562485233756468,0.1555593819807103,6.547035685439129e-05,0.6144872855777022,0.006896317484231335
341,2246.1988071570577,10091.0,2902.3791493554218,2981.4445602782425,79.06541092282077,2586.1662598,2632.324707,46.15844720000041,7.367804655049277,7.354368248186268,0.0134364068630086,0.5378732648656193,20,0.7586553398086986,0.7582773264211503,0.0003780133875483,0.0021463282240223,0.1055480005143075,0.1054993107263904,4.868978791710554e-05,0.0002639079813334,0.1865737652264361,0.1864808056985978,9.29595278381934e-05,0.0005276906599698,BT2,"(45.0, 50.0]",0.5077429192000045,"(0.5, 0.55]",0.6523023413899083,0.6518341964612067,0.0004681449287016193,0.07798792532110654,0.07795084114490455,3.7084176201990227e-05,0.15566899469505688,0.15558848803769088,8.050665736600293e-05,0.6144729326940584,0.008256308329983468
342,2247.200795228628,10091.0,2900.0585614371603,2977.1741983995385,77.11563696237818,2585.6162109,2630.7573242,45.14111329999969,7.019109320969807,7.0023960499239735,0.0167132710458339,0.6220218288597512,19,0.7588841799256796,0.7584246556395537,0.0004595242861259,0.0022461164980905,0.1055337936905759,0.1054750203899178,5.8773300658089335e-05,0.0002811466846822,0.1866299190728512,0.1865169189564996,0.0001130001163516,0.0005523183070609,BT2,"(45.0, 50.0]",0.4965522462999965,"(0.45, 0.5]",0.65258584486246,0.6520166296453169,0.0005692152171430376,0.07797710470182348,0.07793234100420586,4.476369761761967e-05,0.15571762764159483,0.15561976319681312,9.786444478171452e-05,0.6144571426967703,0.010269588771939762
343,2248.202783300199,10091.0,2899.0599528941298,2974.4630270148373,75.40307412070752,2585.0317383,2629.1899414,44.15820309999981,7.019109320969807,7.002554294144034,0.016555026825773,0.6210495735155286,19,0.7588841799256796,0.7584355207484887,0.0004486591771907,0.0021649977888876,0.1055337936905759,0.105476352100124,5.744159045187471e-05,0.0002699026621054,0.1866299190728512,0.1865195896282237,0.0001103294446274,0.0005323512938094,BT2,"(40.0, 45.0]",0.4857402340999979,"(0.45, 0.5]",0.65258584486246,0.6520300848075256,0.0005557600549344066,0.07797710470182348,0.07793335526191672,4.37494399067595e-05,0.15571762764159483,0.15562207609649742,9.555154509741093e-05,0.6144571426967703,0.01017235448063286
344,2249.2047713717693,10091.0,2897.6910390016315,2971.0777911163336,73.38675211470218,2584.2307129,2627.2307129,43.0,6.670257665159539,6.655515906013801,0.0147417591457381,0.6487427527290444,18,0.7591358237260786,0.7587215477877394,0.0004142759383394,0.0020305838258635,0.1055181675069636,0.1054652706005532,5.289690641037249e-05,0.0002521687870079,0.1866916681925715,0.1865897968543484,0.0001018713382231,0.0004992850621947,BT2,"(40.0, 45.0]",0.473,"(0.45, 0.5]",0.6528976861980794,0.6523843568118972,0.0005133293861822041,0.07796520313153904,0.07792491538937857,4.028774216047193e-05,0.15577110774906444,0.1556828790321553,8.822871690913892e-05,0.6144397780504994,0.009057923217581238
345,2250.20675944334,10091.0,2896.4944389017696,2968.3722558830427,71.8778169812731,2583.5305176,2625.6630859,42.1325683,6.670257665159539,6.655515906013801,0.0147417591457381,0.6487427527290444,18,0.7591358237260786,0.7587215477877394,0.0004142759383394,0.0020305838258635,0.1055181675069636,0.1054652706005532,5.289690641037249e-05,0.0002521687870079,0.1866916681925715,0.1865897968543484,0.0001018713382231,0.0004992850621947,BT2,"(40.0, 45.0]",0.4634582513,"(0.45, 0.5]",0.6528976861980794,0.6523843568118972,0.0005133293861822041,0.07796520313153904,0.07792491538937857,4.028774216047193e-05,0.15577110774906444,0.1556828790321553,8.822871690913892e-05,0.6144397780504994,0.009057923217581238
346,2251.2087475149106,10091.0,2891.5018523141885,2962.6821506253787,71.1802983111902,2582.8925781,2624.7272949,41.83471680000002,6.670257665159539,6.652839721757866,0.0174179434016732,0.6820456310152767,18,0.7591358237260786,0.7586370737062302,0.0004987500198483,0.0026114174095438,0.1055181675069636,0.1054548898451722,6.327766179139067e-05,0.0003263462429557,0.1866916681925715,0.1865690292417959,0.0001226389507756,0.0006421363753749,BT2,"(40.0, 45.0]",0.4601818848000003,"(0.45, 0.5]",0.6528976861980794,0.652279715286274,0.0006179709118053767,0.07796520313153904,0.07791700926595231,4.819386558672922e-05,0.15577110774906444,0.15566489306985,0.00010621467921442806,0.6144397780504994,0.010702277277820242
347,2252.210735586481,10091.0,2890.3296287898183,2960.244269337822,69.91464054800372,2582.2036133,2623.3120117,41.108398399999714,6.670257665159539,6.652839721757866,0.0174179434016732,0.6820456310152767,18,0.7591358237260786,0.7586370737062302,0.0004987500198483,0.0026114174095438,0.1055181675069636,0.1054548898451722,6.327766179139067e-05,0.0003263462429557,0.1866916681925715,0.1865690292417959,0.0001226389507756,0.0006421363753749,BT2,"(40.0, 45.0]",0.4521923823999968,"(0.45, 0.5]",0.6528976861980794,0.652279715286274,0.0006179709118053767,0.07796520313153904,0.07791700926595231,4.819386558672922e-05,0.15577110774906444,0.15566489306985,0.00010621467921442806,0.6144397780504994,0.010702277277820242
348,2253.212723658052,10091.0,2888.891557078566,2957.7728712913126,68.88131421274647,2581.3583984,2621.8752441,40.516845699999976,6.321196093422935,6.306200646534564,0.0149954468883706,0.7045907377091373,17,0.7594144379473303,0.7589161156144499,0.0004983223328803,0.0024071740218165,0.1055000595116926,0.1054375084764589,6.255103523368418e-05,0.0003009782366306,0.1867600336310134,0.1866375128995568,0.0001225207314566,0.0005919221471223,BT2,"(40.0, 45.0]",0.4456853026999997,"(0.4, 0.45]",0.6532430561332461,0.6526254150672336,0.0006176410660124754,0.07795141144308525,0.07790377148819501,4.763995489023842e-05,0.1558303197328187,0.1557242044833606,0.00010611524945808304,0.6144205214438919,0.00921351029643685
349,2254.214711729622,10091.0,2887.2893263774927,2953.5086511133263,66.21932473583365,2580.4182129,2619.3935547,38.97534180000002,6.321196093422935,6.306560626432993,0.014635466989942,0.6946204616388196,17,0.7594144379473303,0.7589195593146691,0.000494878632661,0.0024977819865378,0.1055000595116926,0.1054379837131244,6.207579856823246e-05,0.000310483263977,0.1867600336310134,0.1866383602081932,0.0001216734228202,0.0006141681109363,BT2,"(35.0, 40.0]",0.4287287598000002,"(0.4, 0.45]",0.6532430561332461,0.6526296821029193,0.0006133740303267965,0.07795141144308525,0.07790413343013504,4.727801295020817e-05,0.1558303197328187,0.15572493831949133,0.00010538141332736006,0.6144205214438919,0.008992331259535032
350,2255.216699801193,10091.0,2885.1958415552094,2947.81157753467,62.615735979460624,2579.418457,2616.3894043,36.97094729999981,5.623274415112043,5.600188131932219,0.0230862831798237,0.7686635830862714,15,0.7601355318226004,0.7592085278835997,0.0009270039390006,0.0030209373414603,0.1054563162213251,0.1053428604966182,0.0001134557247069,0.0003827675109067,0.1869369884056634,0.1867091179459623,0.000227870459701,0.0007429499336593,BT2,"(35.0, 40.0]",0.4066804202999978,"(0.4, 0.45]",0.6541374429470912,0.6529877994229513,0.0011496435241399316,0.07791809561044513,0.07783168925064302,8.640635980211586e-05,0.15598358967379217,0.155786220996703,0.00019736867708916583,0.6143707916350274,0.014183538073098705
351,2256.2186878727634,10091.0,2883.4861581719624,2942.655694111584,59.169535939621255,2578.409668,2613.3720703,34.96240230000012,5.623274415112043,5.600858699558096,0.0224157155539472,0.7643883119181285,15,0.7601355318226004,0.7592347909900684,0.0009007408325319,0.0029513959100576,0.1054563162213251,0.105346136653404,0.0001101795679211,0.0003725557835129,0.1869369884056634,0.1867155756306906,0.0002214127749727,0.0007258221247007,BT2,"(30.0, 35.0]",0.3845864253000013,"(0.35, 0.4]",0.6541374429470912,0.653020353122685,0.00111708982440617,0.07791809561044513,0.0778341842475078,8.391136293732504e-05,0.15598358967379217,0.1557918140306813,0.00019177564311087525,0.6143707916350274,0.013771560909944138
352,2257.220675944334,10091.0,2881.4865625280013,2937.554680996698,56.06811846869687,2577.2314453,2610.3811035,33.149658199999976,5.27482970690846,5.251659437764925,0.0231702691435353,0.8060493099467688,14,0.7606055875882883,0.759641716082637,0.0009638715056516,0.0027331958777224,0.1054265726609599,0.1053101016719655,0.0001164709889943,0.0003373834110453,0.1870523415258553,0.1868154426485369,0.0002368988773183,0.0006715854649783,BT2,"(30.0, 35.0]",0.3646462401999997,"(0.35, 0.4]",0.6547208661315098,0.6535248727379012,0.001195993393608652,0.07789544275983715,0.0778067416335388,8.870112629834337e-05,0.15608350909369642,0.15587831124167198,0.0002051978520244413,0.614338325137704,0.0142343843386293
353,2258.2226640159047,10091.0,2879.556873944181,2931.594310964777,52.03743702059637,2576.0957031,2606.8789062,30.783203100000264,4.92634615043763,4.908977123766475,0.0173690266711545,0.8330549268906131,13,0.7611647292979822,0.7603510510651778,0.0008136782328042,0.0021681289368792,0.1053868393083485,0.1052909490189445,9.589028940403512e-05,0.0002498566328797,0.1871895498472809,0.1869896238407113,0.0001999260065696,0.0005326085304221,BT2,"(30.0, 35.0]",0.3386152341000029,"(0.3, 0.35]",0.6554152763738906,0.6544049012431374,0.0010103751307531939,0.07786518224511585,0.07779215607319682,7.30261719190245e-05,0.15620236570593302,0.15602918215496672,0.0001731835509662938,0.6142995423930779,0.010669785135903375
354,2259.224652087475,10091.0,2875.0874115036454,2925.2730967677758,50.18568526412992,2575.041748,2604.795166,29.753417999999783,4.92634615043763,4.9077210022196,0.0186251482180299,0.8471482379276175,13,0.7611647292979822,0.760300145133064,0.0008645841649182,0.0022795067808041,0.1053868393083485,0.1052848444750437,0.0001019948333048,0.0002609376081876,0.1871895498472809,0.1869771127010145,0.0002124371462664,0.0005599368810011,BT2,"(25.0, 30.0]",0.3272875979999976,"(0.3, 0.35]",0.6554152763738906,0.654341721191176,0.0010735551827146805,0.07786518224511585,0.07778750723750404,7.767500761181323e-05,0.15620236570593302,0.15601834499627892,0.00018402070965409245,0.6142995423930779,0.011441420027339019
355,2260.226640159046,10091.0,2873.079470695814,2923.887572854932,50.80810215911788,2573.8701172,2603.9760742,30.10595699999976,4.580070349118062,4.563776827190253,0.0162935219278086,0.8316072376685172,12,0.761959738261619,0.7610824524090575,0.0008772858525615,0.0022749528191224,0.1053495740689764,0.1052482013632585,0.0001013727057178,0.0002537693834901,0.1873846910827461,0.1871691824909541,0.0002155085917919,0.000558679358615,BT2,"(30.0, 35.0]",0.3311655269999974,"(0.3, 0.35]",0.6564033933851015,0.655313066574106,0.0010903268109954123,0.07783680205808416,0.07775960250242193,7.719955566222458e-05,0.15637141810669733,0.15618472207795636,0.00018669602874096802,0.6142450902299891,0.010008215846711098
356,2261.2286282306163,10091.0,2871.580035622831,2921.262849609274,49.68281398644285,2572.9970703,2602.4221191,29.42504880000024,4.92634615043763,4.907289036339931,0.0190571140976993,0.8268980923578995,13,0.7611647292979822,0.760266110723822,0.0008986185741601,0.0023769054708925,0.1053868393083485,0.1052806161287343,0.0001062231796141,0.0002705305046502,0.1871895498472809,0.1869687447694748,0.0002208050778061,0.0005838326648813,BT2,"(25.0, 30.0]",0.3236755368000026,"(0.3, 0.35]",0.6554152763738906,0.654299482704138,0.0011157936697526738,0.07786518224511585,0.07778428720529935,8.089503981649482e-05,0.15620236570593302,0.15601109671845753,0.0001912689874754847,0.6142995423930779,0.011706776469549355
357,2262.2306163021867,10091.0,2870.2181764504435,2919.925231006853,49.70705455640973,2572.2084961,2601.630127,29.42163089999985,4.580070349118062,4.562913504610817,0.0171568445072445,0.813151387195982,12,0.761959738261619,0.7610329410777407,0.0009267971838782,0.0024928994248264,0.1053495740689764,0.1052419766747928,0.0001075973941835,0.0002777514125543,0.1873846910827461,0.1871570075405262,0.0002276835422199,0.0006122005572504,BT2,"(25.0, 30.0]",0.3236379398999984,"(0.3, 0.35]",0.6564033933851015,0.6552515650345152,0.001151828350586248,0.07783680205808416,0.07775486229067041,8.193976741374676e-05,0.15637141810669733,0.1561741753546183,0.0001972427520790243,0.6142450902299891,0.010538507502414292
358,2263.2326043737576,10091.0,2868.43794203632,2917.7369400870703,49.298998050750015,2571.5712891,2600.9707031,29.39941399999998,4.580070349118062,4.560636311648236,0.0194340374698258,0.8885998542597061,12,0.761959738261619,0.7609157027043275,0.0010440355572913,0.0026798661341971,0.1053495740689764,0.105228181564619,0.0001213925043574,0.0003014249705153,0.1873846910827461,0.1871281997374012,0.0002564913453449,0.0006581767357527,BT2,"(25.0, 30.0]",0.3233935539999997,"(0.3, 0.35]",0.6564033933851015,0.6551059490516755,0.0012974443334259345,0.07783680205808416,0.07774435712859108,9.244492949307681e-05,0.15637141810669733,0.1561492203952186,0.00022219771147871659,0.6142450902299891,0.011937262099186137
359,2264.234592445328,10091.0,2867.214696298205,2917.447619927468,50.23292362926259,2570.854248,2600.798584,29.94433600000002,4.92634615043763,4.905077477799088,0.0212686726385422,0.8864221350928454,13,0.7611647292979822,0.7601534627086713,0.0010112665893109,0.0026308877559058,0.1053868393083485,0.1052671584779524,0.0001196808303961,0.0003002978475837,0.1871895498472809,0.1869410601662434,0.0002484896810375,0.0006462405166988,BT2,"(25.0, 30.0]",0.3293876960000002,"(0.3, 0.35]",0.6554152763738906,0.6541596925304134,0.001255583843477237,0.07786518224511585,0.07777403879090042,9.114345421543102e-05,0.15620236570593302,0.1559871165721907,0.00021524913374232346,0.6142995423930779,0.01306533586916465
360,2265.236580516899,10091.0,2866.456687457507,2917.447619927468,50.99093246996063,2570.4108887,2600.798584,30.387695299999905,4.92634615043763,4.905077477799088,0.0212686726385422,0.8864221350928454,13,0.7611647292979822,0.7601534627086713,0.0010112665893109,0.0026308877559058,0.1053868393083485,0.1052671584779524,0.0001196808303961,0.0003002978475837,0.1871895498472809,0.1869410601662434,0.0002484896810375,0.0006462405166988,BT2,"(30.0, 35.0]",0.3342646482999989,"(0.3, 0.35]",0.6554152763738906,0.6541596925304134,0.001255583843477237,0.07786518224511585,0.07777403879090042,9.114345421543102e-05,0.15620236570593302,0.1559871165721907,0.00021524913374232346,0.6142995423930779,0.01306533586916465
361,2266.238568588469,10091.0,2865.890267637028,2917.4730636606723,51.58279602364428,2570.0795898,2600.8137207,30.73413089999985,4.92634615043763,4.905077477799088,0.0212686726385422,0.8864221350928454,13,0.7611647292979822,0.7601534627086713,0.0010112665893109,0.0026308877559058,0.1053868393083485,0.1052671584779524,0.0001196808303961,0.0003002978475837,0.1871895498472809,0.1869410601662434,0.0002484896810375,0.0006462405166988,BT2,"(30.0, 35.0]",0.3380754398999984,"(0.3, 0.35]",0.6554152763738906,0.6541596925304134,0.001255583843477237,0.07786518224511585,0.07777403879090042,9.114345421543102e-05,0.15620236570593302,0.1559871165721907,0.00021524913374232346,0.6142995423930779,0.01306533586916465
362,2267.24055666004,10091.0,2860.718569757899,2912.449008653213,51.73043889531437,2569.7880859,2600.798584,31.01049809999995,4.92634615043763,4.9042351480305895,0.0221110024070405,0.9436753441389496,13,0.7611647292979822,0.7601290242054771,0.001035705092505,0.0027881778944887,0.1053868393083485,0.1052646062628449,0.0001222330455036,0.0003183102466816,0.1871895498472809,0.1869350625234671,0.0002544873238138,0.0006848817201174,BT2,"(30.0, 35.0]",0.3411154790999994,"(0.3, 0.35]",0.6554152763738906,0.6541293680693785,0.00128590830451214,0.07786518224511585,0.07777209520979218,9.308703532366625e-05,0.15620236570593302,0.1559819215053417,0.00022044420059130765,0.6142995423930779,0.013582778660497223
363,2268.2425447316105,10091.0,2860.35843559172,2911.65949062784,51.30105503611958,2569.5754395,2600.3261719,30.750732400000288,4.580070349118062,4.560895854023854,0.0191744950942078,0.9264682978831494,12,0.761959738261619,0.7609343378444923,0.0010254004171266,0.0027218147964733,0.1053495740689764,0.1052311436270863,0.0001184304418901,0.000302602855608,0.1873846910827461,0.1871327966434346,0.0002518944393115,0.0006684101733532,BT2,"(30.0, 35.0]",0.3382580564000031,"(0.3, 0.35]",0.6564033933851015,0.6551290935098232,0.001274299875278273,0.07783680205808416,0.07774661277189654,9.018928618761968e-05,0.15637141810669733,0.15615320247734024,0.00021821562935708805,0.6142450902299891,0.011777839469256153
364,2269.244532803181,10091.0,2860.157487994493,2910.8450074657985,50.68751947130568,2569.4567871,2599.8383789,30.381591800000024,4.580070349118062,4.560895854023854,0.0191744950942078,0.9264682978831494,12,0.761959738261619,0.7609343378444923,0.0010254004171266,0.0027218147964733,0.1053495740689764,0.1052311436270863,0.0001184304418901,0.000302602855608,0.1873846910827461,0.1871327966434346,0.0002518944393115,0.0006684101733532,BT2,"(30.0, 35.0]",0.3341975098000003,"(0.3, 0.35]",0.6564033933851015,0.6551290935098232,0.001274299875278273,0.07783680205808416,0.07774661277189654,9.018928618761968e-05,0.15637141810669733,0.15615320247734024,0.00021821562935708805,0.6142450902299891,0.011777839469256153
365,2270.246520874752,10091.0,2860.0752069950045,2910.0305243037583,49.95531730875382,2569.4082031,2599.3505859,29.94238280000036,4.580070349118062,4.560895854023854,0.0191744950942078,0.9264682978831494,12,0.761959738261619,0.7609343378444923,0.0010254004171266,0.0027218147964733,0.1053495740689764,0.1052311436270863,0.0001184304418901,0.000302602855608,0.1873846910827461,0.1871327966434346,0.0002518944393115,0.0006684101733532,BT2,"(25.0, 30.0]",0.3293662108000039,"(0.3, 0.35]",0.6564033933851015,0.6551290935098232,0.001274299875278273,0.07783680205808416,0.07774661277189654,9.018928618761968e-05,0.15637141810669733,0.15615320247734024,0.00021821562935708805,0.6142450902299891,0.011777839469256153
366,2271.248508946322,10091.0,2861.92952394129,2910.202284116848,48.27276017555778,2569.4291992,2598.494873,29.06567380000024,4.580070349118062,4.559883201379453,0.0201871477386088,0.9612658117654468,12,0.761959738261619,0.7608838573192626,0.0010758809423564,0.0028362593360578,0.1053495740689764,0.1052252823165661,0.0001242917524103,0.0003150739451818,0.1873846910827461,0.1871203944154858,0.0002642966672603,0.000696512779808,BT2,"(25.0, 30.0]",0.3197224118000026,"(0.3, 0.35]",0.6564033933851015,0.655066398904169,0.0013369944809324963,0.07783680205808416,0.07774214932293382,9.4652735150344e-05,0.15637141810669733,0.15614245903135324,0.00022895907534409288,0.6142450902299891,0.012399856384187884
367,2272.2504970178925,10091.0,2862.043573820697,2910.202284116848,48.15871029615073,2569.4968262,2598.494873,28.998046799999884,4.580070349118062,4.559883201379453,0.0201871477386088,0.9612658117654468,12,0.761959738261619,0.7608838573192626,0.0010758809423564,0.0028362593360578,0.1053495740689764,0.1052252823165661,0.0001242917524103,0.0003150739451818,0.1873846910827461,0.1871203944154858,0.0002642966672603,0.000696512779808,BT2,"(25.0, 30.0]",0.3189785147999987,"(0.3, 0.35]",0.6564033933851015,0.655066398904169,0.0013369944809324963,0.07783680205808416,0.07774214932293382,9.4652735150344e-05,0.15637141810669733,0.15614245903135324,0.00022895907534409288,0.6142450902299891,0.012399856384187884
368,2273.252485089464,10091.0,2862.098745852501,2910.202284116848,48.10353826434675,2569.529541,2598.494873,28.965332000000217,4.580070349118062,4.559883201379453,0.0201871477386088,0.9612658117654468,12,0.761959738261619,0.7608838573192626,0.0010758809423564,0.0028362593360578,0.1053495740689764,0.1052252823165661,0.0001242917524103,0.0003150739451818,0.1873846910827461,0.1871203944154858,0.0002642966672603,0.000696512779808,BT2,"(25.0, 30.0]",0.3186186520000024,"(0.3, 0.35]",0.6564033933851015,0.655066398904169,0.0013369944809324963,0.07783680205808416,0.07774214932293382,9.4652735150344e-05,0.15637141810669733,0.15614245903135324,0.00022895907534409288,0.6142450902299891,0.012399856384187884
369,2274.2544731610337,10091.0,2862.1642113298813,2909.39773516532,47.23352383543897,2569.5683594,2598.0112305,28.442871099999596,4.580070349118062,4.559883201379453,0.0201871477386088,0.9612658117654468,12,0.761959738261619,0.7608838573192626,0.0010758809423564,0.0028362593360578,0.1053495740689764,0.1052252823165661,0.0001242917524103,0.0003150739451818,0.1873846910827461,0.1871203944154858,0.0002642966672603,0.000696512779808,BT2,"(25.0, 30.0]",0.3128715820999955,"(0.3, 0.35]",0.6564033933851015,0.655066398904169,0.0013369944809324963,0.07783680205808416,0.07774214932293382,9.4652735150344e-05,0.15637141810669733,0.15614245903135324,0.00022895907534409288,0.6142450902299891,0.012399856384187884
370,2275.256461232604,10091.0,2864.2730253097075,2910.28135472366,46.00832941395265,2569.642334,2597.5014648,27.859130800000003,4.237902848737978,4.21316881409653,0.0247340346414475,0.9939722936555224,11,0.7630762859761467,0.7617150163313634,0.0013612696447833,0.0033488287558134,0.1053206809294075,0.1051642627253096,0.0001564182040979,0.000366531381564,0.1876588186008886,0.1873244310444059,0.0003343875564826,0.000822282120655,BT2,"(25.0, 30.0]",0.3064504388,"(0.3, 0.35]",0.6577926959049263,0.6560991309885696,0.001693564916356638,0.07781479825821765,0.07769568317626571,0.00011911508195193432,0.15660891964952764,0.1563192129232194,0.00028970672630823646,0.6141694379401296,0.015190888153729506
371,2276.258449304175,10091.0,2864.2705775728373,2908.837038200998,44.56646062816071,2569.6408691,2596.6289062,26.98803709999993,4.237902848737978,4.21316881409653,0.0247340346414475,0.9939722936555224,11,0.7630762859761467,0.7617150163313634,0.0013612696447833,0.0033488287558134,0.1053206809294075,0.1051642627253096,0.0001564182040979,0.000366531381564,0.1876588186008886,0.1873244310444059,0.0003343875564826,0.000822282120655,BT2,"(25.0, 30.0]",0.2968684080999992,"(0.25, 0.3]",0.6577926959049263,0.6560991309885696,0.001693564916356638,0.07781479825821765,0.07769568317626571,0.00011911508195193432,0.15660891964952764,0.1563192129232194,0.00028970672630823646,0.6141694379401296,0.015190888153729506
372,2277.2604373757454,10091.0,2864.2983175881445,2907.29406167654,42.99574408839544,2569.6574707,2595.6960449,26.038574199999857,3.89811105790194,3.875310527986316,0.0228005299156244,1.0055519967258872,10,0.7644665158210218,0.7631668673431673,0.0012996484778544,0.0030100165452759,0.1052881921127716,0.1051427422904148,0.0001454498223568,0.0003193654441699,0.1880001487615642,0.187680986475073,0.0003191622864911,0.000738878348268,BT2,"(25.0, 30.0]",0.2864243161999984,"(0.25, 0.3]",0.6595250640425039,0.6579054840911465,0.0016195799513574194,0.0777900565852497,0.07767929585587378,0.00011076072937592218,0.15690468201345062,0.1566281268494995,0.00027655516395111435,0.6140753155815005,0.014001242603362496
373,2278.262425447316,10091.0,2864.0315244619346,2905.7520513882077,41.72052692627267,2569.4978027,2594.7629395,25.26513679999971,3.89811105790194,3.875310527986316,0.0228005299156244,1.0055519967258872,10,0.7644665158210218,0.7631668673431673,0.0012996484778544,0.0030100165452759,0.1052881921127716,0.1051427422904148,0.0001454498223568,0.0003193654441699,0.1880001487615642,0.187680986475073,0.0003191622864911,0.000738878348268,BT2,"(25.0, 30.0]",0.2779165047999968,"(0.25, 0.3]",0.6595250640425039,0.6579054840911465,0.0016195799513574194,0.0777900565852497,0.07767929585587378,0.00011076072937592218,0.15690468201345062,0.1566281268494995,0.00027655516395111435,0.6140753155815005,0.014001242603362496
374,2279.2644135188866,10091.0,2866.3736709096997,2906.411401591928,40.03773068222836,2569.3149414,2593.6879883,24.37304690000019,3.89811105790194,3.874103925835752,0.0240071320661887,1.0435980815876558,10,0.7644665158210218,0.76310366601515,0.0013628498058718,0.0031403410913136,0.1052881921127716,0.1051355683534492,0.0001526237593224,0.0003329056924243,0.1880001487615642,0.1876654627292582,0.0003346860323059,0.0007708670781906,BT2,"(20.0, 25.0]",0.2681035159000021,"(0.25, 0.3]",0.6595250640425039,0.6578267871466184,0.001698276895885531,0.0777900565852497,0.07767383311223276,0.00011622347301694369,0.15690468201345062,0.15661467639001003,0.0002900056234405868,0.6140753155815005,0.014742187199751587
375,2280.266401590457,10091.0,2865.8442521538286,2905.570958808666,39.72670665483747,2568.9968262,2593.177002,24.180175799999688,3.89811105790194,3.874103925835752,0.0240071320661887,1.0435980815876558,10,0.7644665158210218,0.76310366601515,0.0013628498058718,0.0031403410913136,0.1052881921127716,0.1051355683534492,0.0001526237593224,0.0003329056924243,0.1880001487615642,0.1876654627292582,0.0003346860323059,0.0007708670781906,BT2,"(20.0, 25.0]",0.2659819337999966,"(0.25, 0.3]",0.6595250640425039,0.6578267871466184,0.001698276895885531,0.0777900565852497,0.07767383311223276,0.00011622347301694369,0.15690468201345062,0.15661467639001003,0.0002900056234405868,0.6140753155815005,0.014742187199751587
376,2281.268389662028,10091.0,2865.365621718924,2904.03623706858,38.67061534965615,2568.7092285,2592.2438965,23.53466800000024,3.89811105790194,3.874103925835752,0.0240071320661887,1.0435980815876558,10,0.7644665158210218,0.76310366601515,0.0013628498058718,0.0031403410913136,0.1052881921127716,0.1051355683534492,0.0001526237593224,0.0003329056924243,0.1880001487615642,0.1876654627292582,0.0003346860323059,0.0007708670781906,BT2,"(20.0, 25.0]",0.2588813480000026,"(0.25, 0.3]",0.6595250640425039,0.6578267871466184,0.001698276895885531,0.0777900565852497,0.07767383311223276,0.00011622347301694369,0.15690468201345062,0.15661467639001003,0.0002900056234405868,0.6140753155815005,0.014742187199751587
377,2282.2703777335983,10091.0,2864.980848367447,2902.402153378329,37.42130501088195,2568.4780273,2591.2487793,22.770751999999906,3.5588333908251206,3.540652328106117,0.0181810627190031,1.0624956184805217,9,0.7661406729367477,0.764919096240757,0.0012215766959905,0.0023398623580082,0.1052372334889529,0.1051068025929972,0.0001304308959557,0.0002357904455521,0.1884111590194253,0.1881113083526763,0.000299850666749,0.0005739993306744,BT2,"(20.0, 25.0]",0.2504782719999989,"(0.25, 0.3]",0.6616149640325427,0.6600896312630151,0.0015253327695275987,0.0777512502812663,0.07765192905490952,9.932122635677998e-05,0.15726087671925917,0.15700101060543617,0.00025986611382300406,0.6139614697675561,0.011162471988895263
378,2283.272365805169,10091.0,2866.653789434182,2902.46415358195,35.81036414776827,2568.2912598,2590.135498,21.84423820000029,3.5588333908251206,3.54028091842343,0.0185524724016907,1.0787723913296874,9,0.7661406729367477,0.7648938423127016,0.0012468306240458,0.0025263887079878,0.1052372334889529,0.1051040332277396,0.0001332002612133,0.0002501310669218,0.1884111590194253,0.1881051073107458,0.0003060517086794,0.0006197866546591,BT2,"(20.0, 25.0]",0.2402866202000032,"(0.2, 0.25]",0.6616149640325427,0.6600581206382783,0.0015568433942644289,0.0777512502812663,0.07764982030561747,0.00010142997564882572,0.15726087671925917,0.15699563679645417,0.00026523992280499953,0.6139614697675561,0.011390503223564042
379,2284.2743538767395,10091.0,2866.405586154551,2900.5423444760404,34.1367583214892,2568.142334,2588.9599609,20.81762690000005,3.5588333908251206,3.54028091842343,0.0185524724016907,1.0787723913296874,9,0.7661406729367477,0.7648938423127016,0.0012468306240458,0.0025263887079878,0.1052372334889529,0.1051040332277396,0.0001332002612133,0.0002501310669218,0.1884111590194253,0.1881051073107458,0.0003060517086794,0.0006197866546591,BT2,"(20.0, 25.0]",0.2289938959000005,"(0.2, 0.25]",0.6616149640325427,0.6600581206382783,0.0015568433942644289,0.0777512502812663,0.07764982030561747,0.00010142997564882572,0.15726087671925917,0.15699563679645417,0.00026523992280499953,0.6139614697675561,0.011390503223564042
380,2285.27634194831,10091.0,2866.0642049393427,2898.621605821032,32.557400881688864,2567.9375,2587.7844238,19.846923799999782,3.2177001531365117,3.2008695541245995,0.0168305990119117,1.0846626497621632,8,0.7681446316136777,0.7665863984800649,0.0015582331336128,0.0025922729744188,0.1051443748128733,0.1049781979360398,0.0001661768768334,0.0002727118539049,0.1889030555768176,0.1885205593276782,0.0003824962491394,0.00063579829014,BT2,"(15.0, 20.0]",0.2183161617999976,"(0.2, 0.25]",0.6641219392645252,0.6621720647562372,0.0019498745082879854,0.07768053897727922,0.07755400588714503,0.0001265330901341899,0.1576872485109438,0.15735569659568424,0.0003315519152595481,0.6138239653542561,0.010331025024779063
381,2286.2783300198807,10091.0,2865.7277064318205,2893.931635921396,28.20392948957533,2567.7355957,2584.9133301,17.17773440000019,2.874815649022407,2.8506925465454755,0.0241231024769312,1.0920659203026206,7,0.7707926826713427,0.7681173049588443,0.0026753777124984,0.00463342993768,0.1050105268837218,0.1047115368945697,0.000298989989152,0.0004640197733459,0.1895530240754094,0.188895976128668,0.0006570479467414,0.001136885247188,BT2,"(15.0, 20.0]",0.188955078400002,"(0.15, 0.2]",0.6674436964894362,0.6640877138396439,0.0033559826497923106,0.07757862135661209,0.07735098616612299,0.00022763519048910053,0.1582507668112051,0.15768111149881867,0.0005696553123864245,0.6136417276603392,0.014802942280471468
382,2287.280318091451,10091.0,2868.768424891027,2895.601901194677,26.83347630365006,2567.4987793,2583.8085938,16.309814499999902,2.533677941915254,2.497401443081039,0.0362764988342152,1.1016410745319074,6,0.7748377994602471,0.770725751751411,0.004112047708836,0.0084715865730798,0.1048819880391615,0.1044088857625976,0.0004731022765639,0.0009040681625865,0.1905460968255919,0.1895358946711825,0.0010102021544094,0.0020798837591889,BT2,"(15.0, 20.0]",0.1794079594999989,"(0.15, 0.2]",0.6725378697961287,0.667359610517353,0.005178259278775688,0.07748075379884296,0.07712060403160549,0.00036014976723747205,0.15911204248711533,0.15823591381837732,0.0008761286687380132,0.613365624129641,0.022250757348686603
383,2288.282306163022,10091.0,2868.2669930493494,2893.800759276233,25.533766226883472,2567.1992188,2582.7041016,15.504882799999905,2.533677941915254,2.497401443081039,0.0362764988342152,1.1016410745319074,6,0.7748377994602471,0.770725751751411,0.004112047708836,0.0084715865730798,0.1048819880391615,0.1044088857625976,0.0004731022765639,0.0009040681625865,0.1905460968255919,0.1895358946711825,0.0010102021544094,0.0020798837591889,BT2,"(15.0, 20.0]",0.1705537107999989,"(0.15, 0.2]",0.6725378697961287,0.667359610517353,0.005178259278775688,0.07748075379884296,0.07712060403160549,0.00036014976723747205,0.15911204248711533,0.15823591381837732,0.0008761286687380132,0.613365624129641,0.022250757348686603
384,2289.2842942345924,10091.0,2866.629682579324,2891.999217785415,25.369535206091317,2566.2275391,2581.5993652,15.371826100000362,2.533677941915254,2.499016343879732,0.0346615980355222,1.063185138783146,6,0.7748377994602471,0.7708987163167285,0.0039390831435186,0.0085485596243936,0.1048819880391615,0.1044288807579328,0.0004531072812287,0.0009156343986697,0.1905460968255919,0.1895783895031896,0.0009677073224023,0.0020988490190372,BT2,"(15.0, 20.0]",0.1690900871000039,"(0.15, 0.2]",0.6725378697961287,0.6675769210787789,0.004960948717349867,0.07748075379884296,0.07713582323695131,0.0003449305618916515,0.15911204248711533,0.1582727614920553,0.0008392809950600322,0.613365624129641,0.02126023271238881
385,2290.2862823061632,10091.0,2865.636134812601,2890.1949731499176,24.5588383373165,2565.6386719,2580.494873,14.856201099999907,2.533677941915254,2.499016343879732,0.0346615980355222,1.063185138783146,6,0.7748377994602471,0.7708987163167285,0.0039390831435186,0.0085485596243936,0.1048819880391615,0.1044288807579328,0.0004531072812287,0.0009156343986697,0.1905460968255919,0.1895783895031896,0.0009677073224023,0.0020988490190372,BT2,"(10.0, 15.0]",0.163418212099999,"(0.15, 0.2]",0.6725378697961287,0.6675769210787789,0.004960948717349867,0.07748075379884296,0.07713582323695131,0.0003449305618916515,0.15911204248711533,0.1582727614920553,0.0008392809950600322,0.613365624129641,0.02126023271238881
386,2291.2882703777336,10091.0,2867.8996774748507,2891.5370188608454,23.63734138599466,2565.0432129,2579.3901367,14.346923799999786,2.533677941915254,2.4986294731623757,0.0350484687528789,1.0697330845633186,6,0.7748377994602471,0.770853688236732,0.0039841112235151,0.0087500928072286,0.1048819880391615,0.104423411601684,0.0004585764374774,0.0009386603252057,0.1905460968255919,0.1895673208483198,0.000978775977272,0.002148360732403,BT2,"(10.0, 15.0]",0.1578161617999976,"(0.15, 0.2]",0.6725378697961287,0.6675203441165053,0.005017525679623436,0.07748075379884296,0.07713166036701967,0.0003490934318232941,0.15911204248711533,0.15826316369450907,0.0008488787926062558,0.613365624129641,0.021497525911397787
387,2292.290258449304,10091.0,2866.858244435379,2889.7374359590285,22.879191523649297,2564.4272461,2578.2856445,13.85839840000017,2.533677941915254,2.4986294731623757,0.0350484687528789,1.0697330845633186,6,0.7748377994602471,0.770853688236732,0.0039841112235151,0.0087500928072286,0.1048819880391615,0.104423411601684,0.0004585764374774,0.0009386603252057,0.1905460968255919,0.1895673208483198,0.000978775977272,0.002148360732403,BT2,"(10.0, 15.0]",0.1524423824000018,"(0.15, 0.2]",0.6725378697961287,0.6675203441165053,0.005017525679623436,0.07748075379884296,0.07713166036701967,0.0003490934318232941,0.15911204248711533,0.15826316369450907,0.0008488787926062558,0.613365624129641,0.021497525911397787
388,2293.292246520875,10091.0,2865.7775976378657,2887.9373067258925,22.15970908802683,2563.7880859,2577.1809082,13.392822299999809,2.205589877742554,2.170081075687735,0.0355088020548191,1.0632393191004148,5,0.7820823742529133,0.7779745327791387,0.0041078414737746,0.0102315284013375,0.1049283878874415,0.1044565956796571,0.0004717922077844,0.0011214911687903,0.192325332580364,0.1913161621826392,0.0010091703977248,0.0025126219895934,BT2,"(10.0, 15.0]",0.1473210452999978,"(0.1, 0.15]",0.6817218987722671,0.6765047461390836,0.005217152633183453,0.07751608110382802,0.07715691876363932,0.00035916234018869286,0.1606560165884931,0.1597801475381045,0.0008758690503886113,0.6128790340236452,0.021762600302694356
389,2294.2942345924453,10091.0,2864.69653813336,2886.1330491891026,21.43651105574281,2563.1486816,2576.0761719,12.927490300000043,2.205589877742554,2.170081075687735,0.0355088020548191,1.0632393191004148,5,0.7820823742529133,0.7779745327791387,0.0041078414737746,0.0102315284013375,0.1049283878874415,0.1044565956796571,0.0004717922077844,0.0011214911687903,0.192325332580364,0.1913161621826392,0.0010091703977248,0.0025126219895934,BT2,"(10.0, 15.0]",0.1422023933000005,"(0.1, 0.15]",0.6817218987722671,0.6765047461390836,0.005217152633183453,0.07751608110382802,0.07715691876363932,0.00035916234018869286,0.1606560165884931,0.1597801475381045,0.0008758690503886113,0.6128790340236452,0.021762600302694356
390,2295.296222664016,10091.0,2866.6098069923974,2887.153851545549,20.544044553151707,2562.5039062,2574.9716797,12.46777350000002,2.205589877742554,2.168551477978016,0.0370383997645378,1.0978574007109032,5,0.7820823742529133,0.7778049846314322,0.004277389621481,0.0106485495788026,0.1049283878874415,0.104436685360367,0.0004917025270745,0.0011683259130927,0.192325332580364,0.1912744990128491,0.0010508335675149,0.0026150587536952,BT2,"(10.0, 15.0]",0.1371455085000002,"(0.1, 0.15]",0.6817218987722671,0.6762899530105225,0.00543194576174455,0.07751608110382802,0.07714176376400496,0.0003743173398230576,0.1606560165884931,0.15974399540284745,0.0009120211856456506,0.6128790340236452,0.022700058669471536
391,2296.2982107355865,10091.0,2865.5206554216165,2885.35705359498,19.836398173363705,2561.857666,2573.8669434,12.009277399999974,2.205589877742554,2.168551477978016,0.0370383997645378,1.0978574007109032,5,0.7820823742529133,0.7778049846314322,0.004277389621481,0.0106485495788026,0.1049283878874415,0.104436685360367,0.0004917025270745,0.0011683259130927,0.192325332580364,0.1912744990128491,0.0010508335675149,0.0026150587536952,BT2,"(10.0, 15.0]",0.1321020513999997,"(0.1, 0.15]",0.6817218987722671,0.6762899530105225,0.00543194576174455,0.07751608110382802,0.07714176376400496,0.0003743173398230576,0.1606560165884931,0.15974399540284745,0.0009120211856456506,0.6128790340236452,0.022700058669471536
392,2297.300198807157,10091.0,2864.4257432682098,2883.559567194939,19.13382392672929,2561.2080078,2572.7624512,11.55444340000031,1.90319522640884,1.8810002809053,0.0221949455035399,1.049630499730428,4,0.793108362973572,0.7900840494800024,0.0030243134935694,0.0067992505112497,0.1051690225066961,0.1048333017979634,0.0003357207087327,0.0007392092562424,0.1950337029403557,0.1942909460056672,0.0007427569346884,0.0016696309225229,BT2,"(10.0, 15.0]",0.1270988774000034,"(0.1, 0.15]",0.6958510376424705,0.6919572150712419,0.003893822571228611,0.0776993076690466,0.07744368673887653,0.0002556209301700779,0.16300842078810213,0.16236302714489198,0.0006453936432101459,0.6121393330713673,0.013586399138092257
393,2298.302186878728,10091.0,2863.3252465100823,2881.758329853856,18.433083343773436,2560.5585938,2571.6577148,11.099121000000196,2.205589877742554,2.1734860615725817,0.0321038161699722,1.0266988628157954,5,0.7820823742529133,0.7783092037994658,0.0037731704534474,0.009294529584827,0.1049283878874415,0.1044966650734832,0.0004317228139583,0.0010147248903613,0.192325332580364,0.1913984164724869,0.0009269161078771,0.002282429415808,BT2,"(10.0, 15.0]",0.1220903310000021,"(0.1, 0.15]",0.6817218987722671,0.67692885181728,0.004793046954987057,0.07751608110382802,0.07718741864008251,0.00032866246374550767,0.1606560165884931,0.15985152336809821,0.0008044932203948862,0.6128790340236452,0.019675755842725243
394,2299.304174950298,10091.0,2865.1455726930467,2882.6852049743597,17.539632281312606,2559.9250488,2570.5532227,10.628173900000093,1.90319522640884,1.8801219349221727,0.0230732914866667,1.0820725480720574,4,0.793108362973572,0.7899722630628554,0.0031360999107165,0.0070420715444369,0.1051690225066961,0.1048204849880282,0.0003485375186679,0.0007663951155779,0.1950337029403557,0.1942634823616144,0.0007702205787413,0.0017292760877676,BT2,"(10.0, 15.0]",0.116909912900001,"(0.1, 0.15]",0.6958510376424705,0.6918135563940482,0.004037481248422292,0.0776993076690466,0.07743392889101686,0.0002653787780297484,0.16300842078810213,0.1623391672843648,0.0006692535037373382,0.6121393330713673,0.01412406926240941
395,2300.306163021869,10091.0,2864.092922765458,2880.891045430717,16.798122665259598,2559.298584,2569.4484863,10.149902299999669,1.90319522640884,1.8801219349221727,0.0230732914866667,1.0820725480720574,4,0.793108362973572,0.7899722630628554,0.0031360999107165,0.0070420715444369,0.1051690225066961,0.1048204849880282,0.0003485375186679,0.0007663951155779,0.1950337029403557,0.1942634823616144,0.0007702205787413,0.0017292760877676,BT2,"(10.0, 15.0]",0.1116489252999963,"(0.1, 0.15]",0.6958510376424705,0.6918135563940482,0.004037481248422292,0.0776993076690466,0.07743392889101686,0.0002653787780297484,0.16300842078810213,0.1623391672843648,0.0006692535037373382,0.6121393330713673,0.01412406926240941
396,2301.3081510934394,10091.0,2863.050477472196,2879.748010855505,16.697533383309292,2558.6833496,2568.7456055,10.062255899999856,1.90319522640884,1.8824512791479648,0.020743947260875,0.9964725609068574,4,0.793108362973572,0.7902654196580587,0.0028429433155131,0.0064505689954877,0.1051690225066961,0.1048539495598967,0.0003150729467994,0.0007005441786914,0.1950337029403557,0.1943355019150981,0.0006982010252575,0.0015839901710266,BT2,"(10.0, 15.0]",0.1106848148999984,"(0.1, 0.15]",0.6958510376424705,0.6921903374868543,0.003660700155616148,0.0776993076690466,0.0774594066948159,0.00023990097423071122,0.16300842078810213,0.1624017369897528,0.0006066837983493278,0.6121393330713673,0.012698186041539638
397,2302.31013916501,10091.0,2862.063067465317,2878.5991944788198,16.53612701350221,2558.1010742,2568.0424805,9.941406299999926,1.90319522640884,1.8824512791479648,0.020743947260875,0.9964725609068574,4,0.793108362973572,0.7902654196580587,0.0028429433155131,0.0064505689954877,0.1051690225066961,0.1048539495598967,0.0003150729467994,0.0007005441786914,0.1950337029403557,0.1943355019150981,0.0006982010252575,0.0015839901710266,BT2,"(5.0, 10.0]",0.1093554692999991,"(0.1, 0.15]",0.6958510376424705,0.6921903374868543,0.003660700155616148,0.0776993076690466,0.0774594066948159,0.00023990097423071122,0.16300842078810213,0.1624017369897528,0.0006066837983493278,0.6121393330713673,0.012698186041539638
398,2303.3121272365806,10091.0,2865.228970410657,2880.259347241479,15.030376830821751,2558.2219238,2567.3395996,9.117675800000145,1.90319522640884,1.879220411090364,0.023974815318476,1.1159879729508435,4,0.793108362973572,0.7898579105058945,0.0032504524676775,0.0072880962766531,0.1051690225066961,0.1048073666629249,0.0003616558437712,0.0007939504858276,0.1950337029403557,0.1942353880936724,0.0007983148466833,0.0017897084722862,BT2,"(5.0, 10.0]",0.1002944338000015,"(0.1, 0.15]",0.6958510376424705,0.6916666195853763,0.00418441805709413,0.0776993076690466,0.07742394156560345,0.00027536610344315593,0.16300842078810213,0.16231475982708252,0.0006936609610196098,0.6121393330713673,0.014675927459561098
399,2304.314115308151,10091.0,2864.3293558749406,2879.117045147018,14.787689272077388,2557.6848145,2566.6367188,8.951904300000024,1.563636408337955,1.5558918009196012,0.0077446074183538,1.018240976363165,3,0.80027340153784,0.798185060259113,0.0020883412787269,0.0050654906167516,0.1046240454572426,0.104402580196854,0.0002214652603886,0.0005565030896549,0.1967919599102182,0.1962792635169855,0.0005126963932327,0.0012440188944796,BT2,"(5.0, 10.0]",0.0984709473000002,"(0.05, 0.1]",0.7051320209118225,0.7024187965336198,0.00271322437820265,0.07728438231880166,0.07711580458245822,0.00016857773634344764,0.16453697873182466,0.16409114781654963,0.0004458309152750306,0.6116341548697519,0.004736866413122838
400,2305.3161033797214,10091.0,2863.3756480258185,2877.9731301890542,14.597482163235782,2557.1188965,2565.9338379,8.814941399999952,1.90319522640884,1.8815630658089877,0.0216321605998524,1.0284764545661562,4,0.793108362973572,0.7901520684914852,0.0029562944820867,0.0066969297428214,0.1051690225066961,0.1048409765183968,0.0003280459882993,0.0007280840007249,0.1950337029403557,0.1943076543610088,0.0007260485793469,0.0016445038768155,BT2,"(5.0, 10.0]",0.0969643553999994,"(0.05, 0.1]",0.6958510376424705,0.6920446367905143,0.00380640085195616,0.0776993076690466,0.07744952978426983,0.0002497778847767723,0.16300842078810213,0.1623775431580962,0.0006308776300059382,0.6121393330713673,0.013241896362486356
401,2306.3180914512923,10091.0,2862.400667585183,2876.8288179665733,14.428150381390424,2556.5422363,2565.2307129,8.688476600000286,1.90319522640884,1.8815630658089877,0.0216321605998524,1.0284764545661562,4,0.793108362973572,0.7901520684914852,0.0029562944820867,0.0066969297428214,0.1051690225066961,0.1048409765183968,0.0003280459882993,0.0007280840007249,0.1950337029403557,0.1943076543610088,0.0007260485793469,0.0016445038768155,BT2,"(5.0, 10.0]",0.0955732426000031,"(0.05, 0.1]",0.6958510376424705,0.6920446367905143,0.00380640085195616,0.0776993076690466,0.07744952978426983,0.0002497778847767723,0.16300842078810213,0.1623775431580962,0.0006308776300059382,0.6121393330713673,0.013241896362486356
402,2307.3200795228627,10091.0,2864.1753064013533,2878.41713694204,14.241830540686806,2555.9445801,2564.527832,8.58325190000005,1.563636408337955,1.5561170596096414,0.0075193487283136,0.9884524717777228,3,0.80027340153784,0.7982456536202492,0.0020277479175907,0.0048842976985294,0.1046240454572426,0.1044090987768078,0.0002149466804347,0.0005359843193287,0.1967919599102182,0.1962941420434012,0.000497817866817,0.0011995069371586,BT2,"(5.0, 10.0]",0.0944157709000005,"(0.05, 0.1]",0.7051320209118225,0.7024974260132725,0.0026345948985500023,0.07728438231880166,0.07712076616659161,0.00016361615221005543,0.16453697873182466,0.1641040845825535,0.000432894149271168,0.6116341548697519,0.004599090504613033
403,2308.322067594433,10091.0,2862.0744995667424,2877.2708829660414,15.196383399299066,2554.7080078,2563.8249512,9.11694340000031,1.90319522640884,1.8824657344777167,0.0207294919311231,0.9945306332592452,4,0.793108362973572,0.7902589056581799,0.002849457315392,0.0065527071465198,0.1051690225066961,0.1048529353854189,0.0003160871212772,0.0007126360397359,0.1950337029403557,0.194333896129832,0.0006998068105237,0.0016090915302281,BT2,"(5.0, 10.0]",0.1002863774000034,"(0.1, 0.15]",0.6958510376424705,0.6921819639134168,0.0036690737290536735,0.0776993076690466,0.07745863455934107,0.00024067310970553313,0.16300842078810213,0.16240034188315872,0.0006080789049434099,0.6121393330713673,0.012689337365625985
404,2309.324055666004,10091.0,2861.2687381091687,2876.124628826962,14.855890717793956,2554.2341309,2563.1220703,8.88793940000005,1.90319522640884,1.8824657344777167,0.0207294919311231,0.9945306332592452,4,0.793108362973572,0.7902589056581799,0.002849457315392,0.0065527071465198,0.1051690225066961,0.1048529353854189,0.0003160871212772,0.0007126360397359,0.1950337029403557,0.194333896129832,0.0006998068105237,0.0016090915302281,BT2,"(5.0, 10.0]",0.0977673334000005,"(0.05, 0.1]",0.6958510376424705,0.6921819639134168,0.0036690737290536735,0.0776993076690466,0.07745863455934107,0.00024067310970553313,0.16300842078810213,0.16240034188315872,0.0006080789049434099,0.6121393330713673,0.012689337365625985
405,2310.3260437375748,10091.0,2860.550983388772,2874.9670773061885,14.41609391741622,2553.8120117,2562.4189453,8.606933600000048,1.563636408337955,1.5569719458192144,0.0066644625187406,0.8955368953873049,3,0.80027340153784,0.7984624204882418,0.0018109810495982,0.0043203394755252,0.1046240454572426,0.1044328474859258,0.0001911979713167,0.0004722232606767,0.1967919599102182,0.196347376743269,0.0004445831669492,0.0010609668223798,BT2,"(5.0, 10.0]",0.0946762696000005,"(0.05, 0.1]",0.7051320209118225,0.7027787617346236,0.002353259177198863,0.07728438231880166,0.07713884253598198,0.00014553978281968416,0.16453697873182466,0.16415037239410135,0.0003866063377233053,0.6116341548697519,0.004076212900311045
406,2311.328031809145,10091.0,2861.9203762796974,2875.9242941215743,14.003917841876955,2553.4194336,2561.7160645,8.296630899999855,1.563636408337955,1.5577529669127124,0.0058834414252426,0.8014788595095875,3,0.80027340153784,0.7986736826663385,0.0015997188715014,0.0037074400575317,0.1046240454572426,0.1044554812065243,0.0001685642507183,0.0004031896182467,0.1967919599102182,0.1963992492818068,0.0003927106284113,0.0009104095536002,BT2,"(5.0, 10.0]",0.0912629398999984,"(0.05, 0.1]",0.7051320209118225,0.7030530228637444,0.0020789980480780956,0.07728438231880166,0.0771560704632018,0.0001283118555998608,0.16453697873182466,0.16419547676754787,0.00034150196427679136,0.6116341548697519,0.0035985137238539466
407,2312.330019880716,10091.0,2861.27749137369,2875.289177120425,14.011685746735113,2553.0463867,2561.3337402,8.287353500000336,1.563636408337955,1.5577529669127124,0.0058834414252426,0.8014788595095875,3,0.80027340153784,0.7986736826663385,0.0015997188715014,0.0037074400575317,0.1046240454572426,0.1044554812065243,0.0001685642507183,0.0004031896182467,0.1967919599102182,0.1963992492818068,0.0003927106284113,0.0009104095536002,BT2,"(5.0, 10.0]",0.0911608885000036,"(0.05, 0.1]",0.7051320209118225,0.7030530228637444,0.0020789980480780956,0.07728438231880166,0.0771560704632018,0.0001283118555998608,0.16453697873182466,0.16419547676754787,0.00034150196427679136,0.6116341548697519,0.0035985137238539466
408,2313.3320079522864,10091.0,2860.6758386443453,2874.6540602853947,13.978221641049458,2552.6972656,2560.951416,8.254150400000071,1.563636408337955,1.5577529669127124,0.0058834414252426,0.8014788595095875,3,0.80027340153784,0.7986736826663385,0.0015997188715014,0.0037074400575317,0.1046240454572426,0.1044554812065243,0.0001685642507183,0.0004031896182467,0.1967919599102182,0.1963992492818068,0.0003927106284113,0.0009104095536002,BT2,"(5.0, 10.0]",0.0907956544000007,"(0.05, 0.1]",0.7051320209118225,0.7030530228637444,0.0020789980480780956,0.07728438231880166,0.0771560704632018,0.0001283118555998608,0.16453697873182466,0.16419547676754787,0.00034150196427679136,0.6116341548697519,0.0035985137238539466
409,2314.333996023857,10091.0,2860.0804969413475,2874.018943450365,13.938446509017922,2552.3518066,2560.5690918,8.217285199999878,1.563636408337955,1.5577529669127124,0.0058834414252426,0.8014788595095875,3,0.80027340153784,0.7986736826663385,0.0015997188715014,0.0037074400575317,0.1046240454572426,0.1044554812065243,0.0001685642507183,0.0004031896182467,0.1967919599102182,0.1963992492818068,0.0003927106284113,0.0009104095536002,BT2,"(5.0, 10.0]",0.0903901371999986,"(0.05, 0.1]",0.7051320209118225,0.7030530228637444,0.0020789980480780956,0.07728438231880166,0.0771560704632018,0.0001283118555998608,0.16453697873182466,0.16419547676754787,0.00034150196427679136,0.6116341548697519,0.0035985137238539466
410,2315.335984095427,10091.0,2860.3691062252,2874.4224806542725,14.053374429072846,2552.0095215,2560.1865234,8.17700190000005,1.563636408337955,1.558840697295533,0.0047957110424219,0.6774245080149393,3,0.80027340153784,0.7989675560410138,0.0013058454968262,0.0028856378740114,0.1046240454572426,0.1044869173109357,0.0001371281463068,0.0003110604560039,0.1967919599102182,0.1964714044158154,0.0003205554944028,0.000708545090172,BT2,"(5.0, 10.0]",0.0899470209000005,"(0.05, 0.1]",0.7051320209118225,0.703434644693075,0.0016973762187474373,0.07728438231880166,0.07717999880774298,0.00010438351105868104,0.16453697873182466,0.1642582189152459,0.00027875981657876636,0.6116341548697519,0.0029332206704312555
411,2316.337972166998,10091.0,2859.766001373653,2873.779659253886,14.01365788023304,2551.6669922,2559.8041992,8.137206999999762,1.90319522640884,1.8916324025317088,0.011562823877131,0.6674744574904417,4,0.793108362973572,0.7913923261838042,0.0017160367897678,0.0042503172407774,0.1051690225066961,0.1049798349989914,0.0001891875077047,0.0004596063946227,0.1950337029403557,0.1946122896804603,0.0004214132598954,0.0010436438295596,BT2,"(5.0, 10.0]",0.0895092769999973,"(0.05, 0.1]",0.6958510376424705,0.6936399180083795,0.00221111963409093,0.0776993076690466,0.07755525234627833,0.00014405532276827449,0.16300842078810213,0.16264222391656039,0.00036619687154174074,0.6121393330713673,0.007078059296568651
412,2317.3399602385684,10091.0,2859.182964989261,2873.1368378535008,13.953872864239656,2551.3388672,2559.421875,8.083007799999905,1.90319522640884,1.8916324025317088,0.011562823877131,0.6674744574904417,4,0.793108362973572,0.7913923261838042,0.0017160367897678,0.0042503172407774,0.1051690225066961,0.1049798349989914,0.0001891875077047,0.0004596063946227,0.1950337029403557,0.1946122896804603,0.0004214132598954,0.0010436438295596,BT2,"(5.0, 10.0]",0.0889130857999989,"(0.05, 0.1]",0.6958510376424705,0.6936399180083795,0.00221111963409093,0.0776993076690466,0.07755525234627833,0.00014405532276827449,0.16300842078810213,0.16264222391656039,0.00036619687154174074,0.6121393330713673,0.007078059296568651
413,2318.34194831014,10091.0,2858.6138104235456,2872.494016453116,13.880206029569765,2551.0185547,2559.0395508,8.020996100000048,1.90319522640884,1.8916324025317088,0.011562823877131,0.6674744574904417,4,0.793108362973572,0.7913923261838042,0.0017160367897678,0.0042503172407774,0.1051690225066961,0.1049798349989914,0.0001891875077047,0.0004596063946227,0.1950337029403557,0.1946122896804603,0.0004214132598954,0.0010436438295596,BT2,"(5.0, 10.0]",0.0882309571000005,"(0.05, 0.1]",0.6958510376424705,0.6936399180083795,0.00221111963409093,0.0776993076690466,0.07755525234627833,0.00014405532276827449,0.16300842078810213,0.16264222391656039,0.00036619687154174074,0.6121393330713673,0.007078059296568651
414,2319.3439363817097,10091.0,2859.376710143978,2873.204027261709,13.827317117731129,2550.7177734,2558.6572266,7.939453199999662,1.90319522640884,1.8938994380355985,0.0092957883732416,0.5838760882576491,4,0.793108362973572,0.7916803779045466,0.0014279850690253,0.0035593965474211,0.1051690225066961,0.1050117093128636,0.0001573131938325,0.0003836812588876,0.1950337029403557,0.1946830331258948,0.0003506698144609,0.0008739613265994,BT2,"(5.0, 10.0]",0.0873339851999962,"(0.05, 0.1]",0.6958510376424705,0.6940107598195954,0.0018402778228751027,0.0776993076690466,0.07757952167460014,0.00011978599444646687,0.16300842078810213,0.16270369368477253,0.0003047271033295995,0.6121393330713673,0.005690317695168683
415,2320.3459244532805,10091.0,2858.922465467868,2872.5556220176013,13.633156549733483,2550.4645996,2558.2749023,7.810302700000193,1.90319522640884,1.8938994380355985,0.0092957883732416,0.5838760882576491,4,0.793108362973572,0.7916803779045466,0.0014279850690253,0.0035593965474211,0.1051690225066961,0.1050117093128636,0.0001573131938325,0.0003836812588876,0.1950337029403557,0.1946830331258948,0.0003506698144609,0.0008739613265994,BT2,"(5.0, 10.0]",0.0859133297000021,"(0.05, 0.1]",0.6958510376424705,0.6940107598195954,0.0018402778228751027,0.0776993076690466,0.07757952167460014,0.00011978599444646687,0.16300842078810213,0.16270369368477253,0.0003047271033295995,0.6121393330713673,0.005690317695168683
416,2321.347912524851,10091.0,2858.92421768453,2871.905906360216,12.9816886756862,2550.4655762,2557.8925781,7.4270018999995955,1.563636408337955,1.560683439325853,0.0029529690121019,0.4699963978404367,3,0.80027340153784,0.7994673939531483,0.0008060075846916,0.0015693039508215,0.1046240454572426,0.1045401275396514,8.391791759117713e-05,0.0001649239900953,0.1967919599102182,0.1965941236190104,0.0001978362912078,0.0003852362589971,BT2,"(5.0, 10.0]",0.0816970208999955,"(0.05, 0.1]",0.7051320209118225,0.7040840370892787,0.0010479838225437854,0.07728438231880166,0.07722050204956077,6.388026924089574e-05,0.16453697873182466,0.16436493304797586,0.0001720456838487927,0.6116341548697519,0.0018061367060735118
417,2322.3499005964213,10091.0,2859.4494244441407,2871.2479225784336,11.798498134292911,2550.7583008,2557.5100098,6.751708999999664,1.563636408337955,1.560683439325853,0.0029529690121019,0.4699963978404367,3,0.80027340153784,0.7994673939531483,0.0008060075846916,0.0015693039508215,0.1046240454572426,0.1045401275396514,8.391791759117713e-05,0.0001649239900953,0.1967919599102182,0.1965941236190104,0.0001978362912078,0.0003852362589971,BT2,"(5.0, 10.0]",0.0742687989999963,"(0.05, 0.1]",0.7051320209118225,0.7040840370892787,0.0010479838225437854,0.07728438231880166,0.07722050204956077,6.388026924089574e-05,0.16453697873182466,0.16436493304797586,0.0001720456838487927,0.6116341548697519,0.0018061367060735118
418,2323.351888667992,10091.0,2864.279651326787,2873.9998330653534,9.720181738566223,2551.5205078,2557.1276855,5.607177700000193,1.1462572888044464,1.1448936624059485,0.0013636263984979,0.5184824418116742,2,0.8140273496644975,0.8129643555885449,0.0010629940759527,0.0012565619602742,0.1046777455769534,0.1045622382401632,0.0001155073367902,0.0001380569990654,0.2001698370718847,0.1999088066625325,0.0002610304093522,0.0003085943653386,BT2,"(5.0, 10.0]",0.0616789547000021,"(0.05, 0.1]",0.7231713893667794,0.7217665780394104,0.0014048113273690266,0.0773252617398124,0.0772373329250739,8.79288147384999e-05,0.16747664930477507,0.1672493373749851,0.00022731192978997505,0.6106920714134922,0.0008327558299328027
419,2324.3538767395626,10091.0,2867.240532723653,2873.3479908813474,6.107458157694509,2553.2087402,2556.7453613,3.536621099999593,1.1462572888044464,1.1448936624059485,0.0013636263984979,0.5184824418116742,2,0.8140273496644975,0.8129643555885449,0.0010629940759527,0.0012565619602742,0.1046777455769534,0.1045622382401632,0.0001155073367902,0.0001380569990654,0.2001698370718847,0.1999088066625325,0.0002610304093522,0.0003085943653386,BT2,"(-0.001, 5.0]",0.0389028320999955,"(-0.001, 0.05]",0.7231713893667794,0.7217665780394104,0.0014048113273690266,0.0773252617398124,0.0772373329250739,8.79288147384999e-05,0.16747664930477507,0.1672493373749851,0.00022731192978997505,0.6106920714134922,0.0008327558299328027
420,2325.355864811133,10091.0,2870.918473384971,2873.9998330653534,3.08135968038232,2555.3293457,2557.1276855,1.7983398000001216,0.9083838765805644,0.9068301392422572,0.0015537373383071,0.3583855494947068,1,0.8810211901779527,0.8795145719548149,0.0015066182231378,0.0015066182231378,0.1114583034160987,0.1112779939886672,0.0001803094274315,0.0001803094274315,0.2166391572709294,0.2162688565309586,0.0003703007399707,0.0003703007399707,BT2,"(-0.001, 5.0]",0.0197817378000013,"(-0.001, 0.05]",0.8154755693098348,0.8133148262839304,0.0021607430259044103,0.08249730322316226,0.08235950221465316,0.00013780100850910304,0.18186771556277312,0.18154307561754482,0.0003246399452283,0.6060765591683765,0.000941683779852599
421,2326.357852882704,10091.0,2878.944059840432,2888.4030277383254,9.458967897893215,2560.0527344,2565.7597656,5.707031199999619,1.563636408337955,1.5561776887281225,0.0074587196098325,0.9940145220402644,3,0.80027340153784,0.798250542348978,0.002022859188862,0.0049347298720573,0.1046240454572426,0.1044100122294982,0.0002140332277443,0.0005416714822265,0.1967919599102182,0.1962953500216314,0.0004966098885868,0.0012118956139144,BT2,"(5.0, 10.0]",0.0627773431999958,"(0.05, 0.1]",0.7051320209118225,0.7025037701597909,0.002628250752031547,0.07728438231880166,0.0771214614379908,0.00016292088081086564,0.16453697873182466,0.16410513491392092,0.00043184381790373205,0.6116341548697519,0.004562007664970347
422,2327.359840954274,10091.0,2888.5755521956617,2899.0253607351424,10.449808539480728,2564.8894043,2571.2438965,6.354492200000095,1.1462572888044464,1.1434093185244811,0.0028479702799653,0.919371552593922,2,0.8140273496644975,0.8117390133734382,0.0022883362910592,0.0024351864117104,0.1046777455769534,0.104423387598494,0.0002543579784594,0.000271669085012,0.2001698370718847,0.1996077869835874,0.0005620500882973,0.0005981385470426,BT2,"(5.0, 10.0]",0.069899414200001,"(0.05, 0.1]",0.7231713893667794,0.7201494346954928,0.0030219546712866308,0.0773252617398124,0.07713164209692587,0.00019361964288652778,0.16747664930477507,0.16698723185294168,0.000489417451833396,0.6106920714134922,0.0017392328695960725
423,2328.361829025845,10091.0,2893.0602634339566,2912.668745138701,19.608481704744463,2567.5991211,2579.6816406,12.082519499999762,2.205589877742554,2.1620544058621936,0.0435354718803604,1.2523112538719416,5,0.7820823742529133,0.7771130691755325,0.0049693050773807,0.0125617537902735,0.1049283878874415,0.104355952788776,0.0005724350986655,0.0013831841541424,0.192325332580364,0.191104485098906,0.0012208474814579,0.0030850173582391,BT2,"(10.0, 15.0]",0.1329077144999974,"(0.1, 0.15]",0.6817218987722671,0.675413838968898,0.006308059803369126,0.07751608110382802,0.07708031491726647,0.0004357661865615481,0.1606560165884931,0.1595964766024817,0.0010595399860114096,0.6128790340236452,0.02668197795179885
424,2329.3638170974154,10091.0,2897.2164371628983,2927.0993538458565,29.88291668295824,2570.1337891,2588.6699219,18.53613280000036,2.874815649022407,2.8499409162396754,0.0248747327827314,1.251460407086448,7,0.7707926826713427,0.7680717597594754,0.0027209229118674,0.0044431113250122,0.1050105268837218,0.1047095521621309,0.0003009747215908,0.0004417163385934,0.1895530240754094,0.1888848572255799,0.0006681668498295,0.0010901261278316,BT2,"(15.0, 20.0]",0.2038974608000039,"(0.2, 0.25]",0.6674436964894362,0.6640306729224389,0.003413023566997353,0.07757862135661209,0.0773494752283757,0.00022914612823639324,0.1582507668112051,0.15767147281108027,0.0005792940001248248,0.6136417276603392,0.015264173999884573
425,2330.3658051689863,10091.0,2900.825619476038,2946.6725807850503,45.84696130901239,2572.3515625,2600.8220215,28.47045900000012,4.237902848737978,4.208087464228381,0.0298153845095967,1.20570305193972,11,0.7630762859761467,0.7614534761060541,0.0016228098700926,0.0040777828213085,0.1053206809294075,0.1051344499459104,0.000186230983497,0.0004450120521313,0.1876588186008886,0.1872601876415962,0.0003986309592923,0.0010012655151171,BT2,"(25.0, 30.0]",0.3131750490000013,"(0.3, 0.35]",0.6577926959049263,0.6557740542093278,0.002018641695598511,0.07781479825821765,0.077672981479592,0.000141816778625653,0.15660891964952764,0.15626355823597018,0.00034536141355745453,0.6141694379401296,0.01831169794622785
426,2331.3677932405567,10091.0,2904.511122598394,2963.939139016497,59.42801641810229,2574.3669434,2610.9992676,36.63232420000031,5.27482970690846,5.23498795342589,0.0398417534825705,1.18357532402347,14,0.7606055875882883,0.7589920247877432,0.0016135628005453,0.0047000976384318,0.1054265726609599,0.1052316944036504,0.0001948782573094,0.0005851383973539,0.1870523415258553,0.1866557543056413,0.0003965872202139,0.0011548274247685,BT2,"(35.0, 40.0]",0.4029555662000034,"(0.4, 0.45]",0.6547208661315098,0.6527194769097944,0.002001389221715444,0.07789544275983715,0.07774703219476732,0.00014841056506982586,0.15608350909369642,0.1557400030362158,0.0003435060574806248,0.614338325137704,0.024476316105031648
427,2332.369781312127,10091.0,2907.4177464675013,2976.6439962801683,69.22624981266699,2576.1542969,2618.7421875,42.58789059999981,6.670257665159539,6.640017421400786,0.0302402437587536,1.049514132130722,18,0.7591358237260786,0.7583034914671779,0.0008323322589008,0.0043255106352503,0.1055181675069636,0.1054142489648608,0.0001039185421028,0.0005419773224332,0.1866916681925715,0.1864870224250134,0.0002046457675581,0.0010636402366867,BT2,"(40.0, 45.0]",0.4684667965999979,"(0.45, 0.5]",0.6528976861980794,0.6518665935433022,0.0010310926547771881,0.07796520313153904,0.07788605708391076,7.914604762827848e-05,0.15577110774906444,0.15559387187552476,0.00017723587353968284,0.6144397780504994,0.018580808663321565
428,2333.371769383698,10091.0,2910.1355532897323,2976.6439962801683,66.50844299043592,2577.8288574,2618.7421875,40.91333010000017,6.321196093422935,6.295666484541882,0.0255296088810528,1.0833653149633833,17,0.7594144379473303,0.7586066949257638,0.0008077430215665,0.0038332182924838,0.1055000595116926,0.1054000937754601,9.99657362325317e-05,0.0004825716129048,0.1867600336310134,0.1865614531521429,0.0001985804788705,0.0009426355069961,BT2,"(40.0, 45.0]",0.4500466311000018,"(0.45, 0.5]",0.6532430561332461,0.6522420863495447,0.0010009697837013443,0.07795141144308525,0.07787527663359733,7.613480948791274e-05,0.1558303197328187,0.15565833177272984,0.00017198796008885409,0.6144205214438919,0.015685915600955076
429,2334.3737574552683,10091.0,2912.802735271938,2978.0515162618526,65.2487809899144,2579.4743652,2619.5974121,40.123046899999736,5.972014965399698,5.943520154197243,0.0284948112024547,1.103860334400481,16,0.7597376814848974,0.7586827855512961,0.0010548959336014,0.0038907454146649,0.1054792866015329,0.10534990231152,0.0001293842900128,0.0004936240208751,0.1868393523694015,0.1865800330361215,0.0002593193332801,0.0009568597559748,BT2,"(40.0, 45.0]",0.4413535158999971,"(0.4, 0.45]",0.6536438886952562,0.6523363391574211,0.0013075495378351842,0.07793559024094919,0.07783705203593196,9.853820501723454e-05,0.15589902054436208,0.1556744229778232,0.00022459756653889218,0.6143981874656855,0.01750716035496508
430,2335.3757455268387,10091.0,2916.505207237876,2980.0371657048813,63.5319584670051,2581.7016602,2620.4523926,38.75073240000029,5.972014965399698,5.946478104902297,0.0255368604974011,1.0370124975767672,16,0.7597376814848974,0.7587871177187268,0.0009505637661706,0.0033495811415042,0.1054792866015329,0.1053626407803753,0.0001166458211576,0.0004254868871376,0.1868393523694015,0.1866056807662199,0.0002336716031816,0.0008237828983868,BT2,"(35.0, 40.0]",0.4262580564000031,"(0.4, 0.45]",0.6536438886952562,0.6524655880668357,0.0011783006284205033,0.07793559024094919,0.07784675323779282,8.883700315637233e-05,0.15589902054436208,0.1556966355278397,0.00020238501652239393,0.6143981874656855,0.0156898008031673
431,2336.3777335984096,10091.0,2919.2978052177345,2981.4568861874263,62.159080969691786,2583.4191895,2621.307373,37.8881835000002,5.972014965399698,5.946478104902297,0.0255368604974011,1.0370124975767672,16,0.7597376814848974,0.7587871177187268,0.0009505637661706,0.0033495811415042,0.1054792866015329,0.1053626407803753,0.0001166458211576,0.0004254868871376,0.1868393523694015,0.1866056807662199,0.0002336716031816,0.0008237828983868,BT2,"(35.0, 40.0]",0.4167700185000021,"(0.4, 0.45]",0.6536438886952562,0.6524655880668357,0.0011783006284205033,0.07793559024094919,0.07784675323779282,8.883700315637233e-05,0.15589902054436208,0.1556966355278397,0.00020238501652239393,0.6143981874656855,0.0156898008031673
432,2337.37972166998,10091.0,2921.632827942497,2982.8766068360246,61.24377889352718,2584.855957,2622.1623535,37.306396499999664,5.623274415112043,5.588644764749077,0.0346296503629659,1.05228799904688,15,0.7601355318226004,0.7587879559159592,0.0013475759066411,0.0042977166008176,0.1054563162213251,0.1052918934024185,0.0001644228189065,0.0005119858247544,0.1869369884056634,0.1866057388441987,0.0003312495614646,0.001056108285679,BT2,"(35.0, 40.0]",0.4103703614999963,"(0.4, 0.45]",0.6541374429470912,0.6524666265068436,0.00167081644024758,0.07791809561044513,0.07779287525757922,0.00012522035286591238,0.15598358967379217,0.15569668582729146,0.0002869038465007079,0.6143707916350274,0.021275445707539573
433,2338.381709741551,10091.0,2923.538163415313,2984.296784623771,60.75862120845795,2586.0285645,2623.017334,36.98876950000022,5.972014965399698,5.946758092540881,0.0252568728588169,1.0264612165487494,16,0.7597376814848974,0.7587952163803502,0.0009424651045471,0.0033185545771488,0.1054792866015329,0.1053636180257402,0.0001156685757926,0.0004216912230357,0.1868393523694015,0.1866076714020108,0.0002316809673907,0.0008161552545679,BT2,"(35.0, 40.0]",0.4068764645000024,"(0.4, 0.45]",0.6536438886952562,0.6524756215164655,0.001168267178790705,0.07793559024094919,0.07784749747892712,8.80927620220684e-05,0.15589902054436208,0.15569835955354355,0.00020066099081852973,0.6143981874656855,0.01551777690550837
434,2339.383697813121,10091.0,2923.55065893762,2985.416163959684,61.86550502206455,2586.583252,2623.8725586,37.28930660000015,5.972014965399698,5.949346944686207,0.0226680207134908,0.9452071362367476,16,0.7597376814848974,0.7588867158606785,0.0008509656242191,0.0029569488332532,0.1054792866015329,0.1053747045951462,0.0001045820063867,0.0003755038374647,0.1868393523694015,0.1866301629176791,0.0002091894517224,0.0007272210780113,BT2,"(35.0, 40.0]",0.4101823726000016,"(0.4, 0.45]",0.6536438886952562,0.6525889869820509,0.0010549017132053251,0.07793559024094919,0.07785594071165372,7.964952929546965e-05,0.15589902054436208,0.15571783882977572,0.00018118171458636478,0.6143981874656855,0.013927190839803365
435,2340.385685884692,10091.0,2925.4732599114263,2986.851798193757,61.37853828233119,2587.7539062,2624.7275391,36.97363289999976,5.623274415112043,5.592641615966215,0.0306327991458275,0.959168651931114,15,0.7601355318226004,0.7589357662910969,0.0011997655315033,0.0039348123954002,0.1054563162213251,0.1053098308822575,0.0001464853390676,0.0004675680923055,0.1869369884056634,0.1866420718840642,0.0002949165215991,0.0009669414683988,BT2,"(35.0, 40.0]",0.4067099618999973,"(0.4, 0.45]",0.6541374429470912,0.6526497641460287,0.0014876788010624864,0.07791809561044513,0.07780653541451572,0.00011156019592940825,0.15598358967379217,0.15572815292662692,0.0002554367471652441,0.6143707916350274,0.018819897061218834
436,2341.3876739562625,10091.0,2927.1974400390336,2988.287867639592,61.09042760055854,2588.8034668,2625.5825195,36.77905270000019,5.972014965399698,5.949618576321397,0.0223963890783007,0.9345702414090432,16,0.7597376814848974,0.7588958852071974,0.0008417962777,0.0029134690657903,0.1054792866015329,0.1053758028261746,0.0001034837753582,0.0003701089050441,0.1868393523694015,0.1866324165877036,0.0002069357816979,0.0007165304526325,BT2,"(35.0, 40.0]",0.4045695797000022,"(0.4, 0.45]",0.6536438886952562,0.6526003482272179,0.0010435404680383398,0.07793559024094919,0.07785677709780732,7.881314314187038e-05,0.15589902054436208,0.15571979068054498,0.00017922986381710415,0.6143981874656855,0.013760300855484225
437,2342.389662027833,10091.0,2928.854803010706,2989.7256764589565,60.87087344825068,2589.8117676,2626.4375,36.62573239999983,5.623274415112043,5.593125457029713,0.0301489580823295,0.9481731843568902,15,0.7601355318226004,0.7589545874258913,0.0011809443967092,0.0039139265415178,0.1054563162213251,0.1053121074063525,0.0001442088149725,0.000465214120685,0.1869369884056634,0.1866466981133382,0.000290290292325,0.0009618111674669,BT2,"(35.0, 40.0]",0.4028830563999981,"(0.4, 0.45]",0.6541374429470912,0.6526730858639037,0.0014643570831874841,0.07791809561044513,0.07780826909506512,0.00010982651538000987,0.15598358967379217,0.1557321596167051,0.00025143005708705424,0.6143707916350274,0.018522639244012033
438,2343.391650099404,10091.0,2929.923516196144,2991.270068842542,61.34655264639787,2590.7919922,2627.2924805,36.50048829999969,5.623274415112043,5.597428543321647,0.0258458717903957,0.8579563370868413,15,0.7601355318226004,0.7591157846612654,0.0010197471613348,0.0034668348400127,0.1054563162213251,0.1053316642211458,0.0001246520001792,0.0004129228134995,0.1869369884056634,0.186686321839287,0.0002506665663763,0.0008519525615076,BT2,"(35.0, 40.0]",0.4015053712999966,"(0.4, 0.45]",0.6541374429470912,0.6528728501018912,0.0012645928451999744,0.07791809561044513,0.0778231626275251,9.493298292002905e-05,0.15598358967379217,0.15576647728900886,0.00021711238478330785,0.6143707916350274,0.01587894871236283
439,2344.393638170974,10091.0,2931.498152041357,2992.724395947827,61.22624390646979,2591.7399902,2628.1474609,36.407470699999976,5.972014965399698,5.953114547990074,0.0189004174096236,0.834931808405868,16,0.7597376814848974,0.7590211363416882,0.0007165451432092,0.0024160860794548,0.1054792866015329,0.1053909553010969,8.833130043597176e-05,0.0003017139362457,0.1868393523694015,0.1866632042889379,0.0001761480804636,0.0005937863876974,BT2,"(35.0, 40.0]",0.4004821776999998,"(0.4, 0.45]",0.6536438886952562,0.6527555523057043,0.0008883363895519913,0.07793559024094919,0.07786831691047835,6.727333047083783e-05,0.15589902054436208,0.15574645536615767,0.00015256517820441684,0.6143981874656855,0.011612382198817628
440,2345.3956262425445,10091.0,2933.0005055293545,2994.180230805577,61.1797252762226,2592.6435547,2629.0026855,36.3591308,5.623274415112043,5.598039433908115,0.025234981203928,0.8449722195850814,15,0.7601355318226004,0.759138793041116,0.0009967387814844,0.0034021084233698,0.1054563162213251,0.1053344509480829,0.0001218652732422,0.0004053765570147,0.1869369884056634,0.186691977419236,0.0002450109864273,0.0008360486152222,BT2,"(35.0, 40.0]",0.3999504388,"(0.35, 0.4]",0.6541374429470912,0.6529013663688074,0.00123607657828384,0.07791809561044513,0.07782528487898757,9.281073145755991e-05,0.15598358967379217,0.15577137556963128,0.00021221410416089048,0.6143707916350274,0.015503635379152282
441,2346.397614314116,10091.0,2934.4199591565443,2995.635650135887,61.215690979342526,2593.4968262,2629.857666,36.36083979999967,5.623274415112043,5.598039433908115,0.025234981203928,0.8449722195850814,15,0.7601355318226004,0.759138793041116,0.0009967387814844,0.0034021084233698,0.1054563162213251,0.1053344509480829,0.0001218652732422,0.0004053765570147,0.1869369884056634,0.186691977419236,0.0002450109864273,0.0008360486152222,BT2,"(35.0, 40.0]",0.3999692377999964,"(0.35, 0.4]",0.6541374429470912,0.6529013663688074,0.00123607657828384,0.07791809561044513,0.07782528487898757,9.281073145755991e-05,0.15598358967379217,0.15577137556963128,0.00021221410416089048,0.6143707916350274,0.015503635379152282
442,2347.3996023856857,10091.0,2935.864936742423,2997.954730748207,62.08979400578392,2594.3046875,2630.7126465,36.40795900000012,5.972014965399698,5.957099340279218,0.01491562512048,0.71933387500492,16,0.7597376814848974,0.7591630308765498,0.0005746506083476,0.0020456205992727,0.1054792866015329,0.1054080709247079,7.121567682501911e-05,0.0002471303052958,0.1868393523694015,0.1866980822749185,0.000141270094483,0.0005027552637898,BT2,"(35.0, 40.0]",0.4004875490000013,"(0.4, 0.45]",0.6536438886952562,0.6529314072305612,0.0007124814646950473,0.07793559024094919,0.07788135193952096,5.423830142822772e-05,0.15589902054436208,0.1557766629792653,0.0001223575650967923,0.6143981874656855,0.009164133038940559
443,2348.4015904572566,10091.0,2936.8130540848665,2998.2668616628766,61.45380757801013,2594.8669434,2630.8935547,36.02661130000024,5.623274415112043,5.603525719051683,0.0197486960603594,0.7275136364774939,15,0.7601355318226004,0.7593444080768772,0.000791123745723,0.0028061186454902,0.1054563162213251,0.10535932803088,9.698819044506498e-05,0.0003356703933474,0.1869369884056634,0.1867425182705386,0.0001944701351247,0.0006896041590207,BT2,"(35.0, 40.0]",0.3962927243000026,"(0.35, 0.4]",0.6541374429470912,0.6531562366478062,0.000981206299284998,0.07791809561044513,0.07784423034902503,7.386526142010019e-05,0.15598358967379217,0.15581514934843707,0.0001684403253550959,0.6143707916350274,0.012133022032362552
444,2349.403578528827,10091.0,2937.689733618592,2998.5794137367657,60.8896801181736,2595.3867188,2631.074707,35.68798820000029,5.623274415112043,5.603525719051683,0.0197486960603594,0.7275136364774939,15,0.7601355318226004,0.7593444080768772,0.000791123745723,0.0028061186454902,0.1054563162213251,0.10535932803088,9.698819044506498e-05,0.0003356703933474,0.1869369884056634,0.1867425182705386,0.0001944701351247,0.0006896041590207,BT2,"(35.0, 40.0]",0.3925678702000032,"(0.35, 0.4]",0.6541374429470912,0.6531562366478062,0.000981206299284998,0.07791809561044513,0.07784423034902503,7.386526142010019e-05,0.15598358967379217,0.15581514934843707,0.0001684403253550959,0.6143707916350274,0.012133022032362552
445,2350.405566600398,10091.0,2938.5120581353976,2998.891544651436,60.379486516038014,2595.8742676,2631.2556152,35.381347600000026,5.623274415112043,5.603525719051683,0.0197486960603594,0.7275136364774939,15,0.7601355318226004,0.7593444080768772,0.000791123745723,0.0028061186454902,0.1054563162213251,0.10535932803088,9.698819044506498e-05,0.0003356703933474,0.1869369884056634,0.1867425182705386,0.0001944701351247,0.0006896041590207,BT2,"(35.0, 40.0]",0.3891948236000003,"(0.35, 0.4]",0.6541374429470912,0.6531562366478062,0.000981206299284998,0.07791809561044513,0.07784423034902503,7.386526142010019e-05,0.15598358967379217,0.15581514934843707,0.0001684403253550959,0.6143707916350274,0.012133022032362552
446,2351.407554671968,10091.0,2939.143491117052,2999.821318413188,60.677827296136,2596.3408203,2631.4367676,35.09594730000026,5.623274415112043,5.60858557975795,0.014688835354093,0.6176906268477694,15,0.7601355318226004,0.7595348981330099,0.0006006336895904,0.0022349145775634,0.1054563162213251,0.1053823155198123,7.40007015127923e-05,0.0002686511195643,0.1869369884056634,0.1867893403868954,0.0001476480187679,0.0005492472580433,BT2,"(35.0, 40.0]",0.3860554203000029,"(0.35, 0.4]",0.6541374429470912,0.6533924131010596,0.0007450298460316418,0.07791809561044513,0.07786173701857288,5.6358591872252006e-05,0.15598358967379217,0.15585570310940514,0.00012788656438703083,0.6143707916350274,0.009024391404690694
447,2352.4095427435386,10091.0,2939.9097462258947,3000.1376003914643,60.22785416556962,2596.7893066,2631.6176758,34.8283692,5.972014965399698,5.961209780267161,0.0108051851325363,0.5984328530745473,16,0.7597376814848974,0.7593100166779373,0.0004276648069602,0.0016378304262532,0.1054792866015329,0.1054257377263047,5.354887522820984e-05,0.000199138219147,0.1868393523694015,0.1867342107399724,0.0001051416294291,0.0004025501275488,BT2,"(30.0, 35.0]",0.3831120612,"(0.35, 0.4]",0.6536438886952562,0.6531136025208375,0.0005302861744187481,0.07793559024094919,0.07789480687492796,4.078336602122978e-05,0.15589902054436208,0.1558079540772127,9.10664671493755e-05,0.6143981874656855,0.006638686160661476
448,2353.411530815109,10091.0,2940.6515621884078,3000.4545656754835,59.80300348707624,2597.2229004,2631.7988281,34.57592769999974,5.623274415112043,5.609165248576288,0.0141091665357544,0.6047937942999184,15,0.7601355318226004,0.7595568500714414,0.0005786817511589,0.0021652168618093,0.1054563162213251,0.1053849595042446,7.135671708048038e-05,0.0002604668832326,0.1869369884056634,0.1867947360490533,0.00014225235661,0.0005321210306574,BT2,"(30.0, 35.0]",0.3803352046999971,"(0.35, 0.4]",0.6541374429470912,0.6534196332676218,0.0007178096794694389,0.07791809561044513,0.07786375062293878,5.4344987506352305e-05,0.15598358967379217,0.15586037647185227,0.00012321320193989238,0.6143707916350274,0.008668259813881867
449,2354.41351888668,10091.0,2941.370540276871,3000.771103853549,59.40056357667845,2597.6430664,2631.9797363,34.33666989999983,5.623274415112043,5.609165248576288,0.0141091665357544,0.6047937942999184,15,0.7601355318226004,0.7595568500714414,0.0005786817511589,0.0021652168618093,0.1054563162213251,0.1053849595042446,7.135671708048038e-05,0.0002604668832326,0.1869369884056634,0.1867947360490533,0.00014225235661,0.0005321210306574,BT2,"(30.0, 35.0]",0.3777033688999981,"(0.35, 0.4]",0.6541374429470912,0.6534196332676218,0.0007178096794694389,0.07791809561044513,0.07786375062293878,5.4344987506352305e-05,0.15598358967379217,0.15586037647185227,0.00012321320193989238,0.6143707916350274,0.008668259813881867
450,2355.4155069582503,10091.0,2942.0443857959604,3001.719450731369,59.6750649354085,2598.0668945,2632.1608887,34.0939942,5.623274415112043,5.613400143714707,0.0098742713973356,0.5069119860376269,15,0.7601355318226004,0.7597175984725468,0.0004179333500534,0.0016569575512409,0.1054563162213251,0.1054042876766801,5.202854464495902e-05,0.0002005780767592,0.1869369884056634,0.1868342465899289,0.0001027418157344,0.0004072276748664,BT2,"(30.0, 35.0]",0.3750339362,"(0.35, 0.4]",0.6541374429470912,0.6536189807148575,0.0005184622322337296,0.07791809561044513,0.07787847065742648,3.96249530186521e-05,0.15598358967379217,0.15589459817832638,8.899149546579e-05,0.6143707916350274,0.006066463935200181
451,2356.417495029821,10091.0,2942.751428434793,3002.0395685067747,59.28814007198116,2598.4753418,2632.3417969,33.86645510000017,5.623274415112043,5.613400143714707,0.0098742713973356,0.5069119860376269,15,0.7601355318226004,0.7597175984725468,0.0004179333500534,0.0016569575512409,0.1054563162213251,0.1054042876766801,5.202854464495902e-05,0.0002005780767592,0.1869369884056634,0.1868342465899289,0.0001027418157344,0.0004072276748664,BT2,"(30.0, 35.0]",0.3725310061000018,"(0.35, 0.4]",0.6541374429470912,0.6536189807148575,0.0005184622322337296,0.07791809561044513,0.07787847065742648,3.96249530186521e-05,0.15598358967379217,0.15589459817832638,8.899149546579e-05,0.6143707916350274,0.006066463935200181
452,2357.4194831013915,10091.0,2943.458471073627,3002.3601182180955,58.90164714446837,2598.8837891,2632.5229492,33.639160100000026,5.623274415112043,5.613400143714707,0.0098742713973356,0.5069119860376269,15,0.7601355318226004,0.7597175984725468,0.0004179333500534,0.0016569575512409,0.1054563162213251,0.1054042876766801,5.202854464495902e-05,0.0002005780767592,0.1869369884056634,0.1868342465899289,0.0001027418157344,0.0004072276748664,BT2,"(30.0, 35.0]",0.3700307611000002,"(0.35, 0.4]",0.6541374429470912,0.6536189807148575,0.0005184622322337296,0.07791809561044513,0.07787847065742648,3.96249530186521e-05,0.15598358967379217,0.15589459817832638,8.899149546579e-05,0.6143707916350274,0.006066463935200181
453,2358.4214711729624,10091.0,2944.184810758736,3002.680235993502,58.49542523476612,2599.3032227,2632.7038574,33.400634699999955,5.27482970690846,5.264926618907052,0.0099030880014083,0.5218952063743274,14,0.7606055875882883,0.760165670127119,0.0004399174611695,0.0016800860288451,0.1054265726609599,0.1053727409363287,5.383172463116085e-05,0.0002003498814567,0.1870523415258553,0.1869442142179683,0.0001081273078869,0.0004128470925087,BT2,"(30.0, 35.0]",0.3674069816999994,"(0.35, 0.4]",0.6547208661315098,0.6541748404005074,0.0005460257310023753,0.07789544275983715,0.07785444523799208,4.099752184506811e-05,0.15608350909369642,0.15598984856886106,9.366052483536502e-05,0.614338325137704,0.006083846496476468
454,2359.4234592445328,10091.0,2944.236530836837,3002.637632476576,58.4011016397385,2599.7827148,2632.8850098,33.102294999999685,5.27482970690846,5.2674633220640805,0.0073663848443796,0.4560513686745369,14,0.7606055875882883,0.7602667378145304,0.0003388497737581,0.0013486138922065,0.1054265726609599,0.1053847618969846,4.1810763975294994e-05,0.0001617370818047,0.1870523415258553,0.1869690526188744,8.328890698085432e-05,0.0003314053790705,BT2,"(30.0, 35.0]",0.3641252449999965,"(0.35, 0.4]",0.6547208661315098,0.6543002609414831,0.0004206051900267349,0.07789544275983715,0.07786360012919125,3.184263064590076e-05,0.15608350909369642,0.15601136337626922,7.214571742719667e-05,0.614338325137704,0.00452545252761593
455,2360.425447316104,10091.0,2945.305999394606,3002.960081666659,57.654082272053074,2600.3950195,2633.065918,32.670898499999566,5.27482970690846,5.2674633220640805,0.0073663848443796,0.4560513686745369,14,0.7606055875882883,0.7602667378145304,0.0003388497737581,0.0013486138922065,0.1054265726609599,0.1053847618969846,4.1810763975294994e-05,0.0001617370818047,0.1870523415258553,0.1869690526188744,8.328890698085432e-05,0.0003314053790705,BT2,"(30.0, 35.0]",0.3593798834999952,"(0.35, 0.4]",0.6547208661315098,0.6543002609414831,0.0004206051900267349,0.07789544275983715,0.07786360012919125,3.184263064590076e-05,0.15608350909369642,0.15601136337626922,7.214571742719667e-05,0.614338325137704,0.00452545252761593
456,2361.427435387674,10090.999999999998,2946.752425739859,3003.282965938443,56.53054019858382,2601.2231445,2633.2470703,32.02392579999969,5.27482970690846,5.2674633220640805,0.0073663848443796,0.4560513686745369,14,0.7606055875882883,0.7602667378145304,0.0003388497737581,0.0013486138922065,0.1054265726609599,0.1053847618969846,4.1810763975294994e-05,0.0001617370818047,0.1870523415258553,0.1869690526188744,8.328890698085432e-05,0.0003314053790705,BT2,"(30.0, 35.0]",0.3522631837999965,"(0.35, 0.4]",0.6547208661315098,0.6543002609414831,0.0004206051900267349,0.07789544275983715,0.07786360012919125,3.184263064590076e-05,0.15608350909369642,0.15601136337626922,7.214571742719667e-05,0.614338325137704,0.00452545252761593
457,2362.4294234592444,10090.999999999998,2948.5484863813244,3003.605415128526,55.05692874720171,2602.2509766,2633.4279785,31.17700190000005,4.92634615043763,4.920802713684815,0.0055434367528146,0.4611976054615875,13,0.7611647292979822,0.760861970621095,0.0003027586768872,0.0011590720707781,0.1053868393083485,0.105350415952897,3.642335545155192e-05,0.0001362830777932,0.1871895498472809,0.1871151541575369,7.439568974410005e-05,0.0002847650242853,BT2,"(30.0, 35.0]",0.3429470209000005,"(0.3, 0.35]",0.6554152763738906,0.6550392177258603,0.00037605864803036404,0.07786518224511585,0.07783744320703401,2.7739038081842082e-05,0.15620236570593302,0.15613791966744375,6.444603848926311e-05,0.6142995423930779,0.003405330660538979
458,2363.4314115308152,10090.999999999998,2952.590595510597,3005.926064915541,53.33546940494443,2603.5876465,2633.6091309,30.021484399999736,4.92634615043763,4.922267606584774,0.0040785438528558,0.4035947255771452,13,0.7611647292979822,0.7609301984937962,0.0002345308041859,0.0009347575804515,0.1053868393083485,0.1053583263030045,2.851300534403642e-05,0.0001107380824599,0.1871895498472809,0.1871319171191098,5.763272817118978e-05,0.0002296647069212,BT2,"(30.0, 35.0]",0.3302363283999971,"(0.3, 0.35]",0.6554152763738906,0.6551239524786412,0.00029132389524944013,0.07786518224511585,0.07784346746465173,2.1714780464116012e-05,0.15620236570593302,0.15615244058646943,4.992511946358413e-05,0.6142995423930779,0.002505447622439419
459,2364.4333996023856,10090.999999999998,2955.6886147737687,3006.250505204417,50.56189043064842,2605.3474121,2633.7900391,28.442626999999906,4.92634615043763,4.922267606584774,0.0040785438528558,0.4035947255771452,13,0.7611647292979822,0.7609301984937962,0.0002345308041859,0.0009347575804515,0.1053868393083485,0.1053583263030045,2.851300534403642e-05,0.0001107380824599,0.1871895498472809,0.1871319171191098,5.763272817118978e-05,0.0002296647069212,BT2,"(25.0, 30.0]",0.3128688969999989,"(0.3, 0.35]",0.6554152763738906,0.6551239524786412,0.00029132389524944013,0.07786518224511585,0.07784346746465173,2.1714780464116012e-05,0.15620236570593302,0.15615244058646943,4.992511946358413e-05,0.6142995423930779,0.002505447622439419
460,2365.435387673956,10090.999999999998,2960.919366146112,3006.5753832615896,45.65601711547743,2608.3137207,2633.9711914,25.657470699999976,4.237902848737978,4.234551144747592,0.0033517039903854,0.3748186871706522,11,0.7630762859761467,0.7628401571361265,0.0002361288400202,0.0008536637734949,0.1053206809294075,0.1052934562768587,2.7224652548785144e-05,9.743977409304438e-05,0.1876588186008886,0.1876008249375861,5.7993663302542814e-05,0.0002096584378293,BT2,"(25.0, 30.0]",0.2822321776999997,"(0.25, 0.3]",0.6577926959049263,0.6574987339340285,0.00029396197089781584,0.07781479825821765,0.07779406544752072,2.073281069692179e-05,0.15660891964952764,0.1565586722648663,5.024738466133383e-05,0.6141694379401296,0.0020585141559166906
461,2366.437375745527,10090.999999999998,2966.514457897064,3006.899823550465,40.38536565340155,2611.4804688,2634.1520996,22.671630800000003,3.89811105790194,3.895084113456585,0.003026944445355,0.3667530488642816,10,0.7644665158210218,0.7642430010037083,0.0002235148173134,0.0007653038545237,0.1052881921127716,0.1052634068225643,2.478529020731868e-05,8.499260536776188e-05,0.1880001487615642,0.1879452752498428,5.487351172142052e-05,0.0001879060973173,BT2,"(20.0, 25.0]",0.2493879388,"(0.2, 0.25]",0.6595250640425039,0.6592463524231769,0.00027871161932702115,0.0777900565852497,0.07777118180444871,1.887478080099536e-05,0.15690468201345062,0.15685713137656762,4.75506368829981e-05,0.6140753155815005,0.0018587718655290416
462,2367.4393638170973,10090.999999999998,2979.525801226468,3008.6669193154044,29.14111808893631,2618.0744629,2634.333252,16.25878909999983,3.2177001531365117,3.2164329881086555,0.0012671650278557,0.3078851374032794,8,0.7681446316136777,0.7679822997290496,0.0001623318846281,0.0004303219069865,0.1051443748128733,0.1051287723606883,1.560245218497347e-05,4.243198567510653e-05,0.1889030555768176,0.1888632575028293,3.979807398825364e-05,0.0001055389437171,BT2,"(15.0, 20.0]",0.1788466800999981,"(0.15, 0.2]",0.6641219392645252,0.6639186417990786,0.00020329746544667238,0.07768053897727922,0.07766865818317585,1.1880794103372172e-05,0.1576872485109438,0.15765274869833285,3.449981261094415e-05,0.6138239653542561,0.0007778162621566221
463,2368.441351888668,10090.999999999998,2990.3201180287333,3012.1676280185043,21.84750998977097,2624.1159668,2636.2756348,12.159667999999783,2.533677941915254,2.5317005555763883,0.0019773863388659,0.2740684896556657,6,0.7748377994602471,0.774551470103697,0.0002863293565502,0.0006974610363317,0.1048819880391615,0.1048530571632118,2.8930875949684243e-05,6.771109010861309e-05,0.1905460968255919,0.1904758543364201,7.02424891718123e-05,0.0001710620686546,BT2,"(10.0, 15.0]",0.1337563479999976,"(0.1, 0.15]",0.6725378697961287,0.6721764894652673,0.0003613803308614161,0.07748075379884296,0.07745872727408742,2.2026524755539012e-05,0.15911204248711533,0.15905111087326598,6.093161384934653e-05,0.613365624129641,0.0012128608058839085
464,2369.4433399602385,10090.999999999998,2997.772533042568,3013.4937666165333,15.721233573965492,2628.2739258,2637.010498,8.736572199999955,1.90319522640884,1.9017638012492093,0.0014314251596303,0.2431560337104032,4,0.793108362973572,0.7928443646581229,0.000263998315449,0.0005853063990635,0.1051690225066961,0.1051439694734603,2.505303323588337e-05,5.6039501780458245e-05,0.1950337029403557,0.1949689676342636,6.473530609207856e-05,0.000143552660401,BT2,"(5.0, 10.0]",0.0961022941999995,"(0.05, 0.1]",0.6958510376424705,0.6955105821402793,0.0003404555021911948,0.0776993076690466,0.07768023032224136,1.9077346805243534e-05,0.16300842078810213,0.16295216344264463,5.625734545749994e-05,0.6121393330713673,0.0008762316425576672
465,2370.4453280318094,10090.999999999998,3003.03400645086,3030.7994229367414,27.76541648588181,2631.203125,2646.5739746,15.370849599999929,2.874815649022407,2.873987729464853,0.0008279195575533,0.2368824769629461,7,0.7707926826713427,0.7706547890688741,0.0001378936024687,0.0003446958715209,0.1050105268837218,0.1049976020746588,1.2924809063008524e-05,3.266290353465262e-05,0.1895530240754094,0.1895192243748931,3.3799700516296784e-05,8.450987022978751e-05,BT2,"(15.0, 20.0]",0.1690793455999992,"(0.15, 0.2]",0.6674436964894362,0.6672704665930906,0.00017322989634560582,0.07757862135661209,0.07756878026781808,9.841088794010355e-06,0.1582507668112051,0.15822145901990936,2.930779129572958e-05,0.6136417276603392,0.0005080459876607907
466,2371.44731610338,10090.999999999998,3007.399452121932,3051.5042852257407,44.10483310380869,2633.8708496,2658.1037598,24.23291019999988,4.237902848737978,4.237427666520359,0.0004751822176185,0.202196401958456,11,0.7630762859761467,0.7630150570208666,6.122895528002584e-05,0.0002365978688274,0.1053206809294075,0.1053129082608865,7.77266852096266e-06,2.865892317771568e-05,0.1876588186008886,0.1876437757349239,1.5042865964704449e-05,5.812484286060737e-05,BT2,"(20.0, 25.0]",0.2665620121999986,"(0.25, 0.3]",0.6577926959049263,0.6577164628723439,7.623303258241787e-05,0.07781479825821765,0.07780887898414067,5.919274076976455e-06,0.15660891964952764,0.15659588596201754,1.3033687510100034e-05,0.6141694379401296,0.0002918423955138985
467,2372.44930417495,10090.999999999998,3010.9017576949223,3054.4334222519483,43.53166455702603,2635.8081055,2659.7004395,23.89233400000012,4.237902848737978,4.237504933150493,0.0003979155874844,0.1936677896069178,11,0.7630762859761467,0.7630208300538946,5.545592225204969e-05,0.0002103288887764,0.1053206809294075,0.105313522204691,7.158724716440433e-06,2.566302484652283e-05,0.1876588186008886,0.1876451928093759,1.3625791512741143e-05,5.167319608512244e-05,BT2,"(20.0, 25.0]",0.2628156740000013,"(0.25, 0.3]",0.6577926959049263,0.6577236503476255,6.904555730080641e-05,0.07781479825821765,0.07780934653193881,5.451726278832281e-06,0.15660891964952764,0.1565971137635794,1.1805885948235062e-05,0.6141694379401296,0.00024438759271291037
468,2373.451292246521,10090.999999999998,3014.294503001317,3056.1565622391363,41.86205923781881,2637.6826172,2660.6394043,22.95678709999993,4.237902848737978,4.237569151736828,0.0003336970011496,0.1856076602333883,11,0.7630762859761467,0.7630259347485723,5.0351227574422936e-05,0.0001858977838979,0.1053206809294075,0.1053140579771103,6.622952297131622e-06,2.286833115838771e-05,0.1876588186008886,0.1876464456710346,1.2372929853999748e-05,4.567286566781181e-05,BT2,"(20.0, 25.0]",0.2525246580999992,"(0.25, 0.3]",0.6577926959049263,0.6577300057762274,6.269012869886126e-05,0.07781479825821765,0.07780975454859633,5.0437096213162835e-06,0.15660891964952764,0.15659819928617547,1.0720363352173523e-05,0.6141694379401296,0.0002049464996383566
469,2374.4532803180914,10090.999999999998,3016.5892045872283,3059.072285253369,42.48308066614072,2638.9494629,2662.2263184,23.276855499999783,3.89811105790194,3.8978344322726977,0.0002766256292425,0.1756915511049219,10,0.7644665158210218,0.7644179660381003,4.854978292138101e-05,0.000167128391729,0.1052881921127716,0.1052822615507,5.93056207164322e-06,1.9953031612507388e-05,0.1880001487615642,0.1879882269676258,1.1921793938451942e-05,4.104774635249608e-05,BT2,"(20.0, 25.0]",0.2560454104999976,"(0.25, 0.3]",0.6595250640425039,0.6594645187570399,6.0545285463953213e-05,0.0777900565852497,0.07778554025018676,4.516335062945687e-06,0.15690468201345062,0.15689435109354896,1.0330919901657687e-05,0.6140753155815005,0.00016986897057501936
470,2375.455268389662,10090.999999999998,3019.870516056059,3063.064585379096,43.19406932303673,2639.9377441,2663.4785156,23.540771499999664,4.237902848737978,4.23770352695697,0.0001993217810074,0.1585468140065277,11,0.7630762859761467,0.7630403130046232,3.597297152346801e-05,0.0001008255682037,0.1053206809294075,0.1053154881663561,5.192763051392097e-06,1.3016632212980994e-05,0.1876588186008886,0.1876499728147524,8.845786136226572e-06,2.4777696849387357e-05,BT2,"(20.0, 25.0]",0.2589484864999963,"(0.25, 0.3]",0.6577926959049263,0.6577479071439464,4.478876097990803e-05,0.07781479825821765,0.07781084370763015,3.954550587492722e-06,0.15660891964952764,0.15660125532824218,7.664321285461018e-06,0.6141694379401296,0.00012241734621054045
471,2376.4572564612326,10090.999999999998,3021.6583489208447,3064.7229487613263,43.064599840481605,2640.918457,2664.3757324,23.457275399999617,4.237902848737978,4.237704713647008,0.0001981350909696,0.1539539887207471,11,0.7630762859761467,0.763042209146817,3.407682932977561e-05,8.413184582467537e-05,0.1053206809294075,0.105315650674768,5.03025463950323e-06,1.104707039856212e-05,0.1876588186008886,0.1876504373727616,8.38122812695342e-06,2.067704190955588e-05,BT2,"(20.0, 25.0]",0.2580300293999957,"(0.25, 0.3]",0.6577926959049263,0.6577502679212359,4.2427983690362936e-05,0.07781479825821765,0.07781096746578851,3.830792429132535e-06,0.15660891964952764,0.15660165783805935,7.261811468289858e-06,0.6141694379401296,0.00012168851745701566
472,2377.459244532803,10090.999999999998,3023.52958894958,3066.350500821721,42.82091187214155,2641.9448242,2665.2556152,23.310791000000336,4.237902848737978,4.237704713647008,0.0001981350909696,0.1539539887207471,11,0.7630762859761467,0.763042209146817,3.407682932977561e-05,8.413184582467537e-05,0.1053206809294075,0.105315650674768,5.03025463950323e-06,1.104707039856212e-05,0.1876588186008886,0.1876504373727616,8.38122812695342e-06,2.067704190955588e-05,BT2,"(20.0, 25.0]",0.2564187010000037,"(0.25, 0.3]",0.6577926959049263,0.6577502679212359,4.2427983690362936e-05,0.07781479825821765,0.07781096746578851,3.830792429132535e-06,0.15660891964952764,0.15660165783805935,7.261811468289858e-06,0.6141694379401296,0.00012168851745701566
473,2378.461232604374,10090.999999999998,3025.507414424452,3068.523828666264,43.01641424181253,2643.0285645,2666.4301758,23.40161130000024,4.237902848737978,4.237693218907158,0.0002096298308194,0.1503012798248557,11,0.7630762859761467,0.7630434775305545,3.2808445592109e-05,7.087597252608546e-05,0.1053206809294075,0.1053157402379158,4.9406914916959686e-06,9.251805254129051e-06,0.1876588186008886,0.1876507476983893,8.070902499293906e-06,1.742012218197697e-05,BT2,"(20.0, 25.0]",0.2574177243000026,"(0.25, 0.3]",0.6577926959049263,0.6577518471155864,4.0848789339853475e-05,0.07781479825821765,0.07781103567254113,3.762585676511665e-06,0.15660891964952764,0.15660192671541998,6.992934107663551e-06,0.6141694379401296,0.00012874823536983536
474,2379.4632206759443,10090.999999999998,3025.6976126798727,3067.36856254969,41.67094986981738,2644.1625977,2666.7058105,22.54321280000022,3.89811105790194,3.897785334768757,0.0003257231331832,0.1367193058560195,10,0.7644665158210218,0.7644339437571755,3.257206384620348e-05,8.989031311934514e-05,0.1052881921127716,0.1052834614642479,4.730648523665338e-06,1.315360607545557e-05,0.1880001487615642,0.187992136880836,8.011880728220344e-06,2.212425647196703e-05,BT2,"(20.0, 25.0]",0.2479753408000024,"(0.2, 0.25]",0.6595250640425039,0.6594844438141715,4.0620228332399755e-05,0.0777900565852497,0.07778645402599418,3.6025592555222197e-06,0.15690468201345062,0.15689773925262004,6.94276083057499e-06,0.6140753155815005,0.00020001853580166868
475,2380.4652087475147,10090.999999999998,3027.495298863352,3069.074025139341,41.57872627598863,2645.1416016,2667.6218262,22.480224600000383,4.237902848737978,4.237498505131429,0.000404343606549,0.1455926158516804,11,0.7630762859761467,0.7630415544936588,3.4731482487973785e-05,0.000106877340582,0.1053206809294075,0.1053152582625426,5.422666864813246e-06,1.605447969221796e-05,0.1876588186008886,0.1876502694586595,8.549142229121529e-06,2.631461964763826e-05,BT2,"(20.0, 25.0]",0.2472824706000042,"(0.2, 0.25]",0.6577926959049263,0.6577494528497553,4.324305517100502e-05,0.07781479825821765,0.07781066862457463,4.129633643018549e-06,0.15660891964952764,0.15660151235121533,7.407298312306354e-06,0.6141694379401296,0.00024833548556888423
476,2381.467196819085,10090.999999999998,3029.603496165893,3069.808477683241,40.20498151734819,2646.2885742,2668.0161133,21.72753910000029,3.89811105790194,3.897719759508031,0.0003912983939096,0.1381585566723772,10,0.7644665158210218,0.7644325092268822,3.4006594139524e-05,0.0001014391678351,0.1052881921127716,0.1052832330652427,4.959047528951821e-06,1.4833479878517686e-05,0.1880001487615642,0.1879917829616174,8.365799946874475e-06,2.496746791991189e-05,BT2,"(20.0, 25.0]",0.2390029301000031,"(0.2, 0.25]",0.6595250640425039,0.6594826548641853,4.2409178318547625e-05,0.0777900565852497,0.07778628009217625,3.776493073454068e-06,0.15690468201345062,0.1568974325615466,7.249451904028925e-06,0.6140753155815005,0.00024028668472657195
477,2382.469184890656,10090.999999999998,3031.3492027381094,3070.3196383587533,38.97043562064391,2647.2380371,2668.2905273,21.052490200000197,3.89811105790194,3.897719759508031,0.0003912983939096,0.1381585566723772,10,0.7644665158210218,0.7644325092268822,3.4006594139524e-05,0.0001014391678351,0.1052881921127716,0.1052832330652427,4.959047528951821e-06,1.4833479878517686e-05,0.1880001487615642,0.1879917829616174,8.365799946874475e-06,2.496746791991189e-05,BT2,"(20.0, 25.0]",0.2315773922000021,"(0.2, 0.25]",0.6595250640425039,0.6594826548641853,4.2409178318547625e-05,0.0777900565852497,0.07778628009217625,3.776493073454068e-06,0.15690468201345062,0.1568974325615466,7.249451904028925e-06,0.6140753155815005,0.00024028668472657195
478,2383.471172962227,10090.999999999998,3031.816654264261,3070.4823414781254,38.6656872138642,2647.9216309,2668.6657715,20.744140600000264,3.89811105790194,3.897193747760366,0.000917310141574,0.1613204353606489,10,0.7644665158210218,0.7644155314266189,5.09843944029309e-05,0.0001745840489064,0.1052881921127716,0.1052809547229523,7.237389819303441e-06,2.5427146081224983e-05,0.1880001487615642,0.1879876044530165,1.2544308547768334e-05,4.297510564776896e-05,BT2,"(20.0, 25.0]",0.2281855466000029,"(0.2, 0.25]",0.6595250640425039,0.6594614827008868,6.358134161710272e-05,0.0777900565852497,0.07778454505623413,5.5115290155810515e-06,0.15690468201345062,0.15689381165022634,1.0870363224280144e-05,0.6140753155815005,0.000563297514673165
479,2384.473161033797,10090.999999999998,3033.1306538183585,3070.405882659788,37.27522884142945,2648.6306152,2668.625,19.994384799999807,3.5588333908251206,3.558066413628807,0.0007669771963136,0.1585223116554541,9,0.7661406729367477,0.7660954042935577,4.526864318988978e-05,0.0001616067648642,0.1052372334889529,0.1052310803049278,6.153184025155707e-06,2.2982973243546034e-05,0.1884111590194253,0.1884000244773401,1.1134542085184446e-05,3.976964220664403e-05,BT2,"(15.0, 20.0]",0.2199382327999978,"(0.2, 0.25]",0.6616149640325427,0.6615584001433477,5.656388919506039e-05,0.0777512502812663,0.07774656455133219,4.685729934103544e-06,0.15726087671925917,0.15725122638099792,9.650338261252278e-06,0.6139614697675561,0.00047089444672689725
480,2385.475149105368,10090.999999999998,3034.242141938645,3070.063420515396,35.82127857675096,2649.2302246,2668.4423828,19.212158199999976,3.5588333908251206,3.558066413628807,0.0007669771963136,0.1585223116554541,9,0.7661406729367477,0.7660954042935577,4.526864318988978e-05,0.0001616067648642,0.1052372334889529,0.1052310803049278,6.153184025155707e-06,2.2982973243546034e-05,0.1884111590194253,0.1884000244773401,1.1134542085184446e-05,3.976964220664403e-05,BT2,"(15.0, 20.0]",0.2113337401999997,"(0.2, 0.25]",0.6616149640325427,0.6615584001433477,5.656388919506039e-05,0.0777512502812663,0.07774656455133219,4.685729934103544e-06,0.15726087671925917,0.15725122638099792,9.650338261252278e-06,0.6139614697675561,0.00047089444672689725
481,2386.4771371769384,10090.999999999998,3035.1581239206685,3069.3523995434894,34.194275622820896,2649.7243652,2668.0632324,18.33886719999964,3.5588333908251206,3.558066413628807,0.0007669771963136,0.1585223116554541,9,0.7661406729367477,0.7660954042935577,4.526864318988978e-05,0.0001616067648642,0.1052372334889529,0.1052310803049278,6.153184025155707e-06,2.2982973243546034e-05,0.1884111590194253,0.1884000244773401,1.1134542085184446e-05,3.976964220664403e-05,BT2,"(15.0, 20.0]",0.201727539199996,"(0.2, 0.25]",0.6616149640325427,0.6615584001433477,5.656388919506039e-05,0.0777512502812663,0.07774656455133219,4.685729934103544e-06,0.15726087671925917,0.15725122638099792,9.650338261252278e-06,0.6139614697675561,0.00047089444672689725
482,2387.479125248509,10090.999999999998,3035.2498792898414,3067.121665028528,31.871785738686413,2650.1501465,2667.1574707,17.007324199999857,3.2177001531365117,3.216698626248984,0.0010015268875274,0.1849069825663192,8,0.7681446316136777,0.7680770296075594,6.760200611834188e-05,0.0002228087863642,0.1051443748128733,0.105135632894327,8.741918546259497e-06,3.074533612179575e-05,0.1889030555768176,0.1888864300113013,1.662556551626504e-05,5.4817842229604175e-05,BT2,"(15.0, 20.0]",0.1870805661999984,"(0.15, 0.2]",0.6641219392645252,0.6640372727376007,8.466652692451504e-05,0.07768053897727922,0.07767388225812573,6.656719153494417e-06,0.1576872485109438,0.15767283621544173,1.4412295502058692e-05,0.6138239653542561,0.0006147612055109748
483,2388.48111332008,10090.999999999998,3036.1209491975987,3066.0754007399464,29.95445154234767,2650.6174316,2666.6018066,15.984375,2.874815649022407,2.873435390925486,0.0013802580969208,0.1875358089845608,7,0.7707926826713427,0.7706708302901374,0.0001218523812054,0.000317461642952,0.1050105268837218,0.1049950002770207,1.5526606701058272e-05,4.077369695254518e-05,0.1895530240754094,0.1895230568046854,2.996727072405011e-05,7.805603463262312e-05,BT2,"(15.0, 20.0]",0.1758281249999999,"(0.15, 0.2]",0.6674436964894362,0.6672906170640617,0.0001530794253745693,0.07757862135661209,0.07756679924005828,1.1822116553802942e-05,0.1582507668112051,0.15822478210753896,2.5984703666132036e-05,0.6136417276603392,0.0008469839632116517
484,2389.48310139165,10090.999999999998,3037.058113494996,3067.2770416417766,30.2189281467804,2651.1196289,2667.2399902,16.12036130000024,2.874815649022407,2.873435390925486,0.0013802580969208,0.1875358089845608,7,0.7707926826713427,0.7706708302901374,0.0001218523812054,0.000317461642952,0.1050105268837218,0.1049950002770207,1.5526606701058272e-05,4.077369695254518e-05,0.1895530240754094,0.1895230568046854,2.996727072405011e-05,7.805603463262312e-05,BT2,"(15.0, 20.0]",0.1773239743000026,"(0.15, 0.2]",0.6674436964894362,0.6672906170640617,0.0001530794253745693,0.07757862135661209,0.07756679924005828,1.1822116553802942e-05,0.1582507668112051,0.15822478210753896,2.5984703666132036e-05,0.6136417276603392,0.0008469839632116517
485,2390.4850894632204,10090.999999999998,3038.2731923545016,3065.051661677817,26.77846932331522,2651.770752,2666.0581055,14.28735349999988,2.874815649022407,2.873435390925486,0.0013802580969208,0.1875358089845608,7,0.7707926826713427,0.7706708302901374,0.0001218523812054,0.000317461642952,0.1050105268837218,0.1049950002770207,1.5526606701058272e-05,4.077369695254518e-05,0.1895530240754094,0.1895230568046854,2.996727072405011e-05,7.805603463262312e-05,BT2,"(10.0, 15.0]",0.1571608884999986,"(0.15, 0.2]",0.6674436964894362,0.6672906170640617,0.0001530794253745693,0.07757862135661209,0.07756679924005828,1.1822116553802942e-05,0.1582507668112051,0.15822478210753896,2.5984703666132036e-05,0.6136417276603392,0.0008469839632116517
486,2391.487077534792,10090.999999999998,3040.287415224647,3068.274900950189,27.987485725541774,2652.4387207,2667.3413086,14.902587900000071,2.874815649022407,2.8731531810650246,0.0016624679573822,0.207826118916612,7,0.7707926826713427,0.7706464113491475,0.0001462713221954,0.0003658574423051,0.1050105268837218,0.1049919629158247,1.856396789709106e-05,4.744273450041359e-05,0.1895530240754094,0.1895170520017665,3.597207364295204e-05,8.996576051467642e-05,BT2,"(10.0, 15.0]",0.1639284669000008,"(0.15, 0.2]",0.6674436964894362,0.6672599429188553,0.00018375357058098007,0.07757862135661209,0.07756448657482493,1.4134781787161765e-05,0.1582507668112051,0.15821957536441603,3.119144678906394e-05,0.6136417276603392,0.0010201597095479684
487,2392.4890656063617,10090.999999999998,3041.674565946373,3069.9766631680754,28.302097221702297,2653.1801758,2668.2429199,15.06274409999969,2.874815649022407,2.8731531810650246,0.0016624679573822,0.207826118916612,7,0.7707926826713427,0.7706464113491475,0.0001462713221954,0.0003658574423051,0.1050105268837218,0.1049919629158247,1.856396789709106e-05,4.744273450041359e-05,0.1895530240754094,0.1895170520017665,3.597207364295204e-05,8.996576051467642e-05,BT2,"(15.0, 20.0]",0.1656901850999965,"(0.15, 0.2]",0.6674436964894362,0.6672599429188553,0.00018375357058098007,0.07757862135661209,0.07756448657482493,1.4134781787161765e-05,0.1582507668112051,0.15821957536441603,3.119144678906394e-05,0.6136417276603392,0.0010201597095479684
488,2393.4910536779325,10090.999999999998,3043.1101321888937,3068.814967371648,25.704835182754323,2653.9475098,2667.6274414,13.679931600000144,2.874815649022407,2.8731531810650246,0.0016624679573822,0.207826118916612,7,0.7707926826713427,0.7706464113491475,0.0001462713221954,0.0003658574423051,0.1050105268837218,0.1049919629158247,1.856396789709106e-05,4.744273450041359e-05,0.1895530240754094,0.1895170520017665,3.597207364295204e-05,8.996576051467642e-05,BT2,"(10.0, 15.0]",0.1504792476000016,"(0.15, 0.2]",0.6674436964894362,0.6672599429188553,0.00018375357058098007,0.07757862135661209,0.07756448657482493,1.4134781787161765e-05,0.1582507668112051,0.15821957536441603,3.119144678906394e-05,0.6136417276603392,0.0010201597095479684
489,2394.493041749503,10090.999999999998,3044.8143670082327,3069.783124116313,24.96875710808081,2654.8579102,2668.1403809,13.282470699999976,2.533677941915254,2.530937132726632,0.002740809188622,0.2187876153249432,6,0.7748377994602471,0.7745751908897679,0.0002626085704793,0.0005149781822095,0.1048819880391615,0.104848663932651,3.332410651056087e-05,6.468839815676475e-05,0.1905460968255919,0.1904815131145595,6.458371103242506e-05,0.0001266037701449,BT2,"(10.0, 15.0]",0.1461071776999997,"(0.1, 0.15]",0.6725378697961287,0.6722064231955435,0.0003314466005852612,0.07748075379884296,0.07745538252017499,2.537127866797384e-05,0.15911204248711533,0.15905601949695283,5.6022990162496455e-05,0.613365624129641,0.001681118138599388
490,2395.4950298210733,10090.999999999998,3047.35154003277,3071.415905640405,24.064365607634954,2655.8115234,2668.6533203,12.841796899999736,2.533677941915254,2.531676557834914,0.0020013840803403,0.1846035086549289,6,0.7748377994602471,0.7746470435023278,0.0001907559579192,0.000410647029068,0.1048819880391615,0.1048576728090841,2.431523007743556e-05,5.069663945633796e-05,0.1905460968255919,0.1904991829185731,4.6913907018812186e-05,0.0001009352044545,BT2,"(10.0, 15.0]",0.1412597658999971,"(0.1, 0.15]",0.6725378697961287,0.6722971005128158,0.00024076928331295822,0.07748075379884296,0.0774622413715083,1.851242733466596e-05,0.15911204248711533,0.15907134698086436,4.0695506250965074e-05,0.613365624129641,0.0012275801955610559
491,2396.497017892644,10090.999999999998,3048.7442089700617,3071.3562300175863,22.61202104752465,2656.557373,2668.621582,12.06420900000012,2.205589877742554,2.203177995307192,0.002411882435362,0.1963526417364846,5,0.7820823742529133,0.7818563169444427,0.0002260573084705,0.0004030045696148,0.1049283878874415,0.1048993687403802,2.9019147061326574e-05,5.46343401489624e-05,0.192325332580364,0.1922697324342654,5.560014609864439e-05,9.919870020658196e-05,BT2,"(10.0, 15.0]",0.1327062990000013,"(0.1, 0.15]",0.6817218987722671,0.6814341391263128,0.0002877596459542886,0.07751608110382802,0.07749398677599625,2.2094327831762017e-05,0.1606560165884931,0.16060775128599453,4.8265302498573526e-05,0.6128790340236452,0.0014781921771632595
492,2397.4990059642146,10090.999999999998,3050.536368947692,3073.1382971288226,22.60192818113046,2657.5166016,2669.5686035,12.05200190000005,2.533677941915254,2.5314367649408043,0.0022411769744499,0.1958223173518062,6,0.7748377994602471,0.7746238961630602,0.0002139032971869,0.0004453079731205,0.1048819880391615,0.104854757204611,2.7230834550566e-05,5.532190630763712e-05,0.1905460968255919,0.1904934902828212,5.260654277069085e-05,0.0001094623665393,BT2,"(10.0, 15.0]",0.1325720209000005,"(0.1, 0.15]",0.6725378697961287,0.6722678879554939,0.00026998184063486974,0.07748075379884296,0.07746002159045784,2.073220838512413e-05,0.15911204248711533,0.15906640895236016,4.5633534755173955e-05,0.613365624129641,0.0013746609137184436
493,2398.5009940357854,10090.999999999998,3053.8141938898675,3076.7040313129664,22.889837423098925,2659.2697754,2671.4621582,12.192382799999905,2.533677941915254,2.5311839310576394,0.0024940108576148,0.2072488496763161,6,0.7748377994602471,0.7745993046547487,0.0002384948054984,0.0004811772526546,0.1048819880391615,0.1048516737928835,3.031424627804776e-05,6.012364071661391e-05,0.1905460968255919,0.1904874428157009,5.865400989104227e-05,0.0001182871126452,BT2,"(10.0, 15.0]",0.1341162107999989,"(0.1, 0.15]",0.6725378697961287,0.6722368536870864,0.000301016109042318,0.07748075379884296,0.07745767405429423,2.3079744548737402e-05,0.15911204248711533,0.15906116314095226,5.08793461630741e-05,0.613365624129641,0.001529740526267003
494,2399.502982107356,10090.999999999998,3056.760656662372,3077.5338672338044,20.773210571432628,2660.3796387,2671.5251465,11.145507799999905,2.205589877742554,2.2042064709376565,0.0013834068048974,0.1480461181541778,5,0.7820823742529133,0.7819539408420111,0.0001284334109021,0.0002569628940483,0.1049283878874415,0.1049118734007224,1.6514486719154676e-05,2.9329756348395183e-05,0.192325332580364,0.1922937456802312,3.15869001328295e-05,6.3112506891283e-05,BT2,"(10.0, 15.0]",0.1226005857999989,"(0.1, 0.15]",0.6817218987722671,0.681558400066729,0.00016349870553811208,0.07751608110382802,0.07750350741189674,1.2573691931277997e-05,0.1606560165884931,0.16062859653907582,2.742004941727605e-05,0.6128790340236452,0.0008478610262472559
495,2400.504970178926,10090.999999999998,3058.9637857486805,3079.0690521303186,20.105266381638103,2661.5651855,2672.3459473,10.78076179999971,2.205589877742554,2.2042064709376565,0.0013834068048974,0.1480461181541778,5,0.7820823742529133,0.7819539408420111,0.0001284334109021,0.0002569628940483,0.1049283878874415,0.1049118734007224,1.6514486719154676e-05,2.9329756348395183e-05,0.192325332580364,0.1922937456802312,3.15869001328295e-05,6.3112506891283e-05,BT2,"(10.0, 15.0]",0.1185883797999968,"(0.1, 0.15]",0.6817218987722671,0.681558400066729,0.00016349870553811208,0.07751608110382802,0.07750350741189674,1.2573691931277997e-05,0.1606560165884931,0.16062859653907582,2.742004941727605e-05,0.6128790340236452,0.0008478610262472559
496,2401.506958250497,10090.999999999998,3061.638120211023,3080.604569631725,18.966449420702247,2663.0031738,2673.1665039,10.163330100000168,2.205589877742554,2.203983212258163,0.0016066654843909,0.1593034880556875,5,0.7820823742529133,0.7819331595633969,0.0001492146895164,0.0002804452616994,0.1049283878874415,0.104909179410224,1.9208477217524943e-05,3.332982706383269e-05,0.192325332580364,0.1922886332202374,3.66993601265797e-05,6.888819631978294e-05,BT2,"(10.0, 15.0]",0.1117966311000018,"(0.1, 0.15]",0.6817218987722671,0.681531947342271,0.0001899514299961158,0.07751608110382802,0.07750145629052309,1.4624813304928153e-05,0.1606560165884931,0.16062415853293338,3.185805555971921e-05,0.6128790340236452,0.0009846915900726268
497,2402.5089463220675,10090.999999999998,3065.8315981944056,3079.726597103692,13.894998909286189,2665.2556152,2672.6975098,7.441894599999614,1.563636408337955,1.5633624167881597,0.0002739915497953,0.157320908261383,3,0.80027340153784,0.8002432942746421,3.010726319781683e-05,8.436898026720208e-05,0.1046240454572426,0.1046193562262491,4.68923099346726e-06,1.3447601887928153e-05,0.1967919599102182,0.1967845405029576,7.419407260678135e-06,2.080243741264809e-05,BT2,"(5.0, 10.0]",0.0818608405999957,"(0.05, 0.1]",0.7051320209118225,0.7050928568923118,3.916401951065129e-05,0.07728438231880166,0.0772808126846475,3.569634154168555e-06,0.16453697873182466,0.16453052629285192,6.452438972737173e-06,0.6116341548697519,0.00016758259000050187
498,2403.5109343936383,10090.999999999998,3073.1614296532325,3083.054604847003,9.893175193770276,2667.9462891,2673.2836914,5.337402300000122,1.1462572888044464,1.146256378203773,9.106006735315476e-07,0.085311440868436,2,0.8140273496644975,0.8140272071613224,1.4250317509345578e-07,2.744058256176629e-07,0.1046777455769534,0.1046775661819515,1.793950018535995e-07,2.70021880410809e-07,0.2001698370718847,0.2001698010070388,3.6064845887473496e-08,6.999038781874134e-08,BT2,"(5.0, 10.0]",0.0587114253000013,"(0.05, 0.1]",0.7231713893667794,0.7231712009200363,1.8844674309903553e-07,0.0773252617398124,0.07732512517254957,1.365672628317327e-07,0.16747664930477507,0.16747661789691473,3.140786034028231e-08,0.6106920714134922,5.56096611549502e-07
499,2404.5129224652087,10090.999999999998,3078.340845728701,3088.4667601378173,10.125914409116376,2670.7426758,2676.1962891,5.453613299999688,1.563636408337955,1.5634994598103371,0.0001369485276179,0.1116815321549662,3,0.80027340153784,0.8002612257092782,1.217582856187042e-05,2.3303121153173123e-05,0.1046240454572426,0.1046221659932439,1.87946399865524e-06,4.829998864308571e-06,0.1967919599102182,0.1967889627563762,2.9971538419992783e-06,5.76460591494854e-06,BT2,"(5.0, 10.0]",0.0599897462999965,"(0.05, 0.1]",0.7051320209118225,0.7051161822261893,1.5838685633151606e-05,0.07728438231880166,0.07728295159286984,1.4307259318252497e-06,0.16453697873182466,0.1645343721934544,2.606538370253375e-06,0.6116341548697519,8.376239695023114e-05
500,2405.514910536779,10090.999999999998,3082.279791575419,3088.936525972439,6.656734397020045,2672.8662109,2676.4487305,3.582519599999614,1.1462572888044464,1.1462533807954998,3.908008946673647e-06,0.1055617279708695,2,0.8140273496644975,0.814024674652174,2.675012323594128e-06,3.717003123404616e-06,0.1046777455769534,0.1046769571905519,7.883864014401887e-07,9.90816047874432e-07,0.2001698370718847,0.2001691721056869,6.6496619777201e-07,9.226371272541556e-07,BT2,"(-0.001, 5.0]",0.0394077155999957,"(-0.001, 0.05]",0.7231713893667794,0.7231678519256419,3.5374411374577974e-06,0.0773252617398124,0.07732466156838838,6.001714240172484e-07,0.16747664930477507,0.16747607020448357,5.791002914978804e-07,0.6106920714134922,2.386590078746589e-06
501,2406.51689860835,10090.999999999998,3087.790558835418,3090.4634920566614,2.672933221243511,2675.8327637,2677.2692871,1.4365233999997145,0.9083838765805644,0.9083762816893316,7.594891232587386e-06,0.0711379023695209,1,0.8810211901779527,0.881013759312189,7.430865763713434e-06,7.430865763713434e-06,0.1114583034160987,0.111457127178421,1.176237677702474e-06,1.176237677702474e-06,0.2166391572709294,0.2166373254856836,1.8317852458205053e-06,1.8317852458205053e-06,BT2,"(-0.001, 5.0]",0.0158017573999968,"(-0.001, 0.05]",0.8154755693098348,0.8154649022126369,1.0667097197880615e-05,0.08249730322316226,0.08249640423950232,8.989836599443413e-07,0.18186771556277312,0.18186610952883098,1.6060339421419823e-06,0.6060765591683765,4.603085545504633e-06
502,2407.5188866799203,10090.999999999998,3092.4686570059584,3134.3136725535733,41.84501554761482,2677.5419922,2700.0385742,22.49658199999976,3.89811105790194,3.897318649106383,0.0007924087955575,0.1571082347939188,10,0.7644665158210218,0.76441935216835,4.716365267173339e-05,0.0001571614841573,0.1052881921127716,0.105281471023192,6.721089579608819e-06,2.297496143721656e-05,0.1880001487615642,0.1879885448013075,1.1603960256778566e-05,3.86869330524231e-05,BT2,"(20.0, 25.0]",0.2474624019999974,"(0.2, 0.25]",0.6595250640425039,0.65946624731976,5.881672274388183e-05,0.0777900565852497,0.07778493823640543,5.118348844271314e-06,0.15690468201345062,0.15689462651405728,1.005549939334105e-05,0.6140753155815005,0.00048659868120152854
503,2408.520874751491,10090.999999999998,3094.311730396212,3136.378333826779,42.06660343056728,2678.5395508,2701.1401367,22.600585899999714,4.237902848737978,4.236947148082475,0.0009557006555027,0.1683916599578608,11,0.7630762859761467,0.7630224685778354,5.38173983113601e-05,0.0001880089039284,0.1053206809294075,0.1053127505040486,7.930425358858674e-06,2.7854061231069597e-05,0.1876588186008886,0.187645573767204,1.3244833684649732e-05,4.6289796845067066e-05,BT2,"(20.0, 25.0]",0.2486064448999968,"(0.2, 0.25]",0.6577926959049263,0.6577256903326896,6.700557223671133e-05,0.07781479825821765,0.07780875884473207,6.03941348557846e-06,0.15660891964952764,0.1565974438385356,1.1475810992034319e-05,0.6141694379401296,0.0005869621344291067
504,2409.5228628230616,10090.999999999998,3095.887319061956,3140.1320539320795,44.24473487012392,2679.392334,2703.1403809,23.748046899999736,4.580070349118062,4.579036610770321,0.0010337383477407,0.1844413932743991,12,0.761959738261619,0.7619043863104067,5.535195121218287e-05,0.0002031154867714,0.1053495740689764,0.1053411162080222,8.457860954177073e-06,3.0200729329354917e-05,0.1873846910827461,0.1873710646839535,1.362639879259886e-05,5.0013540013105207e-05,BT2,"(20.0, 25.0]",0.261228515899997,"(0.25, 0.3]",0.6564033933851015,0.656334566805805,6.882657929641045e-05,0.07783680205808416,0.07783036086849132,6.441189592837349e-06,0.15637141810669733,0.15635961301288728,1.1805093810046685e-05,0.6142450902299891,0.000634968704682186
505,2410.5248508946324,10090.999999999998,3097.0800448054065,3141.928777892072,44.84873308666556,2680.0371094,2704.0964355,24.059326099999907,4.237902848737978,4.236787659301619,0.0011151894363585,0.1755137793184457,11,0.7630762859761467,0.7630161901047594,6.009587138728295e-05,0.0002093287460795,0.1053206809294075,0.1053119553644356,8.725564971869623e-06,3.0920977266313265e-05,0.1876588186008886,0.1876440297691269,1.4788831761667543e-05,5.153848903183267e-05,BT2,"(20.0, 25.0]",0.2646525870999989,"(0.25, 0.3]",0.6577926959049263,0.6577178735676278,7.482233729849685e-05,0.07781479825821765,0.0778081533078973,6.644950320350285e-06,0.15660891964952764,0.15659610606584967,1.2813583677967477e-05,0.6141694379401296,0.0006849152693250699
506,2411.526838966203,10090.999999999998,3099.3200087803784,3143.9446709703725,44.62466218999407,2680.5283203,2704.6479492,24.119628899999952,4.237902848737978,4.237479406075301,0.0004234426626767,0.1493436575250087,11,0.7630762859761467,0.7630401079128535,3.617806329330781e-05,0.0001082177208887,0.1053206809294075,0.1053151077503106,5.573179096905114e-06,1.6305548176220874e-05,0.1876588186008886,0.1876499143710837,8.904229804888738e-06,2.6645555616822136e-05,BT2,"(20.0, 25.0]",0.2653159178999995,"(0.25, 0.3]",0.6577926959049263,0.6577476517963247,4.504410860162178e-05,0.07781479825821765,0.07781055400212387,4.244256093771659e-06,0.15660891964952764,0.15660120469054478,7.714958982857345e-06,0.6141694379401296,0.0002600655421360207
507,2412.528827037773,10090.999999999998,3100.1174886087765,3144.8980004058108,44.78051179703425,2680.9628906,2705.1586914,24.195800800000143,4.237902848737978,4.237396492031843,0.0005063567061345,0.1515153112180634,11,0.7630762859761467,0.763037836059132,3.844991701472779e-05,0.0001229906228709,0.1053206809294075,0.1053147817879678,5.899141439659093e-06,1.8461471383290903e-05,0.1876588186008886,0.1876493548152664,9.463785622185952e-06,3.0282782826018817e-05,BT2,"(20.0, 25.0]",0.2661538088000015,"(0.25, 0.3]",0.6577926959049263,0.6577448232498213,4.7872655104974626e-05,0.07781479825821765,0.07781030576583835,4.492492379298829e-06,0.15660891964952764,0.15660071987131255,8.199778215089992e-06,0.6141694379401296,0.0003109888136038412
508,2413.530815109344,10090.999999999998,3100.7418680242176,3145.6358479457444,44.89397992152681,2681.3027344,2705.5539551,24.251220699999976,4.237902848737978,4.237396492031843,0.0005063567061345,0.1515153112180634,11,0.7630762859761467,0.763037836059132,3.844991701472779e-05,0.0001229906228709,0.1053206809294075,0.1053147817879678,5.899141439659093e-06,1.8461471383290903e-05,0.1876588186008886,0.1876493548152664,9.463785622185952e-06,3.0282782826018817e-05,BT2,"(20.0, 25.0]",0.2667634276999997,"(0.25, 0.3]",0.6577926959049263,0.6577448232498213,4.7872655104974626e-05,0.07781479825821765,0.07781030576583835,4.492492379298829e-06,0.15660891964952764,0.15660071987131255,8.199778215089992e-06,0.6141694379401296,0.0003109888136038412
509,2414.5328031809145,10090.999999999998,3101.480627163554,3146.501759164952,45.0211320013982,2681.704834,2706.0178223,24.312988299999688,4.237902848737978,4.237396492031843,0.0005063567061345,0.1515153112180634,11,0.7630762859761467,0.763037836059132,3.844991701472779e-05,0.0001229906228709,0.1053206809294075,0.1053147817879678,5.899141439659093e-06,1.8461471383290903e-05,0.1876588186008886,0.1876493548152664,9.463785622185952e-06,3.0282782826018817e-05,BT2,"(20.0, 25.0]",0.2674428712999965,"(0.25, 0.3]",0.6577926959049263,0.6577448232498213,4.7872655104974626e-05,0.07781479825821765,0.07781030576583835,4.492492379298829e-06,0.15660891964952764,0.15660071987131255,8.199778215089992e-06,0.6141694379401296,0.0003109888136038412
510,2415.534791252485,10090.999999999998,3102.279852202588,3147.687081241917,45.407229039330105,2682.0708008,2706.793457,24.722656200000078,4.237902848737978,4.237681192133028,0.0002216566049497,0.1583318364427882,11,0.7630762859761467,0.7630405521805188,3.573379562793466e-05,9.394586952704564e-05,0.1053206809294075,0.1053154810534551,5.199875952327011e-06,1.2199999851469912e-05,0.1876588186008886,0.1876500307057779,8.78789511071787e-06,2.308771634851325e-05,BT2,"(20.0, 25.0]",0.2719492182000008,"(0.25, 0.3]",0.6577926959049263,0.6577482049277729,4.4490977153421873e-05,0.07781479825821765,0.07781083829080603,3.959967411620857e-06,0.15660891964952764,0.15660130548711085,7.614162416791359e-06,0.6141694379401296,0.0001361347124776746
511,2416.536779324056,10090.999999999998,3102.992751723146,3148.462340149684,45.46958842653794,2682.4621582,2707.2119141,24.74975589999985,4.580070349118062,4.579789355718183,0.0002809933998788,0.1623055782980277,12,0.761959738261619,0.76192366140201,3.607685960916688e-05,9.786190070049106e-05,0.1053495740689764,0.1053439056235338,5.668445442576682e-06,1.3045500996788917e-05,0.1873846910827461,0.1873758118515968,8.879231149283573e-06,2.4057841519486978e-05,BT2,"(20.0, 25.0]",0.2722473148999983,"(0.25, 0.3]",0.6564033933851015,0.6563585336351305,4.48597499709269e-05,0.07783680205808416,0.07783248517918064,4.316878903523613e-06,0.15637141810669733,0.15636372566648474,7.692440212592189e-06,0.6142450902299891,0.0001725988162625849
512,2417.538767395626,10090.999999999998,3103.698535681033,3148.8950145138747,45.19647883284188,2682.8496094,2707.4453125,24.59570309999981,4.580070349118062,4.579789355718183,0.0002809933998788,0.1623055782980277,12,0.761959738261619,0.76192366140201,3.607685960916688e-05,9.786190070049106e-05,0.1053495740689764,0.1053439056235338,5.668445442576682e-06,1.3045500996788917e-05,0.1873846910827461,0.1873758118515968,8.879231149283573e-06,2.4057841519486978e-05,BT2,"(20.0, 25.0]",0.2705527340999979,"(0.25, 0.3]",0.6564033933851015,0.6563585336351305,4.48597499709269e-05,0.07783680205808416,0.07783248517918064,4.316878903523613e-06,0.15637141810669733,0.15636372566648474,7.692440212592189e-06,0.6142450902299891,0.0001725988162625849
513,2418.540755467197,10090.999999999998,3104.5425097642787,3149.5634874563943,45.02097769211559,2683.3125,2707.8059082,24.493408199999976,4.237902848737978,4.237667573308443,0.0002352754295351,0.1546152016835249,11,0.7630762859761467,0.7630418734946519,3.441248149477721e-05,7.740467377548299e-05,0.1053206809294075,0.1053155715161095,5.109413297929325e-06,1.024785403658246e-05,0.1876588186008886,0.1876503539106282,8.464690260460857e-06,1.902457725821982e-05,BT2,"(20.0, 25.0]",0.2694274901999997,"(0.25, 0.3]",0.6577926959049263,0.6577498500197035,4.284588522274202e-05,0.07781479825821765,0.07781090718257044,3.891075647202702e-06,0.15660891964952764,0.15660158552345063,7.334126077007674e-06,0.6141694379401296,0.00014449897831869492
514,2419.542743538768,10090.999999999998,3107.20014887516,3151.5826287616374,44.38247988647754,2683.7729492,2708.1218262,24.34887700000036,4.237902848737978,4.237486460153501,0.000416388584477,0.1957954788727676,11,0.7630762859761467,0.7630199486968824,5.633727926437147e-05,0.0002209329889109,0.1053206809294075,0.1053134300614049,7.250868002583001e-06,2.687418271918318e-05,0.1876588186008886,0.1876449764082161,1.3842192672520635e-05,5.427767034604791e-05,BT2,"(20.0, 25.0]",0.2678376470000039,"(0.25, 0.3]",0.6577926959049263,0.6577225530475141,7.014285741213655e-05,0.07781479825821765,0.0778092763603746,5.521897843044354e-06,0.15660891964952764,0.15659692626619942,1.1993383328218199e-05,0.6141694379401296,0.00025573314289292526
515,2420.544731610338,10090.999999999998,3108.041683886545,3153.14817044304,45.10648655649448,2684.2385254,2708.9731445,24.734619100000145,4.237902848737978,4.237551479025883,0.0003513697120949,0.1874781451893975,11,0.7630762859761467,0.7630252846451904,5.100133095628764e-05,0.000194827225012,0.1053206809294075,0.1053139865747071,6.694354700394327e-06,2.389792635304477e-05,0.1876588186008886,0.1876462859414057,1.2532659482917213e-05,4.786619673802228e-05,BT2,"(20.0, 25.0]",0.2720808101000016,"(0.25, 0.3]",0.6577926959049263,0.6577291963847542,6.349952017203897e-05,0.07781479825821765,0.07780970017219918,5.0980860184651755e-06,0.15660891964952764,0.1565980608908795,1.0858758648146782e-05,0.6141694379401296,0.00021580053858650988
516,2421.5467196819086,10090.999999999998,3108.8304468179526,3153.4922180453755,44.66177122742283,2684.6743164,2709.1601562,24.48583980000012,4.237902848737978,4.237551479025883,0.0003513697120949,0.1874781451893975,11,0.7630762859761467,0.7630252846451904,5.100133095628764e-05,0.000194827225012,0.1053206809294075,0.1053139865747071,6.694354700394327e-06,2.389792635304477e-05,0.1876588186008886,0.1876462859414057,1.2532659482917213e-05,4.786619673802228e-05,BT2,"(20.0, 25.0]",0.2693442378000013,"(0.25, 0.3]",0.6577926959049263,0.6577291963847542,6.349952017203897e-05,0.07781479825821765,0.07780970017219918,5.0980860184651755e-06,0.15660891964952764,0.1565980608908795,1.0858758648146782e-05,0.6141694379401296,0.00021580053858650988
517,2422.548707753479,10090.999999999998,3109.734541470584,3153.836714905295,44.1021734347114,2685.1738281,2709.3474121,24.17358400000012,4.237902848737978,4.237551479025883,0.0003513697120949,0.1874781451893975,11,0.7630762859761467,0.7630252846451904,5.100133095628764e-05,0.000194827225012,0.1053206809294075,0.1053139865747071,6.694354700394327e-06,2.389792635304477e-05,0.1876588186008886,0.1876462859414057,1.2532659482917213e-05,4.786619673802228e-05,BT2,"(20.0, 25.0]",0.2659094240000013,"(0.25, 0.3]",0.6577926959049263,0.6577291963847542,6.349952017203897e-05,0.07781479825821765,0.07780970017219918,5.0980860184651755e-06,0.15660891964952764,0.1565980608908795,1.0858758648146782e-05,0.6141694379401296,0.00021580053858650988
518,2423.55069582505,10090.999999999998,3114.732163215706,3157.6900816839634,42.9579184682575,2685.7067871,2709.440918,23.73413089999985,4.237902848737978,4.236993815396934,0.0009090333410437,0.2410520281780349,11,0.7630762859761467,0.7629859353230958,9.035065305099374e-05,0.0003680519246029,0.1053206809294075,0.1053097622014188,1.0918727988640242e-05,4.349623511257228e-05,0.1876588186008886,0.1876366261947593,2.219240612924808e-05,9.04081534284229e-05,BT2,"(20.0, 25.0]",0.2610754398999984,"(0.25, 0.3]",0.6577926959049263,0.6576802068473594,0.0001124890575668891,0.07781479825821765,0.07780648311085116,8.315147366488862e-06,0.15660891964952764,0.15658969136775913,1.9228281768507438e-05,0.6141694379401296,0.0005583004961376473
519,2424.55268389662,10090.999999999998,3115.647700279355,3158.0313872980173,42.38368701866239,2686.2167969,2709.6279297,23.411132799999905,4.237902848737978,4.236993815396934,0.0009090333410437,0.2410520281780349,11,0.7630762859761467,0.7629859353230958,9.035065305099374e-05,0.0003680519246029,0.1053206809294075,0.1053097622014188,1.0918727988640242e-05,4.349623511257228e-05,0.1876588186008886,0.1876366261947593,2.219240612924808e-05,9.04081534284229e-05,BT2,"(20.0, 25.0]",0.2575224607999989,"(0.25, 0.3]",0.6577926959049263,0.6576802068473594,0.0001124890575668891,0.07781479825821765,0.07780648311085116,8.315147366488862e-06,0.15660891964952764,0.15658969136775913,1.9228281768507438e-05,0.6141694379401296,0.0005583004961376473
520,2425.55467196819,10090.999999999998,3116.6755208651525,3158.3726929120708,41.69717204691824,2686.7888184,2709.8149414,23.026123000000094,3.89811105790194,3.8973320910282734,0.0007789668736659,0.2309371075434836,10,0.7644665158210218,0.7643804497646388,8.606605638280528e-05,0.000329692205558,0.1052881921127716,0.1052783607426945,9.83137007709578e-06,3.7921523087014464e-05,0.1880001487615642,0.1879790204710217,2.112829054252696e-05,8.096218545372569e-05,BT2,"(20.0, 25.0]",0.253287353000001,"(0.25, 0.3]",0.6595250640425039,0.6594177354468478,0.00010732859565609765,0.0777900565852497,0.07778256965394342,7.4869313062830845e-06,0.15690468201345062,0.1568863731692409,1.8308844209724562e-05,0.6140753155815005,0.0004783443287739224
521,2426.556660039761,10090.999999999998,3117.6217719582046,3159.0847117106714,41.46293975246681,2687.3151855,2710.2050781,22.889892599999712,3.89811105790194,3.8973320910282734,0.0007789668736659,0.2309371075434836,10,0.7644665158210218,0.7643804497646388,8.606605638280528e-05,0.000329692205558,0.1052881921127716,0.1052783607426945,9.83137007709578e-06,3.7921523087014464e-05,0.1880001487615642,0.1879790204710217,2.112829054252696e-05,8.096218545372569e-05,BT2,"(20.0, 25.0]",0.2517888185999968,"(0.25, 0.3]",0.6595250640425039,0.6594177354468478,0.00010732859565609765,0.0777900565852497,0.07778256965394342,7.4869313062830845e-06,0.15690468201345062,0.1568863731692409,1.8308844209724562e-05,0.6140753155815005,0.0004783443287739224
522,2427.558648111332,10090.999999999998,3123.28105589132,3163.489960607328,40.20890471600842,2688.0229492,2710.3945312,22.371582000000217,3.89811105790194,3.896424319737489,0.0016867381644511,0.2953015772235464,10,0.7644665158210218,0.7643224961136047,0.000144019707417,0.0005327342438102,0.1052881921127716,0.1052721215623753,1.6070550396296567e-05,6.0002481908516536e-05,0.1880001487615642,0.1879647937301693,3.5355031394923576e-05,0.0001308113645633,BT2,"(20.0, 25.0]",0.2460874020000023,"(0.2, 0.25]",0.6595250640425039,0.6593454704659328,0.00017959357657104658,0.0777900565852497,0.07777781832274933,1.2238262500380293e-05,0.15690468201345062,0.1568740449922165,3.0637021234125594e-05,0.6140753155815005,0.0010357842706386702
523,2428.5606361829027,10090.999999999998,3124.6888380988903,3163.6910555955587,39.00221749666844,2688.8120117,2710.5056152,21.693603500000336,3.5588333908251206,3.557586503430087,0.0012468873950335,0.2872470097990227,9,0.7661406729367477,0.766010344765944,0.0001303281708035,0.0004351650416759,0.1052372334889529,0.1052238037682807,1.3429720672247174e-05,4.635886874249096e-05,0.1884111590194253,0.1883791900334278,3.196898599746836e-05,0.0001067963434517,BT2,"(20.0, 25.0]",0.2386296385000036,"(0.2, 0.25]",0.6616149640325427,0.6614521249919487,0.00016283904059399834,0.0777512502812663,0.0777410233954388,1.0226885827496757e-05,0.15726087671925917,0.1572331692287317,2.7707490527467682e-05,0.6139614697675561,0.000765540817689407
524,2429.562624254473,10090.999999999998,3126.329174414997,3163.840440547403,37.51126613240604,2689.7307129,2710.5881348,20.857421899999736,3.5588333908251206,3.557586503430087,0.0012468873950335,0.2872470097990227,9,0.7661406729367477,0.766010344765944,0.0001303281708035,0.0004351650416759,0.1052372334889529,0.1052238037682807,1.3429720672247174e-05,4.635886874249096e-05,0.1884111590194253,0.1883791900334278,3.196898599746836e-05,0.0001067963434517,BT2,"(20.0, 25.0]",0.2294316408999971,"(0.2, 0.25]",0.6616149640325427,0.6614521249919487,0.00016283904059399834,0.0777512502812663,0.0777410233954388,1.0226885827496757e-05,0.15726087671925917,0.1572331692287317,2.7707490527467682e-05,0.6139614697675561,0.000765540817689407
525,2430.5646123260435,10090.999999999998,3128.087338200737,3163.9655171984764,35.87817899773927,2690.715332,2710.6572266,19.94189459999961,3.2177001531365117,3.216718819721456,0.000981333415055,0.276065093974547,8,0.7681446316136777,0.7680100695270256,0.0001345620866523,0.0003841443715634,0.1051443748128733,0.1051314734876842,1.2901325189121349e-05,3.826132404716187e-05,0.1889030555768176,0.1888700678991276,3.2987677689971795e-05,9.4219498514736e-05,BT2,"(15.0, 20.0]",0.2193608405999957,"(0.2, 0.25]",0.6641219392645252,0.6639534167657232,0.0001685224988020595,0.07768053897727922,0.07767071500171023,9.823975568992727e-06,0.1576872485109438,0.15765865239651428,2.8596114429513264e-05,0.6138239653542561,0.0006023659681636941
526,2431.5666003976144,10090.999999999998,3133.7963543142205,3167.5894960006813,33.793141686460785,2692.3930664,2711.3425293,18.94946290000007,3.2177001531365117,3.21589302613564,0.001807127000871,0.3550794045811415,8,0.7681446316136777,0.7679314215479788,0.0002132100656989,0.0005543432384997,0.1051443748128733,0.105123597287094,2.0777525779266948e-05,5.462870112626917e-05,0.1889030555768176,0.1888507743385628,5.2281238254764384e-05,0.0001359620040624,BT2,"(15.0, 20.0]",0.2084440919000008,"(0.2, 0.25]",0.6641219392645252,0.6638549320887333,0.00026700717579197786,0.07768053897727922,0.0776647175454973,1.5821431781928852e-05,0.1576872485109438,0.15764192751535458,4.532099558920977e-05,0.6138239653542561,0.0011092578615733814
527,2432.5685884691848,10090.999999999998,3136.8460936121064,3169.810094671059,32.96400105895236,2694.1135254,2712.5786133,18.46508790000007,3.2177001531365117,3.2160537412646173,0.0016464118718939,0.3413215761865495,8,0.7681446316136777,0.7679462153205926,0.0001984162930852,0.0005236441386584,0.1051443748128733,0.1051250916282789,1.9283184594418024e-05,5.1681939172931735e-05,0.1889030555768176,0.1888544037991305,4.865177768709206e-05,0.0001284328298137,BT2,"(15.0, 20.0]",0.2031159669000008,"(0.2, 0.25]",0.6641219392645252,0.6638734564755403,0.00024848278898492726,0.07768053897727922,0.0776658554328614,1.4683544417817829e-05,0.1576872485109438,0.15764507375177614,4.217475916765134e-05,0.6138239653542561,0.0010106070638122371
528,2433.570576540756,10090.999999999998,3139.6002332916064,3170.8248622604037,31.22462896879688,2695.6655273,2713.1433105,17.477783199999976,3.2177001531365117,3.2160537412646173,0.0016464118718939,0.3413215761865495,8,0.7681446316136777,0.7679462153205926,0.0001984162930852,0.0005236441386584,0.1051443748128733,0.1051250916282789,1.9283184594418024e-05,5.1681939172931735e-05,0.1889030555768176,0.1888544037991305,4.865177768709206e-05,0.0001284328298137,BT2,"(15.0, 20.0]",0.1922556151999997,"(0.15, 0.2]",0.6641219392645252,0.6638734564755403,0.00024848278898492726,0.07768053897727922,0.0776658554328614,1.4683544417817829e-05,0.1576872485109438,0.15764507375177614,4.217475916765134e-05,0.6138239653542561,0.0010106070638122371
529,2434.572564612326,10090.999999999998,3142.28206356515,3174.476373065805,32.19430950065498,2697.1748047,2715.1730957,17.99829099999988,3.2177001531365117,3.216205618634919,0.0014945345015924,0.3275329864400462,8,0.7681446316136777,0.7679603435246333,0.0001842880890445,0.0004951856665542,0.1051443748128733,0.1051265087037987,1.7866109074601844e-05,4.897511295942625e-05,0.1889030555768176,0.1888578697267816,4.518585003594755e-05,0.0001214537535314,BT2,"(15.0, 20.0]",0.1979812009999987,"(0.15, 0.2]",0.6641219392645252,0.663891147753077,0.00023079151144822507,0.07768053897727922,0.07766693448610208,1.360449117714102e-05,0.1576872485109438,0.15764807823229612,3.9170278647665535e-05,0.6138239653542561,0.0009173810941261938
530,2435.5745526838964,10090.999999999998,3147.89014911669,3181.495631628153,33.60548251146338,2698.4824219,2717.4399414,18.95751949999976,3.5588333908251206,3.555802596647529,0.0030307941775911,0.4115959386074809,9,0.7661406729367477,0.7658891185319602,0.0002515544047873,0.0007648103681794,0.1052372334889529,0.1052112456447393,2.598784421359301e-05,7.98084968822721e-05,0.1884111590194253,0.1883494421152827,6.171690414263292e-05,0.0001876820855013,BT2,"(15.0, 20.0]",0.2085327144999973,"(0.2, 0.25]",0.6616149640325427,0.6613006806269264,0.0003142834056163446,0.0777512502812663,0.07773146031333505,1.9789967931241326e-05,0.15726087671925917,0.15720738705980059,5.3489659458588745e-05,0.6139614697675561,0.0018607908478367832
531,2436.5765407554672,10090.999999999998,3149.7391890323265,3183.944359279802,34.20517024747551,2699.5317383,2718.8117676,19.280029300000024,3.2177001531365117,3.2153033111118807,0.0023968420246305,0.4016959525242052,8,0.7681446316136777,0.7678774987807768,0.0002671328329009,0.0006680996636706,0.1051443748128733,0.1051180998015842,2.627501128905918e-05,6.560727369497865e-05,0.1889030555768176,0.1888375438046244,6.551177219320248e-05,0.0001638632058708,BT2,"(15.0, 20.0]",0.2120803223000003,"(0.2, 0.25]",0.6641219392645252,0.6637874140770104,0.00033452518751486693,0.07768053897727922,0.07766053141545376,2.0007561825463593e-05,0.1576872485109438,0.15763045852595656,5.67899849872322e-05,0.6138239653542561,0.001471239075886417
532,2437.5785288270376,10090.999999999998,3151.4860036192194,3184.7692686335354,33.28326501431593,2700.5229492,2719.2731934,18.7502442,3.5588333908251206,3.556031134506282,0.0028022563188385,0.3975961799380351,9,0.7661406729367477,0.7659041904894623,0.0002364824472851,0.0007274089462461,0.1052372334889529,0.1052128169944487,2.441649450426711e-05,7.605426231116486e-05,0.1884111590194253,0.1883531409062697,5.801811315560753e-05,0.0001785054673235,BT2,"(15.0, 20.0]",0.2062526861999999,"(0.2, 0.25]",0.6616149640325427,0.661319508413785,0.00029545561875776727,0.0777512502812663,0.07773265690118861,1.8593380077688848e-05,0.15726087671925917,0.15721059274120527,5.028397805389995e-05,0.6139614697675561,0.0017204774081795065
533,2438.5805168986085,10090.999999999998,3153.1735780629188,3185.3105386558245,32.13696059290578,2701.4794922,2719.5759277,18.096435500000094,3.2177001531365117,3.215489881469567,0.0022102716669443,0.3874934624867789,8,0.7681446316136777,0.7678944435773529,0.0002501880363248,0.0006346287408428,0.1051443748128733,0.1051198302323819,2.454458049137853e-05,6.240329460149852e-05,0.1889030555768176,0.1888417014670171,6.135410980044609e-05,0.0001556542532616,BT2,"(15.0, 20.0]",0.199060790500001,"(0.15, 0.2]",0.6641219392645252,0.663808630611828,0.0003133086526971862,0.07768053897727922,0.07766184907247581,1.8689904803415036e-05,0.1576872485109438,0.1576340626206956,5.318589024819187e-05,0.6138239653542561,0.0013567177191139118
534,2439.582504970179,10090.999999999998,3157.4494153743613,3188.1147754249555,30.665360050594245,2702.4833984,2719.9160156,17.43261719999964,3.2177001531365117,3.2143211462717867,0.0033790068647245,0.4704727577028329,8,0.7681446316136777,0.7677901697257592,0.0003544618879186,0.0008370020940706,0.1051443748128733,0.1051091193717324,3.5255441140844e-05,8.175986831837623e-05,0.1889030555768176,0.1888161147130636,8.694086375396481e-05,0.000205287833131,BT2,"(15.0, 20.0]",0.191758789199996,"(0.15, 0.2]",0.6641219392645252,0.6636780762571137,0.00044386300741150464,0.07768053897727922,0.0776536931821792,2.684579510002505e-05,0.1576872485109438,0.15761188268543264,7.536582551115334e-05,0.6138239653542561,0.002074115392664445
535,2440.5844930417493,10090.999999999998,3159.9237423978384,3189.0169819112302,29.09323951339184,2703.8984375,2720.425293,16.526855499999783,3.2177001531365117,3.2143211462717867,0.0033790068647245,0.4704727577028329,8,0.7681446316136777,0.7677901697257592,0.0003544618879186,0.0008370020940706,0.1051443748128733,0.1051091193717324,3.5255441140844e-05,8.175986831837623e-05,0.1889030555768176,0.1888161147130636,8.694086375396481e-05,0.000205287833131,BT2,"(15.0, 20.0]",0.1817954104999976,"(0.15, 0.2]",0.6641219392645252,0.6636780762571137,0.00044386300741150464,0.07768053897727922,0.0776536931821792,2.684579510002505e-05,0.1576872485109438,0.15761188268543264,7.536582551115334e-05,0.6138239653542561,0.002074115392664445
536,2441.58648111332,10090.999999999998,3162.509682411171,3190.125060752209,27.61537834103774,2705.375,2721.0507812,15.675781200000074,2.874815649022407,2.87051745167072,0.0042981973516869,0.4608123651419507,7,0.7707926826713427,0.7702548707854461,0.0005378118858966,0.0010911498386931,0.1050105268837218,0.10495466235564,5.586452808181708e-05,0.0001062509696776,0.1895530240754094,0.1894210484124885,0.0001319756629208,0.0002676316867721,BT2,"(15.0, 20.0]",0.1724335932000008,"(0.15, 0.2]",0.6674436964894362,0.6667682241901861,0.000675472299250135,0.07757862135661209,0.07753608603648987,4.2535320122216724e-05,0.1582507668112051,0.158136332725912,0.0001144340852931025,0.6136417276603392,0.002637553248714244
537,2442.5884691848905,10090.999999999998,3164.9711916097945,3197.724665727255,32.75347411746043,2706.779541,2725.3337402,18.554199200000312,3.2177001531365117,3.21475336172355,0.0029467914129606,0.4412587933835619,8,0.7681446316136777,0.767828244309818,0.0003163873038597,0.0007666453526316,0.1051443748128733,0.1051130426473802,3.133216549304485e-05,7.507058078093376e-05,0.1889030555768176,0.1888254577823181,7.759779449949267e-05,0.0001880330245441,BT2,"(15.0, 20.0]",0.2040961912000034,"(0.2, 0.25]",0.6641219392645252,0.6637257450687563,0.00039619419576897297,0.07768053897727922,0.07765668059312955,2.3858384149672007e-05,0.1576872485109438,0.1576199817192456,6.72667916981895e-05,0.6138239653542561,0.0018088111901753466
538,2443.5904572564614,10090.999999999998,3171.415843312944,3203.516907178137,32.10106386519328,2708.0617676,2726.3752441,18.31347649999998,3.2177001531365117,3.2136613991520075,0.0040387539845037,0.5122555249959275,8,0.7681446316136777,0.7677325818676277,0.00041204974605,0.0009462148442316,0.1051443748128733,0.1051031457772382,4.122903563509584e-05,9.22201011938073e-05,0.1889030555768176,0.1888019823305386,0.0001010732462789,0.000232073867641,BT2,"(15.0, 20.0]",0.2014482414999997,"(0.2, 0.25]",0.6641219392645252,0.6636059811447222,0.0005159581198029839,0.07768053897727922,0.07764914455198982,3.139442528940495e-05,0.1576872485109438,0.15759963209695949,8.761641398430386e-05,0.6138239653542561,0.002479083985858363
539,2444.592445328032,10090.999999999998,3173.302356484468,3204.751165504868,31.44880902039995,2709.1445312,2727.0744629,17.929931699999997,3.2177001531365117,3.2138987395781413,0.0038014135583699,0.4975288056023211,8,0.7681446316136777,0.7677532817974193,0.0003913498162585,0.0009086243206363,0.1051443748128733,0.1051052962773925,3.9078535480754906e-05,8.8638349324488e-05,0.1889030555768176,0.1888070622903954,9.599328642216633e-05,0.0002228546016956,BT2,"(15.0, 20.0]",0.1972292486999999,"(0.15, 0.2]",0.6641219392645252,0.6636318951423458,0.000490044122179456,0.07768053897727922,0.07765078206170327,2.9756915575954168e-05,0.1576872485109438,0.1576040356278421,8.321288310170205e-05,0.6138239653542561,0.0023333987443500447
540,2445.594433399602,10090.999999999998,3176.171504589207,3205.040524301293,28.8690197120859,2710.7902832,2727.2382812,16.447998000000098,2.874815649022407,2.8699567385458384,0.0048589104765683,0.4881770736820337,7,0.7707926826713427,0.7701927618263654,0.0005999208449775,0.0011967485198933,0.1050105268837218,0.1049478679487733,6.265893494853245e-05,0.0001166962934281,0.1895530240754094,0.1894057982000144,0.000147225875395,0.000293539198344,BT2,"(15.0, 20.0]",0.1809279780000011,"(0.15, 0.2]",0.6674436964894362,0.6666902449474938,0.0007534515419423959,0.07757862135661209,0.07753091286138944,4.7708495222648084e-05,0.1582507668112051,0.1581231098958413,0.00012765691536378854,0.6136417276603392,0.0029816302193882934
541,2446.596421471173,10090.999999999998,3178.3476657288816,3205.040524301293,26.692858572411296,2712.0366211,2727.2382812,15.201660100000026,2.874815649022407,2.8699567385458384,0.0048589104765683,0.4881770736820337,7,0.7707926826713427,0.7701927618263654,0.0005999208449775,0.0011967485198933,0.1050105268837218,0.1049478679487733,6.265893494853245e-05,0.0001166962934281,0.1895530240754094,0.1894057982000144,0.000147225875395,0.000293539198344,BT2,"(15.0, 20.0]",0.1672182611000003,"(0.15, 0.2]",0.6674436964894362,0.6666902449474938,0.0007534515419423959,0.07757862135661209,0.07753091286138944,4.7708495222648084e-05,0.1582507668112051,0.1581231098958413,0.00012765691536378854,0.6136417276603392,0.0029816302193882934
542,2447.5984095427434,10090.999999999998,3184.258767498037,3210.9925201884303,26.73375269039343,2713.1350098,2728.4538574,15.318847600000026,2.533677941915254,2.5239180902444605,0.0097598516707937,0.5485507702053422,6,0.7748377994602471,0.7736477221232329,0.0011900773370142,0.0025855186815275,0.1048819880391615,0.1047507529918789,0.0001312350472826,0.0002657997954543,0.1905460968255919,0.1902538683455249,0.000292228480067,0.000634527512736,BT2,"(15.0, 20.0]",0.1685073236000002,"(0.15, 0.2]",0.6725378697961287,0.6710366517592,0.0015012180369287087,0.07748075379884296,0.07738084096824885,9.991283059411493e-05,0.15911204248711533,0.15885856133063772,0.0002534811564776085,0.613365624129641,0.005986357511469097
543,2448.6003976143143,10090.999999999998,3186.3164768118927,3212.118165273616,25.801688461723188,2714.3198242,2729.095459,14.775634800000262,2.874815649022407,2.8689005707187354,0.0059150783036714,0.5364660750669339,7,0.7707926826713427,0.7700765948908737,0.0007160877804691,0.001386182282126,0.1050105268837218,0.1049351007839192,7.542609980260018e-05,0.0001354208665217,0.1895530240754094,0.1893772731945344,0.0001757508808751,0.0003400148620559,BT2,"(10.0, 15.0]",0.1625319828000029,"(0.15, 0.2]",0.6674436964894362,0.6665444098621172,0.0008992866273190847,0.07757862135661209,0.07752119215971127,5.742919690081283e-05,0.1582507668112051,0.15809837726102352,0.00015238955018156974,0.6136417276603392,0.0036297388695111068
544,2449.6023856858847,10090.999999999998,3188.1785912525684,3213.2883787722226,25.10978751965422,2715.3918457,2729.7614746,14.369628899999952,2.533677941915254,2.52446935180859,0.009208590106664,0.5329942493451413,6,0.7748377994602471,0.7737103904377198,0.0011274090225272,0.0024610454283181,0.1048819880391615,0.1047579281292705,0.000124059909891,0.000252620630732,0.1905460968255919,0.1902692633729119,0.00027683345268,0.0006039696665135,BT2,"(10.0, 15.0]",0.1580659178999994,"(0.15, 0.2]",0.6725378697961287,0.6711156522149642,0.0014222175811645643,0.07748075379884296,0.07738630339878431,9.44504000586488e-05,0.15911204248711533,0.15887191433849726,0.00024012814861806842,0.613365624129641,0.0056482326181280015
545,2450.604373757455,10090.999999999998,3190.6410770678617,3214.2998756795723,23.65879861171061,2716.807373,2730.3371582,13.529785199999878,2.533677941915254,2.52446935180859,0.009208590106664,0.5329942493451413,6,0.7748377994602471,0.7737103904377198,0.0011274090225272,0.0024610454283181,0.1048819880391615,0.1047579281292705,0.000124059909891,0.000252620630732,0.1905460968255919,0.1902692633729119,0.00027683345268,0.0006039696665135,BT2,"(10.0, 15.0]",0.1488276371999986,"(0.1, 0.15]",0.6725378697961287,0.6711156522149642,0.0014222175811645643,0.07748075379884296,0.07738630339878431,9.44504000586488e-05,0.15911204248711533,0.15887191433849726,0.00024012814861806842,0.613365624129641,0.0056482326181280015
546,2451.606361829026,10090.999999999998,3192.8523689080625,3217.197449888101,24.345080980038347,2717.6945801,2731.7436523,14.049072199999957,2.533677941915254,2.5215686000817352,0.0121093418335189,0.6122545912039034,6,0.7748377994602471,0.7733817147339551,0.0014560847262919,0.0031121459801837,0.1048819880391615,0.1047202254465822,0.0001617625925793,0.0003216932077859,0.1905460968255919,0.1901885195754666,0.0003575772501253,0.0007638164591049,BT2,"(10.0, 15.0]",0.1545397941999995,"(0.15, 0.2]",0.6725378697961287,0.6707013841112571,0.0018364856848716027,0.07748075379884296,0.07735760061038886,0.0001231531884541004,0.15911204248711533,0.15880188145212945,0.00031016103498587855,0.613365624129641,0.007427454011515492
